L,N,nmax,filling,fixed_W,observable,U_at_maximum,maximum_value
8,4,5,0.5,0.1,onsite_pair_density,1.0,0.283915915554402
8,4,5,0.5,0.1,onsite_pair_variance,1.0,2.5988213121876
8,4,5,0.5,0.1,charge_fluctuation,1.0,0.528854410751444
8,4,5,0.5,0.1,fock_entropy_normalized,1.0,0.8489383437821559
8,4,5,0.5,0.1,pr_normalized,1.0,0.28571141849922194
8,4,5,0.5,0.1,Nres_mean_l1.0,1.0,3.103030303030001
8,4,5,0.5,0.1,Nres_mean_l2.0,1.0,5.13939393939
8,4,5,0.5,0.1,fres_l1.0,1.0,0.533333333333
8,4,5,0.5,0.1,fres_l2.0,1.0,0.8833333333330001
8,5,5,0.625,0.1,onsite_pair_density,1.0,0.48970210333812403
8,5,5,0.625,0.1,onsite_pair_variance,1.0,4.671099855870819
8,5,5,0.625,0.1,charge_fluctuation,1.0,0.718552253876386
8,5,5,0.625,0.1,fock_entropy_normalized,1.0,0.868054316387658
8,5,5,0.625,0.1,pr_normalized,1.0,0.27010265895687796
8,5,5,0.625,0.1,Nres_mean_l1.0,1.0,3.2323232323199993
8,5,5,0.625,0.1,Nres_mean_l2.0,1.0,5.53535353535
8,5,5,0.625,0.1,fres_l1.0,1.0,0.484848484848
8,5,5,0.625,0.1,fres_l2.0,1.0,0.830303030303
8,6,5,0.75,0.1,onsite_pair_density,1.0,0.7317963124294801
8,6,5,0.75,0.1,onsite_pair_variance,1.0,7.19163215065348
8,6,5,0.75,0.1,charge_fluctuation,1.0,0.9134766527910699
8,6,5,0.75,0.1,fock_entropy_normalized,1.0,0.8796154562912579
8,6,5,0.75,0.1,pr_normalized,1.0,0.258160197149788
8,6,5,0.75,0.1,Nres_mean_l1.0,1.0,3.3536299765800006
8,6,5,0.75,0.1,Nres_mean_l2.0,1.0,5.84543325527
8,6,5,0.75,0.1,fres_l1.0,1.0,0.45316455696200014
8,6,5,0.75,0.1,fres_l2.0,1.0,0.7898734177219999
8,7,5,0.875,0.1,onsite_pair_density,1.0,1.02522871501342
8,7,5,0.875,0.1,onsite_pair_variance,1.0,10.293812711621397
8,7,5,0.875,0.1,charge_fluctuation,1.0,1.1298855323901997
8,7,5,0.875,0.1,fock_entropy_normalized,1.0,0.889672782256798
8,7,5,0.875,0.1,pr_normalized,1.0,0.257124093854206
8,7,5,0.875,0.1,Nres_mean_l1.0,1.0,3.4590819477446404
8,7,5,0.875,0.1,Nres_mean_l2.0,1.0,6.118764845610001
8,7,5,0.875,0.1,fres_l1.0,1.0,0.4298327922078461
8,7,5,0.875,0.1,fres_l2.0,1.0,0.7603305785120001
8,4,5,0.5,0.25,onsite_pair_density,1.0,0.28376591597691797
8,4,5,0.5,0.25,onsite_pair_variance,1.0,2.6843228515583397
8,4,5,0.5,0.25,charge_fluctuation,1.0,0.52634413230153
8,4,5,0.5,0.25,fock_entropy_normalized,1.0,0.8526432204063
8,4,5,0.5,0.25,pr_normalized,1.0,0.28447702146912796
8,4,5,0.5,0.25,Nres_mean_l1.0,1.0,3.102424242424001
8,4,5,0.5,0.25,Nres_mean_l2.0,1.0,5.13939393939
8,4,5,0.5,0.25,fres_l1.0,1.0,0.5332291666663961
8,4,5,0.5,0.25,fres_l2.0,1.0,0.8833333333330001
8,5,5,0.625,0.25,onsite_pair_density,1.0,0.48947690707720404
8,5,5,0.625,0.25,onsite_pair_variance,1.0,4.743360891300941
8,5,5,0.625,0.25,charge_fluctuation,1.0,0.717864040358744
8,5,5,0.625,0.25,fock_entropy_normalized,1.0,0.8708367469312479
8,5,5,0.625,0.25,pr_normalized,1.0,0.27369433555118405
8,5,5,0.625,0.25,Nres_mean_l1.0,1.0,3.231050505047399
8,5,5,0.625,0.25,Nres_mean_l2.0,1.0,5.53535353535
8,5,5,0.625,0.25,fres_l1.0,1.0,0.48465757575714813
8,5,5,0.625,0.25,fres_l2.0,1.0,0.830303030303
8,6,5,0.75,0.25,onsite_pair_density,1.0,0.731777904585176
8,6,5,0.75,0.25,onsite_pair_variance,1.0,7.2586916267186
8,6,5,0.75,0.25,charge_fluctuation,1.0,0.913418237554888
8,6,5,0.75,0.25,fock_entropy_normalized,1.0,0.8817103113355019
8,6,5,0.75,0.25,pr_normalized,1.0,0.263395632877174
8,6,5,0.75,0.25,Nres_mean_l1.0,1.0,3.3521053864162607
8,6,5,0.75,0.25,Nres_mean_l2.0,1.0,5.84428571428466
8,6,5,0.75,0.25,fres_l1.0,1.0,0.4529585443037802
8,6,5,0.75,0.25,fres_l2.0,1.0,0.7897183544303599
8,7,5,0.875,0.25,onsite_pair_density,1.0,1.02533550000164
8,7,5,0.875,0.25,onsite_pair_variance,1.0,10.3703966584296
8,7,5,0.875,0.25,charge_fluctuation,1.0,1.1300699334586202
8,7,5,0.875,0.25,fock_entropy_normalized,1.0,0.890278075548992
8,7,5,0.875,0.25,pr_normalized,1.0,0.25890935235422796
8,7,5,0.875,0.25,Nres_mean_l1.0,1.0,3.45875653206694
8,7,5,0.875,0.25,Nres_mean_l2.0,1.0,6.11515914489558
8,7,5,0.875,0.25,fres_l1.0,1.0,0.42979235537189603
8,7,5,0.875,0.25,fres_l2.0,1.0,0.7598825265640521
8,4,5,0.5,0.5,onsite_pair_density,1.0,0.284377288432292
8,4,5,0.5,0.5,onsite_pair_variance,1.0,2.8113048125279603
8,4,5,0.5,0.5,charge_fluctuation,1.0,0.5263097068300819
8,4,5,0.5,0.5,fock_entropy_normalized,1.0,0.855909549037382
8,4,5,0.5,0.5,pr_normalized,1.0,0.287113760856338
8,4,5,0.5,0.5,Nres_mean_l1.0,1.0,3.2677212121203603
8,4,5,0.5,0.5,Nres_mean_l2.0,1.0,5.17223030302962
8,4,5,0.5,0.5,fres_l1.0,1.0,0.561639583333332
8,4,5,0.5,0.5,fres_l2.0,1.0,0.8889770833330001
8,5,5,0.625,0.5,onsite_pair_density,1.0,0.489032057751828
8,5,5,0.625,0.5,onsite_pair_variance,1.0,4.82883413491262
8,5,5,0.625,0.5,charge_fluctuation,1.0,0.717106393872766
8,5,5,0.625,0.5,fock_entropy_normalized,1.0,0.8717820590563861
8,5,5,0.625,0.5,pr_normalized,1.0,0.27527425676919
8,5,5,0.625,0.5,Nres_mean_l1.0,1.0,3.3870202020198197
8,5,5,0.625,0.5,Nres_mean_l2.0,1.0,5.5944646464617
8,5,5,0.625,0.5,fres_l1.0,1.0,0.508053030303014
8,5,5,0.625,0.5,fres_l2.0,1.0,0.8391696969698139
8,6,5,0.75,0.5,onsite_pair_density,1.0,0.7326075304252401
8,6,5,0.75,0.5,onsite_pair_variance,1.0,7.39981203578332
8,6,5,0.75,0.5,charge_fluctuation,1.0,0.914033475639054
8,6,5,0.75,0.5,fock_entropy_normalized,1.0,0.881943211639138
8,6,5,0.75,0.5,pr_normalized,1.0,0.26429431824989597
8,6,5,0.75,0.5,Nres_mean_l1.0,1.0,3.5054004683844395
8,6,5,0.75,0.5,Nres_mean_l2.0,1.0,5.92883138173296
8,6,5,0.75,0.5,fres_l1.0,1.0,0.47367278481020403
8,6,5,0.75,0.5,fres_l2.0,1.0,0.8011427215189719
8,7,5,0.875,0.5,onsite_pair_density,1.0,1.02569731448142
8,7,5,0.875,0.5,onsite_pair_variance,1.0,10.525558472830198
8,7,5,0.875,0.5,charge_fluctuation,1.0,1.1301348833526
8,7,5,0.875,0.5,fock_entropy_normalized,1.0,0.890168045955224
8,7,5,0.875,0.5,pr_normalized,1.0,0.258540009786334
8,7,5,0.875,0.5,Nres_mean_l1.0,1.0,3.57428147268424
8,7,5,0.875,0.5,Nres_mean_l2.0,1.0,6.20375534441762
8,7,5,0.875,0.5,fres_l1.0,1.0,0.444147727272734
8,7,5,0.875,0.5,fres_l2.0,1.0,0.770891676505148
8,4,5,0.5,0.75,onsite_pair_density,1.0,0.285952865304986
8,4,5,0.5,0.75,onsite_pair_variance,1.0,2.9161385578771797
8,4,5,0.5,0.75,charge_fluctuation,1.0,0.5279046380514201
8,4,5,0.5,0.75,fock_entropy_normalized,1.0,0.8565918743201021
8,4,5,0.5,0.75,pr_normalized,1.0,0.28794669802502804
8,4,5,0.5,0.75,Nres_mean_l1.0,1.0,3.14932121212062
8,4,5,0.5,0.75,Nres_mean_l2.0,1.0,5.05612121212106
8,4,5,0.5,0.75,fres_l1.0,1.0,0.541289583333328
8,4,5,0.5,0.75,fres_l2.0,1.0,0.8690208333330001
8,5,5,0.625,0.75,onsite_pair_density,1.0,0.48881412995108
8,5,5,0.625,0.75,onsite_pair_variance,1.0,4.94447644365572
8,5,5,0.625,0.75,charge_fluctuation,1.0,0.716130525274982
8,5,5,0.625,0.75,fock_entropy_normalized,1.0,0.871174920316674
8,5,5,0.625,0.75,pr_normalized,1.0,0.273468455727024
8,5,5,0.625,0.75,Nres_mean_l1.0,1.0,3.3138686868688803
8,5,5,0.625,0.75,Nres_mean_l2.0,1.0,5.493353535353161
8,5,5,0.625,0.75,fres_l1.0,1.0,0.497080303030314
8,5,5,0.625,0.75,fres_l2.0,1.0,0.824003030303084
8,6,5,0.75,0.75,onsite_pair_density,1.0,0.733812180639534
8,6,5,0.75,0.75,onsite_pair_variance,1.0,7.61301173385308
8,6,5,0.75,0.75,charge_fluctuation,1.0,0.9146309447527119
8,6,5,0.75,0.75,fock_entropy_normalized,1.0,0.8812088753866639
8,6,5,0.75,0.75,pr_normalized,1.0,0.26233955055910996
8,6,5,0.75,0.75,Nres_mean_l1.0,1.0,3.41641686182694
8,6,5,0.75,0.75,Nres_mean_l2.0,1.0,5.81394145199068
8,6,5,0.75,0.75,fres_l1.0,1.0,0.461648734177246
8,6,5,0.75,0.75,fres_l2.0,1.0,0.7856180379747181
8,7,5,0.875,0.75,onsite_pair_density,1.0,1.0261449387503798
8,7,5,0.875,0.75,onsite_pair_variance,1.0,10.7489227868838
8,7,5,0.875,0.75,charge_fluctuation,1.0,1.12985140693344
8,7,5,0.875,0.75,fock_entropy_normalized,1.0,0.889539681735498
8,7,5,0.875,0.75,pr_normalized,1.0,0.256562986821464
8,7,5,0.875,0.75,Nres_mean_l1.0,1.0,3.54418408551078
8,7,5,0.875,0.75,Nres_mean_l2.0,1.0,6.1078693586692
8,7,5,0.875,0.75,fres_l1.0,1.0,0.440407762691868
8,7,5,0.875,0.75,fres_l2.0,1.0,0.758976682408486
8,4,5,0.5,1.0,onsite_pair_density,1.0,0.2875579899723533
8,4,5,0.5,1.0,onsite_pair_variance,1.0,3.0216246879812663
8,4,5,0.5,1.0,charge_fluctuation,1.0,0.5289211934394067
8,4,5,0.5,1.0,fock_entropy_normalized,1.0,0.8557562205453333
8,4,5,0.5,1.0,pr_normalized,1.0,0.2860174208149467
8,4,5,0.5,1.0,Nres_mean_l1.0,1.0,2.9016161616164
8,4,5,0.5,1.0,Nres_mean_l2.0,1.0,4.949454545454467
8,4,5,0.5,1.0,fres_l1.0,1.0,0.49871527777777336
8,4,5,0.5,1.0,fres_l2.0,1.0,0.8506874999996666
8,5,5,0.625,1.0,onsite_pair_density,1.0,0.48888151051838674
8,5,5,0.625,1.0,onsite_pair_variance,1.0,5.1098183643523996
8,5,5,0.625,1.0,charge_fluctuation,1.0,0.7149780037442733
8,5,5,0.625,1.0,fock_entropy_normalized,1.0,0.8696432408161666
8,5,5,0.625,1.0,pr_normalized,1.0,0.2693175210393
8,5,5,0.625,1.0,Nres_mean_l1.0,1.0,3.0925757575761335
8,5,5,0.625,1.0,Nres_mean_l2.0,1.0,5.370336700337133
8,5,5,0.625,1.0,fres_l1.0,1.0,0.46388636363638674
8,5,5,0.625,1.0,fres_l2.0,1.0,0.8055505050505133
8,6,5,0.75,1.0,onsite_pair_density,1.0,0.7351789063226067
8,6,5,0.75,1.0,onsite_pair_variance,1.0,7.8827978065924675
8,6,5,0.75,1.0,charge_fluctuation,1.0,0.9150799555577733
8,6,5,0.75,1.0,fock_entropy_normalized,1.0,0.87992021907604
8,6,5,0.75,1.0,pr_normalized,1.0,0.25869347787855335
8,6,5,0.75,1.0,Nres_mean_l1.0,1.0,3.2495784543326
8,6,5,0.75,1.0,Nres_mean_l2.0,1.0,5.7023653395788
8,6,5,0.75,1.0,fres_l1.0,1.0,0.43910443037973335
8,6,5,0.75,1.0,fres_l2.0,1.0,0.77054113924054
8,7,5,0.875,1.0,onsite_pair_density,1.0,1.0267410677434665
8,7,5,0.875,1.0,onsite_pair_variance,1.0,11.046536210568666
8,7,5,0.875,1.0,charge_fluctuation,1.0,1.1292348703883333
8,7,5,0.875,1.0,fock_entropy_normalized,1.0,0.8883802993261134
8,7,5,0.875,1.0,pr_normalized,1.0,0.25301593513419335
8,7,5,0.875,1.0,Nres_mean_l1.0,1.0,3.392656373713067
8,7,5,0.875,1.0,Nres_mean_l2.0,1.0,6.020926365795
8,7,5,0.875,1.0,fres_l1.0,1.0,0.4215786107831467
8,7,5,0.875,1.0,fres_l2.0,1.0,0.7481729634002333
8,4,5,0.5,2.0,onsite_pair_density,1.0,0.2906740823002334
8,4,5,0.5,2.0,onsite_pair_variance,1.0,3.486515865342666
8,4,5,0.5,2.0,charge_fluctuation,1.0,0.51933651411358
8,4,5,0.5,2.0,fock_entropy_normalized,1.0,0.8352070213812733
8,4,5,0.5,2.0,pr_normalized,1.0,0.24374744475714
8,4,5,0.5,2.0,Nres_mean_l1.0,1.0,2.265252525253
8,4,5,0.5,2.0,Nres_mean_l2.0,1.0,4.012202020202
8,4,5,0.5,2.0,fres_l1.0,1.0,0.38934027777779334
8,4,5,0.5,2.0,fres_l2.0,1.0,0.6895972222222201
8,5,5,0.625,2.0,onsite_pair_density,1.0,0.49226078803482665
8,5,5,0.625,2.0,onsite_pair_variance,1.0,6.130263866258
8,5,5,0.625,2.0,charge_fluctuation,1.0,0.7061015408223666
8,5,5,0.625,2.0,fock_entropy_normalized,1.0,0.8530795582945601
8,5,5,0.625,2.0,pr_normalized,1.0,0.23128202530114
8,5,5,0.625,2.0,Nres_mean_l1.0,1.0,2.453703703703667
8,5,5,0.625,2.0,Nres_mean_l2.0,1.0,4.473973063972734
8,5,5,0.625,2.0,fres_l1.0,1.0,0.36805555555554
8,5,5,0.625,2.0,fres_l2.0,1.0,0.6710959595959535
8,6,5,0.75,2.0,onsite_pair_density,1.0,0.7410904450068866
8,6,5,0.75,2.0,onsite_pair_variance,1.0,9.336897172633
8,6,5,0.75,2.0,charge_fluctuation,1.0,0.9107643115662066
8,6,5,0.75,2.0,fock_entropy_normalized,1.0,0.8676565121905734
8,6,5,0.75,2.0,pr_normalized,1.0,0.22684573871437333
8,6,5,0.75,2.0,Nres_mean_l1.0,1.0,2.7003747072599333
8,6,5,0.75,2.0,Nres_mean_l2.0,1.0,4.916588602654333
8,6,5,0.75,2.0,fres_l1.0,1.0,0.36489240506326
8,6,5,0.75,2.0,fres_l2.0,1.0,0.6643618143459933
8,7,5,0.875,2.0,onsite_pair_density,1.0,1.033064727794533
8,7,5,0.875,2.0,onsite_pair_variance,1.0,13.07480067279
8,7,5,0.875,2.0,charge_fluctuation,1.0,1.1254779735481335
8,7,5,0.875,2.0,fock_entropy_normalized,1.0,0.8780232192208598
8,7,5,0.875,2.0,pr_normalized,1.0,0.22422206784646004
8,7,5,0.875,2.0,Nres_mean_l1.0,1.0,2.892280285035733
8,7,5,0.875,2.0,Nres_mean_l2.0,1.0,5.285142517814732
8,7,5,0.875,2.0,fres_l1.0,1.0,0.35940082644630666
8,7,5,0.875,2.0,fres_l2.0,1.0,0.6567429161747134
8,4,5,0.5,3.0,onsite_pair_density,1.0,0.2915205950959933
8,4,5,0.5,3.0,onsite_pair_variance,1.0,3.9213685811634
8,4,5,0.5,3.0,charge_fluctuation,1.0,0.4840518158808801
8,4,5,0.5,3.0,fock_entropy_normalized,1.0,0.7789434102006267
8,4,5,0.5,3.0,pr_normalized,1.0,0.16989336305587932
8,4,5,0.5,3.0,Nres_mean_l1.0,1.0,1.7882020202023667
8,4,5,0.5,3.0,Nres_mean_l2.0,1.0,3.2694141414143996
8,4,5,0.5,3.0,fres_l1.0,1.0,0.3073472222222334
8,4,5,0.5,3.0,fres_l2.0,1.0,0.5619305555555799
8,5,5,0.625,3.0,onsite_pair_density,1.0,0.49241165294529327
8,5,5,0.625,3.0,onsite_pair_variance,1.0,7.028443854944668
8,5,5,0.625,3.0,charge_fluctuation,1.0,0.6682554295637667
8,5,5,0.625,3.0,fock_entropy_normalized,1.0,0.8079844592348199
8,5,5,0.625,3.0,pr_normalized,1.0,0.16422477718569667
8,5,5,0.625,3.0,Nres_mean_l1.0,1.0,2.001447811447733
8,5,5,0.625,3.0,Nres_mean_l2.0,1.0,3.7680303030301334
8,5,5,0.625,3.0,fres_l1.0,1.0,0.30021717171714
8,5,5,0.625,3.0,fres_l2.0,1.0,0.5652045454545334
8,6,5,0.75,3.0,onsite_pair_density,1.0,0.7440943310481333
8,6,5,0.75,3.0,onsite_pair_variance,1.0,11.0814232712988
8,6,5,0.75,3.0,charge_fluctuation,1.0,0.8790942977446135
8,6,5,0.75,3.0,fock_entropy_normalized,1.0,0.8328213605589199
8,6,5,0.75,3.0,pr_normalized,1.0,0.1665552438799867
8,6,5,0.75,3.0,Nres_mean_l1.0,1.0,2.3138641686183328
8,6,5,0.75,3.0,Nres_mean_l2.0,1.0,4.283996877439733
8,6,5,0.75,3.0,fres_l1.0,1.0,0.3126645569620134
8,6,5,0.75,3.0,fres_l2.0,1.0,0.5788818565400867
8,7,5,0.875,3.0,onsite_pair_density,1.0,1.0376113735850667
8,7,5,0.875,3.0,onsite_pair_variance,1.0,15.295470692105336
8,7,5,0.875,3.0,charge_fluctuation,1.0,1.0998107167390534
8,7,5,0.875,3.0,fock_entropy_normalized,1.0,0.8515644955285999
8,7,5,0.875,3.0,pr_normalized,1.0,0.172097814817534
8,7,5,0.875,3.0,Nres_mean_l1.0,1.0,2.5156611243070666
8,7,5,0.875,3.0,Nres_mean_l2.0,1.0,4.617790973871734
8,7,5,0.875,3.0,fres_l1.0,1.0,0.31260133805589335
8,7,5,0.875,3.0,fres_l2.0,1.0,0.5738164108618666
8,4,5,0.5,4.0,onsite_pair_density,1.0,0.28563398258615336
8,4,5,0.5,4.0,onsite_pair_variance,1.0,3.8803313561888673
8,4,5,0.5,4.0,charge_fluctuation,1.0,0.4196245622329467
8,4,5,0.5,4.0,fock_entropy_normalized,1.0,0.6887043069195666
8,4,5,0.5,4.0,pr_normalized,1.0,0.10408222798963067
8,4,5,0.5,4.0,Nres_mean_l1.0,1.0,1.43737373737378
8,4,5,0.5,4.0,Nres_mean_l2.0,1.0,2.7496161616160664
8,4,5,0.5,4.0,fres_l1.0,1.0,0.247048611111102
8,4,5,0.5,4.0,fres_l2.0,1.0,0.47259027777779994
8,5,5,0.625,4.0,onsite_pair_density,1.0,0.48830479527990006
8,5,5,0.625,4.0,onsite_pair_variance,1.0,7.337066476185467
8,5,5,0.625,4.0,charge_fluctuation,1.0,0.6039370386338734
8,5,5,0.625,4.0,fock_entropy_normalized,1.0,0.73762921947564
8,5,5,0.625,4.0,pr_normalized,1.0,0.105788438542038
8,5,5,0.625,4.0,Nres_mean_l1.0,1.0,1.7459595959599532
8,5,5,0.625,4.0,Nres_mean_l2.0,1.0,3.2783838383837334
8,5,5,0.625,4.0,fres_l1.0,1.0,0.26189393939393335
8,5,5,0.625,4.0,fres_l2.0,1.0,0.49175757575759993
8,6,5,0.75,4.0,onsite_pair_density,1.0,0.74106103322946
8,6,5,0.75,4.0,onsite_pair_variance,1.0,11.8831426891292
8,6,5,0.75,4.0,charge_fluctuation,1.0,0.8029851138600334
8,6,5,0.75,4.0,fock_entropy_normalized,1.0,0.76739147172378
8,6,5,0.75,4.0,pr_normalized,1.0,0.103403170523328
8,6,5,0.75,4.0,Nres_mean_l1.0,1.0,1.927049180328106
8,6,5,0.75,4.0,Nres_mean_l2.0,1.0,3.6736143637785985
8,6,5,0.75,4.0,fres_l1.0,1.0,0.2603955696202267
8,6,5,0.75,4.0,fres_l2.0,1.0,0.4964029535865201
8,7,5,0.875,4.0,onsite_pair_density,1.0,1.03248574541112
8,7,5,0.875,4.0,onsite_pair_variance,1.0,16.297628948394
8,7,5,0.875,4.0,charge_fluctuation,1.0,1.0335058654884335
8,7,5,0.875,4.0,fock_entropy_normalized,1.0,0.80505107358708
8,7,5,0.875,4.0,pr_normalized,1.0,0.1173533726349233
8,7,5,0.875,4.0,Nres_mean_l1.0,1.0,2.1448099762472665
8,7,5,0.875,4.0,Nres_mean_l2.0,1.0,4.070609659541201
8,7,5,0.875,4.0,fres_l1.0,1.0,0.26651859504134
8,7,5,0.875,4.0,fres_l2.0,1.0,0.5058225108224933
8,4,5,0.5,5.0,onsite_pair_density,1.0,0.2841172270182599
8,4,5,0.5,5.0,onsite_pair_variance,1.0,3.6864444496261997
8,4,5,0.5,5.0,charge_fluctuation,1.0,0.37249730820922
8,4,5,0.5,5.0,fock_entropy_normalized,1.0,0.6205399540955201
8,4,5,0.5,5.0,pr_normalized,1.0,0.07458628659238933
8,4,5,0.5,5.0,Nres_mean_l1.0,1.0,1.2431111111109467
8,4,5,0.5,5.0,Nres_mean_l2.0,1.0,2.3807676767679333
8,4,5,0.5,5.0,fres_l1.0,1.0,0.21365972222218602
8,4,5,0.5,5.0,fres_l2.0,1.0,0.4091944444444533
8,5,5,0.625,5.0,onsite_pair_density,1.0,0.48588222391113994
8,5,5,0.625,5.0,onsite_pair_variance,1.0,7.203138607309267
8,5,5,0.625,5.0,charge_fluctuation,1.0,0.54694655217292
8,5,5,0.625,5.0,fock_entropy_normalized,1.0,0.6765000583774999
8,5,5,0.625,5.0,pr_normalized,1.0,0.07395493837592866
8,5,5,0.625,5.0,Nres_mean_l1.0,1.0,1.5541919191918268
8,5,5,0.625,5.0,Nres_mean_l2.0,1.0,2.963131313131333
8,5,5,0.625,5.0,fres_l1.0,1.0,0.23312878787871602
8,5,5,0.625,5.0,fres_l2.0,1.0,0.4444696969697
8,6,5,0.75,5.0,onsite_pair_density,1.0,0.73601267775712
8,6,5,0.75,5.0,onsite_pair_variance,1.0,11.486842451385133
8,6,5,0.75,5.0,charge_fluctuation,1.0,0.7073169407576533
8,6,5,0.75,5.0,fock_entropy_normalized,1.0,0.69001630283794
8,6,5,0.75,5.0,pr_normalized,1.0,0.0662588187560128
8,6,5,0.75,5.0,Nres_mean_l1.0,1.0,1.6542466822793467
8,6,5,0.75,5.0,Nres_mean_l2.0,1.0,3.1995940671351333
8,6,5,0.75,5.0,fres_l1.0,1.0,0.22353270042191667
8,6,5,0.75,5.0,fres_l2.0,1.0,0.43235021097048665
8,7,5,0.875,5.0,onsite_pair_density,1.0,1.0271235847899265
8,7,5,0.875,5.0,onsite_pair_variance,1.0,16.315032663826003
8,7,5,0.875,5.0,charge_fluctuation,1.0,0.9074703065537665
8,7,5,0.875,5.0,fock_entropy_normalized,1.0,0.7192799820283132
8,7,5,0.875,5.0,pr_normalized,1.0,0.06533309276178426
8,7,5,0.875,5.0,Nres_mean_l1.0,1.0,1.8295249406177003
8,7,5,0.875,5.0,Nres_mean_l2.0,1.0,3.511488519398801
8,7,5,0.875,5.0,fres_l1.0,1.0,0.227340613931546
8,7,5,0.875,5.0,fres_l2.0,1.0,0.43634494293582
8,4,5,0.5,6.0,onsite_pair_density,2.0,0.28143126195681994
8,4,5,0.5,6.0,onsite_pair_variance,1.0,3.4128833909023992
8,4,5,0.5,6.0,charge_fluctuation,1.0,0.332299509751
8,4,5,0.5,6.0,fock_entropy_normalized,1.0,0.56057767627502
8,4,5,0.5,6.0,pr_normalized,1.0,0.05564401760046134
8,4,5,0.5,6.0,Nres_mean_l1.0,1.0,1.1275151515149602
8,4,5,0.5,6.0,Nres_mean_l2.0,1.0,2.1852929292928733
8,4,5,0.5,6.0,fres_l1.0,1.0,0.1937916666666747
8,4,5,0.5,6.0,fres_l2.0,1.0,0.37559722222224207
8,5,5,0.625,6.0,onsite_pair_density,2.0,0.48127672326379334
8,5,5,0.625,6.0,onsite_pair_variance,1.0,6.4315638347676005
8,5,5,0.625,6.0,charge_fluctuation,2.0,0.44932177374448673
8,5,5,0.625,6.0,fock_entropy_normalized,1.0,0.5709555089794333
8,5,5,0.625,6.0,pr_normalized,1.0,0.04067608044065346
8,5,5,0.625,6.0,Nres_mean_l1.0,1.0,1.2571212121210797
8,5,5,0.625,6.0,Nres_mean_l2.0,1.0,2.4574074074071532
8,5,5,0.625,6.0,fres_l1.0,1.0,0.18856818181816
8,5,5,0.625,6.0,fres_l2.0,1.0,0.36861111111114003
8,6,5,0.75,6.0,onsite_pair_density,2.0,0.7314204101380334
8,6,5,0.75,6.0,onsite_pair_variance,1.0,10.821480194467535
8,6,5,0.75,6.0,charge_fluctuation,1.0,0.6323934608706933
8,6,5,0.75,6.0,fock_entropy_normalized,1.0,0.6302250472416067
8,6,5,0.75,6.0,pr_normalized,1.0,0.046917057552107864
8,6,5,0.75,6.0,Nres_mean_l1.0,1.0,1.5047775175645268
8,6,5,0.75,6.0,Nres_mean_l2.0,1.0,2.872630757220927
8,6,5,0.75,6.0,fres_l1.0,1.0,0.20333544303793
8,6,5,0.75,6.0,fres_l2.0,1.0,0.388168776371242
8,7,5,0.875,6.0,onsite_pair_density,2.0,1.026647314913573
8,7,5,0.875,6.0,onsite_pair_variance,1.0,15.654736364412669
8,7,5,0.875,6.0,charge_fluctuation,1.0,0.8302074510893733
8,7,5,0.875,6.0,fock_entropy_normalized,1.0,0.67120431131964
8,7,5,0.875,6.0,pr_normalized,1.0,0.046831931095710336
8,7,5,0.875,6.0,Nres_mean_l1.0,1.0,1.6822723673794069
8,7,5,0.875,6.0,Nres_mean_l2.0,1.0,3.218923198733333
8,7,5,0.875,6.0,fres_l1.0,1.0,0.2090426997245253
8,7,5,0.875,6.0,fres_l2.0,1.0,0.3999901613538
8,4,5,0.5,7.0,onsite_pair_density,2.0,0.2814061816829867
8,4,5,0.5,7.0,onsite_pair_variance,1.0,3.0061354357564674
8,4,5,0.5,7.0,charge_fluctuation,1.0,0.27700842120751334
8,4,5,0.5,7.0,fock_entropy_normalized,1.0,0.48143213315044664
8,4,5,0.5,7.0,pr_normalized,1.0,0.035365577871568
8,4,5,0.5,7.0,Nres_mean_l1.0,1.0,0.9253737373737001
8,4,5,0.5,7.0,Nres_mean_l2.0,1.0,1.816969696969887
8,4,5,0.5,7.0,fres_l1.0,1.0,0.15904861111111
8,4,5,0.5,7.0,fres_l2.0,1.0,0.312291666666678
8,5,5,0.625,7.0,onsite_pair_density,2.0,0.48208826615400663
8,5,5,0.625,7.0,onsite_pair_variance,1.0,5.828791500858733
8,5,5,0.625,7.0,charge_fluctuation,2.0,0.4103456457382133
8,5,5,0.625,7.0,fock_entropy_normalized,2.0,0.5204782827228267
8,5,5,0.625,7.0,pr_normalized,1.0,0.029902184080271135
8,5,5,0.625,7.0,Nres_mean_l1.0,1.0,1.0867340067342133
8,5,5,0.625,7.0,Nres_mean_l2.0,1.0,2.1248989898988526
8,5,5,0.625,7.0,fres_l1.0,1.0,0.163010101010068
8,5,5,0.625,7.0,fres_l2.0,1.0,0.3187348484848953
8,6,5,0.75,7.0,onsite_pair_density,2.0,0.7332665451798266
8,6,5,0.75,7.0,onsite_pair_variance,1.0,10.454500733067535
8,6,5,0.75,7.0,charge_fluctuation,1.0,0.5864126430425066
8,6,5,0.75,7.0,fock_entropy_normalized,1.0,0.5877424214402134
8,6,5,0.75,7.0,pr_normalized,1.0,0.0351261325752668
8,6,5,0.75,7.0,Nres_mean_l1.0,1.0,1.4585948477749333
8,6,5,0.75,7.0,Nres_mean_l2.0,1.0,2.7947072599532663
8,6,5,0.75,7.0,fres_l1.0,1.0,0.19709493670886535
8,6,5,0.75,7.0,fres_l2.0,1.0,0.37763924050630665
8,7,5,0.875,7.0,onsite_pair_density,2.0,1.0245606523548398
8,7,5,0.875,7.0,onsite_pair_variance,1.0,14.348883655923068
8,7,5,0.875,7.0,charge_fluctuation,1.0,0.7050305549561467
8,7,5,0.875,7.0,fock_entropy_normalized,1.0,0.5892650065293801
8,7,5,0.875,7.0,pr_normalized,1.0,0.0286196616595896
8,7,5,0.875,7.0,Nres_mean_l1.0,1.0,1.4842003167063933
8,7,5,0.875,7.0,Nres_mean_l2.0,1.0,2.873487727632733
8,7,5,0.875,7.0,fres_l1.0,1.0,0.18442985045259136
8,7,5,0.875,7.0,fres_l2.0,1.0,0.3570656237701466
8,4,5,0.5,8.0,onsite_pair_density,3.0,0.2809527819802467
8,4,5,0.5,8.0,onsite_pair_variance,1.0,2.796388857810513
8,4,5,0.5,8.0,charge_fluctuation,1.0,0.25428475713841536
8,4,5,0.5,8.0,fock_entropy_normalized,1.0,0.44424415902732656
8,4,5,0.5,8.0,pr_normalized,1.0,0.030033878010695732
8,4,5,0.5,8.0,Nres_mean_l1.0,1.0,0.8832727272725734
8,4,5,0.5,8.0,Nres_mean_l2.0,1.0,1.6897373737371133
8,4,5,0.5,8.0,fres_l1.0,1.0,0.15181249999996402
8,4,5,0.5,8.0,fres_l2.0,1.0,0.2904236111111
8,5,5,0.625,8.0,onsite_pair_density,3.0,0.48035719267694665
8,5,5,0.625,8.0,onsite_pair_variance,1.0,5.3803393929758
8,5,5,0.625,8.0,charge_fluctuation,1.0,0.3477121182838
8,5,5,0.625,8.0,fock_entropy_normalized,1.0,0.4669315695475933
8,5,5,0.625,8.0,pr_normalized,1.0,0.021986822333159465
8,5,5,0.625,8.0,Nres_mean_l1.0,1.0,1.0301010101013133
8,5,5,0.625,8.0,Nres_mean_l2.0,1.0,2.0255387205385667
8,5,5,0.625,8.0,fres_l1.0,1.0,0.15451515151514003
8,5,5,0.625,8.0,fres_l2.0,1.0,0.3038308080807954
8,6,5,0.75,8.0,onsite_pair_density,2.0,0.7292020781053332
8,6,5,0.75,8.0,onsite_pair_variance,1.0,9.225621044173268
8,6,5,0.75,8.0,charge_fluctuation,1.0,0.4835084500616199
8,6,5,0.75,8.0,fock_entropy_normalized,1.0,0.5097942797170867
8,6,5,0.75,8.0,pr_normalized,1.0,0.02108932205040433
8,6,5,0.75,8.0,Nres_mean_l1.0,1.0,1.223208430913313
8,6,5,0.75,8.0,Nres_mean_l2.0,1.0,2.3854176424669533
8,6,5,0.75,8.0,fres_l1.0,1.0,0.16528797468356932
8,6,5,0.75,8.0,fres_l2.0,1.0,0.32233333333332
8,7,5,0.875,8.0,onsite_pair_density,3.0,1.0239067542971667
8,7,5,0.875,8.0,onsite_pair_variance,1.0,12.9262487573304
8,7,5,0.875,8.0,charge_fluctuation,1.0,0.6047408887014334
8,7,5,0.875,8.0,fock_entropy_normalized,1.0,0.5230598959746666
8,7,5,0.875,8.0,pr_normalized,1.0,0.016833299710955735
8,7,5,0.875,8.0,Nres_mean_l1.0,1.0,1.31543547110048
8,7,5,0.875,8.0,Nres_mean_l2.0,1.0,2.5816904196361867
8,7,5,0.875,8.0,fres_l1.0,1.0,0.16345877607238735
8,7,5,0.875,8.0,fres_l2.0,1.0,0.32080627705633336
8,4,5,0.5,9.0,onsite_pair_density,2.0,0.28054800125036
8,4,5,0.5,9.0,onsite_pair_variance,1.0,2.526755350248533
8,4,5,0.5,9.0,charge_fluctuation,2.0,0.22738235341784
8,4,5,0.5,9.0,fock_entropy_normalized,1.0,0.40004609376584
8,4,5,0.5,9.0,pr_normalized,1.0,0.022858570240009334
8,4,5,0.5,9.0,Nres_mean_l1.0,1.0,0.7937373737372826
8,4,5,0.5,9.0,Nres_mean_l2.0,1.0,1.511797979797946
8,4,5,0.5,9.0,fres_l1.0,1.0,0.1364236111111391
8,4,5,0.5,9.0,fres_l2.0,1.0,0.25984027777775737
8,5,5,0.625,9.0,onsite_pair_density,3.0,0.47914828928159997
8,5,5,0.625,9.0,onsite_pair_variance,1.0,5.125415674925401
8,5,5,0.625,9.0,charge_fluctuation,1.0,0.3305447308487933
8,5,5,0.625,9.0,fock_entropy_normalized,1.0,0.44597815049994
8,5,5,0.625,9.0,pr_normalized,1.0,0.01935916556506773
8,5,5,0.625,9.0,Nres_mean_l1.0,1.0,1.0066498316498453
8,5,5,0.625,9.0,Nres_mean_l2.0,1.0,1.9604377104376136
8,5,5,0.625,9.0,fres_l1.0,1.0,0.15099747474745398
8,5,5,0.625,9.0,fres_l2.0,1.0,0.29406565656562267
8,6,5,0.75,9.0,onsite_pair_density,3.0,0.7315316911058467
8,6,5,0.75,9.0,onsite_pair_variance,1.0,8.256708022337667
8,6,5,0.75,9.0,charge_fluctuation,1.0,0.40557641106958003
8,6,5,0.75,9.0,fock_entropy_normalized,1.0,0.4406960448467066
8,6,5,0.75,9.0,pr_normalized,1.0,0.012873698192107198
8,6,5,0.75,9.0,Nres_mean_l1.0,1.0,1.0277985948475532
8,6,5,0.75,9.0,Nres_mean_l2.0,1.0,2.0421623731457066
8,6,5,0.75,9.0,fres_l1.0,1.0,0.138882911392402
8,6,5,0.75,9.0,fres_l2.0,1.0,0.27595042194095404
8,7,5,0.875,9.0,onsite_pair_density,3.0,1.0233152026955066
8,7,5,0.875,9.0,onsite_pair_variance,1.0,12.242298397503
8,7,5,0.875,9.0,charge_fluctuation,1.0,0.5370095943605133
8,7,5,0.875,9.0,fock_entropy_normalized,1.0,0.47967306598411996
8,7,5,0.875,9.0,pr_normalized,1.0,0.011771359479094799
8,7,5,0.875,9.0,Nres_mean_l1.0,1.0,1.2020467141724667
8,7,5,0.875,9.0,Nres_mean_l2.0,1.0,2.367304038004607
8,7,5,0.875,9.0,fres_l1.0,1.0,0.1493688508460953
8,7,5,0.875,9.0,fres_l2.0,1.0,0.2941661747343333
8,4,5,0.5,10.0,onsite_pair_density,3.0,0.28096593192526664
8,4,5,0.5,10.0,onsite_pair_variance,2.0,2.263001504571333
8,4,5,0.5,10.0,charge_fluctuation,2.0,0.20146693055374268
8,4,5,0.5,10.0,fock_entropy_normalized,2.0,0.36030625649534664
8,4,5,0.5,10.0,pr_normalized,1.0,0.01851693439345167
8,4,5,0.5,10.0,Nres_mean_l1.0,1.0,0.6875959595959446
8,4,5,0.5,10.0,Nres_mean_l2.0,1.0,1.3899797979795734
8,4,5,0.5,10.0,fres_l1.0,1.0,0.11818055555554267
8,4,5,0.5,10.0,fres_l2.0,1.0,0.23890277777781402
8,5,5,0.625,10.0,onsite_pair_density,3.0,0.47936385463235337
8,5,5,0.625,10.0,onsite_pair_variance,1.0,4.575779446177067
8,5,5,0.625,10.0,charge_fluctuation,1.0,0.27623976481880663
8,5,5,0.625,10.0,fock_entropy_normalized,1.0,0.3862176469750467
8,5,5,0.625,10.0,pr_normalized,1.0,0.012127682361626401
8,5,5,0.625,10.0,Nres_mean_l1.0,1.0,0.8293602693601798
8,5,5,0.625,10.0,Nres_mean_l2.0,1.0,1.6312626262623933
8,5,5,0.625,10.0,fres_l1.0,1.0,0.12440404040406666
8,5,5,0.625,10.0,fres_l2.0,1.0,0.24468939393942
8,6,5,0.75,10.0,onsite_pair_density,4.0,0.73075262786448
8,6,5,0.75,10.0,onsite_pair_variance,1.0,7.736648639061599
8,6,5,0.75,10.0,charge_fluctuation,1.0,0.38499130754647337
8,6,5,0.75,10.0,fock_entropy_normalized,1.0,0.42215519562194004
8,6,5,0.75,10.0,pr_normalized,1.0,0.012174434408536668
8,6,5,0.75,10.0,Nres_mean_l1.0,1.0,1.0156440281032202
8,6,5,0.75,10.0,Nres_mean_l2.0,1.0,1.9810538641685072
8,6,5,0.75,10.0,fres_l1.0,1.0,0.13724050632911933
8,6,5,0.75,10.0,fres_l2.0,1.0,0.2676930379747
8,7,5,0.875,10.0,onsite_pair_density,3.0,1.0237295053334867
8,7,5,0.875,10.0,onsite_pair_variance,1.0,11.441787567698935
8,7,5,0.875,10.0,charge_fluctuation,1.0,0.5064618447055199
8,7,5,0.875,10.0,fock_entropy_normalized,1.0,0.45506877502522664
8,7,5,0.875,10.0,pr_normalized,1.0,0.012735759775849034
8,7,5,0.875,10.0,Nres_mean_l1.0,1.0,1.1568606492477866
8,7,5,0.875,10.0,Nres_mean_l2.0,1.0,2.2772327790971265
8,7,5,0.875,10.0,fres_l1.0,1.0,0.14375393545849202
8,7,5,0.875,10.0,fres_l2.0,1.0,0.28297373081465327
