L,N,nmax,W_over_t,observable,U_peak,peak_value,curvature,grid_argmax,quality_flag,fit_method,U_peak_ci_low,U_peak_ci_high,bootstrap_valid,n_disorder
7,4,4,0.1,M_sum,nan,5.096524242039911,nan,0.005,boundary,local_polynomial_smoothing_then_quadratic,nan,nan,0,30
7,4,4,0.1,S2_sum,nan,3.533614589272703,nan,0.005,boundary,local_polynomial_smoothing_then_quadratic,nan,nan,0,30
7,4,4,0.1,Sstar,nan,1.4437367504887444,nan,0.005,boundary,local_polynomial_smoothing_then_quadratic,nan,nan,0,30
7,4,4,0.2,M_sum,nan,5.078951467854751,nan,0.01,boundary,local_polynomial_smoothing_then_quadratic,nan,nan,0,30
7,4,4,0.2,S2_sum,nan,3.5242939794628496,nan,0.01,boundary,local_polynomial_smoothing_then_quadratic,nan,nan,0,30
7,4,4,0.2,Sstar,0.013151426521405316,1.4413206151815001,-17.571225469524617,0.015,unstable_bootstrap,local_polynomial_smoothing_then_quadratic,0.011306796850668856,0.023835401480478413,113,30
7,4,4,0.30000000000000004,M_sum,nan,5.061219258929142,nan,0.01,boundary,local_polynomial_smoothing_then_quadratic,nan,nan,0,30
7,4,4,0.30000000000000004,S2_sum,nan,3.516578857311298,nan,0.01,boundary,local_polynomial_smoothing_then_quadratic,nan,nan,0,30
7,4,4,0.30000000000000004,Sstar,0.01704936278401868,1.439157020500537,-11.763296438492958,0.015,unstable_bootstrap,local_polynomial_smoothing_then_quadratic,0.013560884234090177,0.03903051010473393,105,30
7,4,4,0.4,M_sum,nan,5.025451840104758,nan,0.01,boundary,local_polynomial_smoothing_then_quadratic,nan,nan,0,30
7,4,4,0.4,S2_sum,nan,3.4978665233458184,nan,0.01,boundary,local_polynomial_smoothing_then_quadratic,nan,nan,0,30
7,4,4,0.4,Sstar,0.029488026679657164,1.435859164215726,-2.5450413338590825,0.03,unstable_bootstrap,local_polynomial_smoothing_then_quadratic,0.01489047983225293,0.050554383999541916,158,30
7,4,4,0.5,M_sum,nan,4.98917595713372,nan,0.01,boundary,local_polynomial_smoothing_then_quadratic,nan,nan,0,30
7,4,4,0.5,S2_sum,nan,3.480070440455907,nan,0.01,boundary,local_polynomial_smoothing_then_quadratic,nan,nan,0,30
7,4,4,0.5,Sstar,0.020660725936204823,1.4326504505526045,-8.165679707172393,0.015,ok,local_polynomial_smoothing_then_quadratic,0.014298004474699456,0.07048550385416569,174,30
7,4,4,0.6,M_sum,0.017172078568780887,4.940369018498357,-62.528909554573794,0.015,unstable_bootstrap,local_polynomial_smoothing_then_quadratic,0.011715211361500867,0.06087995236915858,150,30
7,4,4,0.6,S2_sum,0.017386545796807314,3.454602026408643,-42.95259183947369,0.015,unstable_bootstrap,local_polynomial_smoothing_then_quadratic,0.011912316975242034,0.062279398750809734,152,30
7,4,4,0.6,Sstar,0.06218113392090388,1.4286568588404711,-1.5022594666321738,0.06,ok,local_polynomial_smoothing_then_quadratic,0.014901218420053111,0.0831459476015146,184,30
7,4,4,0.7000000000000001,M_sum,0.018997198912359754,4.8877831180561255,-32.958301674388366,0.02,unstable_bootstrap,local_polynomial_smoothing_then_quadratic,0.01468228342674488,0.06124436368418685,152,30
7,4,4,0.7000000000000001,S2_sum,0.019475869019569426,3.427189951422116,-22.436860348237705,0.02,unstable_bootstrap,local_polynomial_smoothing_then_quadratic,0.014336024560775061,0.06202379676654368,155,30
7,4,4,0.7000000000000001,Sstar,nan,1.4245071093581032,0.15727501733935031,0.075,nonnegative_curvature,local_polynomial_smoothing_then_quadratic,nan,nan,0,30
7,4,4,0.8,M_sum,0.019247229744239196,4.832110418529158,-24.68215420982496,0.02,unstable_bootstrap,local_polynomial_smoothing_then_quadratic,0.014558661656759848,0.06742359284449671,135,30
7,4,4,0.8,S2_sum,0.019745306636671685,3.398108396751351,-16.598504580446658,0.02,unstable_bootstrap,local_polynomial_smoothing_then_quadratic,0.0142552246545679,0.06986614255344056,139,30
7,4,4,0.8,Sstar,0.08886459464257551,1.4201330115777753,-1.341938820296137,0.09,ok,local_polynomial_smoothing_then_quadratic,0.02665045321526042,0.1267962937884257,192,30
7,4,4,0.9,M_sum,0.024499469869964135,4.773050726791674,-18.845193912832322,0.025,unstable_bootstrap,local_polynomial_smoothing_then_quadratic,0.016548053316643507,0.0744783014499528,144,30
7,4,4,0.9,S2_sum,0.02542315544275078,3.3669911741954373,-12.587006030387256,0.025,unstable_bootstrap,local_polynomial_smoothing_then_quadratic,0.016475193657081232,0.08596749734210545,146,30
7,4,4,0.9,Sstar,0.10092031647141894,1.4155844975625633,-1.4327830838300888,0.105,ok,local_polynomial_smoothing_then_quadratic,0.036330273995827146,0.13961072358314935,197,30
7,4,4,1.0,M_sum,0.024876858855164788,4.711477037503118,-14.243167799374678,0.025,unstable_bootstrap,local_polynomial_smoothing_then_quadratic,0.016386339319647145,0.07546991307580007,150,30
7,4,4,1.0,S2_sum,0.026159750200322265,3.3341598475773973,-9.250387050230884,0.025,unstable_bootstrap,local_polynomial_smoothing_then_quadratic,0.016845240791805636,0.08012835710649334,151,30
7,4,4,1.0,Sstar,0.12875714892076764,1.4104017063955454,-2.299828700874837,0.135,ok,local_polynomial_smoothing_then_quadratic,0.043729692493852196,0.15096555968604344,196,30
7,4,4,1.1,M_sum,nan,4.646867755067983,nan,0.01,boundary,local_polynomial_smoothing_then_quadratic,nan,nan,0,30
7,4,4,1.1,S2_sum,0.031134615199419485,3.2992927436408572,-11.355609305042591,0.035,unstable_bootstrap,local_polynomial_smoothing_then_quadratic,0.018599584103792876,0.09551413929685913,133,30
7,4,4,1.1,Sstar,0.13412877059675632,1.4051320103450926,-2.441801723949505,0.13,ok,local_polynomial_smoothing_then_quadratic,0.06584109587630954,0.16759891328090193,199,30
7,4,4,1.2000000000000002,M_sum,0.0318044982963672,4.582864614298497,-14.929154676369441,0.035,ok,local_polynomial_smoothing_then_quadratic,0.016489923967805725,0.10179356647159879,178,30
7,4,4,1.2000000000000002,S2_sum,0.03304189458184518,3.2645425723551695,-9.774087587074165,0.035,ok,local_polynomial_smoothing_then_quadratic,0.016545490457798455,0.10650830439900401,179,30
7,4,4,1.2000000000000002,Sstar,0.13737395287466472,1.399348562338903,-3.764806215702651,0.14,ok,local_polynomial_smoothing_then_quadratic,0.07637456552591874,0.1841225934148189,200,30
7,4,4,1.3000000000000003,M_sum,0.04010776580089538,4.517330252588078,-18.60706281015535,0.04,ok,local_polynomial_smoothing_then_quadratic,0.013020262312167317,0.06584838138839633,180,30
7,4,4,1.3000000000000003,S2_sum,0.04142879698247534,3.2286681300679447,-12.7725057292044,0.04,ok,local_polynomial_smoothing_then_quadratic,0.013230640320354505,0.09378081731740702,179,30
7,4,4,1.3000000000000003,Sstar,0.14991904069729353,1.3934731363349102,-2.2901015883675346,0.15,ok,local_polynomial_smoothing_then_quadratic,0.09293911348576328,0.19265637291154614,200,30
7,4,4,1.4000000000000001,M_sum,0.041501622583220474,4.451393790043021,-19.888297583881457,0.045,ok,local_polynomial_smoothing_then_quadratic,0.012543461890234149,0.08424879107298719,183,30
7,4,4,1.4000000000000001,S2_sum,0.04272243693159306,3.1920740432510013,-13.759095164682458,0.045,ok,local_polynomial_smoothing_then_quadratic,0.01257023208679629,0.10236452629729866,184,30
7,4,4,1.4000000000000001,Sstar,0.1626109405025813,1.3871984243559543,-3.3602110042959143,0.16,ok,local_polynomial_smoothing_then_quadratic,0.11504668977572743,0.23453510717706344,200,30
7,4,4,1.5000000000000002,M_sum,0.045892309314197216,4.386539509445387,-32.98309399177721,0.05,ok,local_polynomial_smoothing_then_quadratic,0.012863326615099998,0.05599629776094522,195,30
7,4,4,1.5000000000000002,S2_sum,0.046662891373211515,3.1559776957246912,-23.247245217807933,0.05,ok,local_polynomial_smoothing_then_quadratic,0.012453048744129596,0.10926805443052076,196,30
7,4,4,1.5000000000000002,Sstar,0.17617041211790446,1.3811889928935095,-2.849927269624047,0.17500000000000002,ok,local_polynomial_smoothing_then_quadratic,0.12828941096051336,0.22857335079579688,200,30
7,4,4,1.6,M_sum,0.022935381464696432,4.321256292818013,-45.94229472197193,0.02,ok,local_polynomial_smoothing_then_quadratic,0.014621484969263101,0.08253018800025316,196,30
7,4,4,1.6,S2_sum,0.023043677230704624,3.1189646466706464,-33.299392849339476,0.02,ok,local_polynomial_smoothing_then_quadratic,0.01472640418076108,0.11861836338169365,197,30
7,4,4,1.6,Sstar,0.17896069206110365,1.374742451922203,-1.9096060408247062,0.18,ok,local_polynomial_smoothing_then_quadratic,0.141897126779747,0.23994254762053102,199,30
7,4,4,1.7000000000000002,M_sum,0.054836844914695045,4.2576644008044155,-37.55478214909087,0.06,ok,local_polynomial_smoothing_then_quadratic,0.01648853408590887,0.0632271765376326,197,30
7,4,4,1.7000000000000002,S2_sum,0.05563679366159398,3.083292419404117,-26.889209542132544,0.06,ok,local_polynomial_smoothing_then_quadratic,0.016487623998678758,0.07442853404633244,197,30
7,4,4,1.7000000000000002,Sstar,0.2366103024898442,1.3677798258319074,-3.847830864266398,0.24,ok,local_polynomial_smoothing_then_quadratic,0.1383208163254544,0.25001029678837516,199,30
7,4,4,1.8000000000000003,M_sum,0.05757853333952748,4.193521613640053,-30.604776782440307,0.06,ok,local_polynomial_smoothing_then_quadratic,0.014862619935738038,0.0671828619404589,194,30
7,4,4,1.8000000000000003,S2_sum,0.06002753801082325,3.04647642680712,-23.990936814525863,0.065,ok,local_polynomial_smoothing_then_quadratic,0.014085456175991898,0.06920918342495913,196,30
7,4,4,1.8000000000000003,Sstar,0.21832940419517646,1.3627872647009804,-5.723994500520672,0.22,ok,local_polynomial_smoothing_then_quadratic,0.1963479901710384,0.22881449232198342,199,30
7,4,4,1.9000000000000001,M_sum,0.059574824436143536,4.130856718269764,-32.31691407211348,0.065,ok,local_polynomial_smoothing_then_quadratic,0.01614039889770125,0.07315751597885169,198,30
7,4,4,1.9000000000000001,S2_sum,0.06043968534127224,3.0103672120261935,-22.982886848136566,0.065,ok,local_polynomial_smoothing_then_quadratic,0.016394956314377887,0.13484437735353802,198,30
7,4,4,1.9000000000000001,Sstar,0.22457853879133344,1.356154990954754,-2.3163211403134665,0.23,wide_ci,local_polynomial_smoothing_then_quadratic,0.14042757944398981,0.3451770270526352,199,30
7,4,4,2.0,M_sum,0.06346678887482696,4.06953525003612,-35.27382409177606,0.065,ok,local_polynomial_smoothing_then_quadratic,0.01641072824696333,0.07037141223698075,197,30
7,4,4,2.0,S2_sum,0.06423470964030577,2.9748587051725393,-25.384141652522253,0.065,ok,local_polynomial_smoothing_then_quadratic,0.01641128484110336,0.07141333062510874,198,30
7,4,4,2.0,Sstar,0.22999539891322243,1.3505545351326347,-3.252725870587066,0.225,wide_ci,local_polynomial_smoothing_then_quadratic,0.13392228662838984,0.4265024714470472,200,30
7,4,4,2.1,M_sum,0.028567781582540287,4.008423821997016,-25.551229950231793,0.03,ok,local_polynomial_smoothing_then_quadratic,0.01728651012962742,0.07399602789695374,198,30
7,4,4,2.1,S2_sum,0.06784331156702357,2.9392217242511456,-25.76417162190762,0.07,ok,local_polynomial_smoothing_then_quadratic,0.016825791163189014,0.07640730421282435,199,30
7,4,4,2.1,Sstar,0.27829184891782455,1.3466198094123272,-1.1558236965900777,0.28500000000000003,wide_ci,local_polynomial_smoothing_then_quadratic,0.17453883051695837,0.36876660133140987,200,30
7,4,4,2.2,M_sum,0.07020658682305621,3.949219259678544,-29.312842584298462,0.07,ok,local_polynomial_smoothing_then_quadratic,0.015774722733005328,0.07772444365626521,194,30
7,4,4,2.2,S2_sum,0.07190773457570471,2.9043260135688214,-25.22205588928702,0.075,ok,local_polynomial_smoothing_then_quadratic,0.0172969305048044,0.08040703833149344,196,30
7,4,4,2.2,Sstar,0.29523662594180466,1.3439052598305727,-1.9519166239053107,0.3,wide_ci,local_polynomial_smoothing_then_quadratic,0.18632331409975908,0.39911004492277496,200,30
7,4,4,2.3000000000000003,M_sum,0.07382362386909934,3.891006452931724,-33.746805035687686,0.075,ok,local_polynomial_smoothing_then_quadratic,0.020252773162178914,0.08174367142952371,197,30
7,4,4,2.3000000000000003,S2_sum,0.074674988259527,2.869751058577278,-24.234826196647223,0.075,ok,local_polynomial_smoothing_then_quadratic,0.020457732059157102,0.08703733168127796,197,30
7,4,4,2.3000000000000003,Sstar,0.33109772434953644,1.341256155744088,-2.857411602170265,0.335,wide_ci,local_polynomial_smoothing_then_quadratic,0.16199728634740673,0.4197284920246274,200,30
7,4,4,2.4000000000000004,M_sum,0.07544957804457364,3.8341171414998954,-33.92446101377847,0.075,ok,local_polynomial_smoothing_then_quadratic,0.02194350245992649,0.08290169070361336,197,30
7,4,4,2.4000000000000004,S2_sum,0.07621373543646857,2.835764427326525,-24.071471245741215,0.075,ok,local_polynomial_smoothing_then_quadratic,0.022119913349497533,0.08540386828758004,199,30
7,4,4,2.4000000000000004,Sstar,0.36126478633319264,1.3388250347600419,-2.6039767765823925,0.365,wide_ci,local_polynomial_smoothing_then_quadratic,0.09859400685595707,0.48953206820985873,200,30
7,4,4,2.5000000000000004,M_sum,0.07954386486602305,3.7779654026928955,-28.703252408717358,0.08,ok,local_polynomial_smoothing_then_quadratic,0.020948210167870393,0.08730802580478163,195,30
7,4,4,2.5000000000000004,S2_sum,0.08041114117112524,2.8021019255225657,-20.729053319665425,0.08,ok,local_polynomial_smoothing_then_quadratic,0.021270639774753648,0.08868867362789755,196,30
7,4,4,2.5000000000000004,Sstar,0.2693452510172409,1.3383932316396463,-3.5278489005623475,0.27,wide_ci,local_polynomial_smoothing_then_quadratic,0.09436377759670021,0.4671071032029579,200,30
7,5,5,0.1,M_sum,nan,5.808998744265525,nan,0.0,boundary,local_polynomial_smoothing_then_quadratic,nan,nan,0,30
7,5,5,0.1,S2_sum,nan,4.027776306275919,nan,0.0,boundary,local_polynomial_smoothing_then_quadratic,nan,nan,0,30
7,5,5,0.1,Sstar,nan,1.4965212894713336,nan,0.0,boundary,local_polynomial_smoothing_then_quadratic,nan,nan,0,30
7,5,5,0.2,M_sum,nan,5.797394777367282,nan,0.005,boundary,local_polynomial_smoothing_then_quadratic,nan,nan,0,30
7,5,5,0.2,S2_sum,nan,4.023537860047822,nan,0.005,boundary,local_polynomial_smoothing_then_quadratic,nan,nan,0,30
7,5,5,0.2,Sstar,nan,1.4952021362548682,nan,0.005,boundary,local_polynomial_smoothing_then_quadratic,nan,nan,0,30
7,5,5,0.30000000000000004,M_sum,nan,5.767802502633613,nan,0.01,boundary,local_polynomial_smoothing_then_quadratic,nan,nan,0,30
7,5,5,0.30000000000000004,S2_sum,nan,4.009165433775052,nan,0.01,boundary,local_polynomial_smoothing_then_quadratic,nan,nan,0,30
7,5,5,0.30000000000000004,Sstar,nan,1.4932117995774208,nan,0.01,boundary,local_polynomial_smoothing_then_quadratic,nan,nan,0,30
7,5,5,0.4,M_sum,0.011216398251601315,5.721394872026954,-119.91268517365845,0.015,unstable_bootstrap,local_polynomial_smoothing_then_quadratic,0.010615639304905822,0.01738321234462614,81,30
7,5,5,0.4,S2_sum,0.011349118543850878,3.9850850982203725,-82.58860319701274,0.015,unstable_bootstrap,local_polynomial_smoothing_then_quadratic,0.010106094727700155,0.017552373148892894,88,30
7,5,5,0.4,Sstar,nan,1.4905937434085483,nan,0.005,boundary,local_polynomial_smoothing_then_quadratic,nan,nan,0,30
7,5,5,0.5,M_sum,nan,5.669586350373994,nan,0.01,boundary,local_polynomial_smoothing_then_quadratic,nan,nan,0,30
7,5,5,0.5,S2_sum,nan,3.958903202935563,nan,0.01,boundary,local_polynomial_smoothing_then_quadratic,nan,nan,0,30
7,5,5,0.5,Sstar,nan,1.4878597110185938,nan,0.005,boundary,local_polynomial_smoothing_then_quadratic,nan,nan,0,30
7,5,5,0.6,M_sum,nan,5.6069310631703715,nan,0.01,boundary,local_polynomial_smoothing_then_quadratic,nan,nan,0,30
7,5,5,0.6,S2_sum,nan,3.926461472756681,nan,0.01,boundary,local_polynomial_smoothing_then_quadratic,nan,nan,0,30
7,5,5,0.6,Sstar,nan,1.4843563817450207,nan,0.01,boundary,local_polynomial_smoothing_then_quadratic,nan,nan,0,30
7,5,5,0.7000000000000001,M_sum,0.01724305335698446,5.537786729965767,-46.84839194957437,0.015,unstable_bootstrap,local_polynomial_smoothing_then_quadratic,0.01528581868611052,0.03666358908305763,104,30
7,5,5,0.7000000000000001,S2_sum,0.017730001649716495,3.8905206890616024,-31.943383117014864,0.015,unstable_bootstrap,local_polynomial_smoothing_then_quadratic,0.015118119032285302,0.037202247235055885,108,30
7,5,5,0.7000000000000001,Sstar,nan,1.4805086024479255,nan,0.01,boundary,local_polynomial_smoothing_then_quadratic,nan,nan,0,30
7,5,5,0.8,M_sum,0.016807524685048453,5.465307359575707,-59.789844157903865,0.015,unstable_bootstrap,local_polynomial_smoothing_then_quadratic,0.013973715473929485,0.04423847765813236,136,30
7,5,5,0.8,S2_sum,0.0171233132051976,3.852757941002901,-41.23247635845402,0.015,unstable_bootstrap,local_polynomial_smoothing_then_quadratic,0.014125350843156456,0.04465328892123206,137,30
7,5,5,0.8,Sstar,0.013848572148173055,1.4764742973341736,-7.887415836334817,0.015,unstable_bootstrap,local_polynomial_smoothing_then_quadratic,0.011366771734402974,0.04303429660131455,105,30
7,5,5,0.9,M_sum,0.01675186451216885,5.387322529426216,-69.56736110988066,0.015,unstable_bootstrap,local_polynomial_smoothing_then_quadratic,0.014004698482899942,0.049421562455933266,127,30
7,5,5,0.9,S2_sum,0.016945490876287654,3.811529820174772,-48.838748276285806,0.015,unstable_bootstrap,local_polynomial_smoothing_then_quadratic,0.014247015691714068,0.05002125699871617,128,30
7,5,5,0.9,Sstar,0.013808098666096977,1.4716401349277857,-8.69218512835025,0.015,unstable_bootstrap,local_polynomial_smoothing_then_quadratic,0.010932302809823758,0.04885596741301085,88,30
7,5,5,1.0,M_sum,0.020612082850050343,5.3063568603486955,-66.28937975370829,0.02,ok,local_polynomial_smoothing_then_quadratic,0.014269310372589876,0.054825109860810656,191,30
7,5,5,1.0,S2_sum,0.020835838505438273,3.7683167436643497,-46.38507284741976,0.02,ok,local_polynomial_smoothing_then_quadratic,0.014563102336442944,0.056315931461875385,191,30
7,5,5,1.0,Sstar,0.0184187020046826,1.466199296579797,-8.00929544915597,0.02,unstable_bootstrap,local_polynomial_smoothing_then_quadratic,0.012568317829991174,0.055843270255012435,158,30
7,5,5,1.1,M_sum,0.02243867459520011,5.221781222331143,-45.204168207072705,0.025,ok,local_polynomial_smoothing_then_quadratic,0.014524048412497435,0.06214088908590827,186,30
7,5,5,1.1,S2_sum,0.02276469447090572,3.7224748775638967,-31.40803421038587,0.025,ok,local_polynomial_smoothing_then_quadratic,0.014558706920286359,0.06295198832352018,186,30
7,5,5,1.1,Sstar,0.018181675621477635,1.4601642623487214,-3.1372824018927954,0.015,unstable_bootstrap,local_polynomial_smoothing_then_quadratic,0.011070533150787544,0.06708844641032127,142,30
7,5,5,1.2000000000000002,M_sum,0.02356069099932683,5.13686690434207,-42.64341205512554,0.025,ok,local_polynomial_smoothing_then_quadratic,0.01345858455255848,0.06329240042551249,190,30
7,5,5,1.2000000000000002,S2_sum,0.023869320867248068,3.6761649918307815,-30.047452010417295,0.025,ok,local_polynomial_smoothing_then_quadratic,0.013132607542380813,0.06619313613157403,192,30
7,5,5,1.2000000000000002,Sstar,0.02060301923699731,1.4540705021518545,-8.450224289629814,0.02,ok,local_polynomial_smoothing_then_quadratic,0.010961400969135419,0.07736729291346701,177,30
7,5,5,1.3000000000000003,M_sum,0.024422114133208526,5.053020239711807,-49.40828246823598,0.025,ok,local_polynomial_smoothing_then_quadratic,0.014718587948975079,0.06872051607382804,190,30
7,5,5,1.3000000000000003,S2_sum,0.024641051917354852,3.6303028455235906,-35.361424260439904,0.025,ok,local_polynomial_smoothing_then_quadratic,0.014821464997875842,0.07358311908779247,191,30
7,5,5,1.3000000000000003,Sstar,0.01988585984508455,1.4474925546430855,-8.816320411205917,0.02,ok,local_polynomial_smoothing_then_quadratic,0.011376409960514196,0.08778425816284194,190,30
7,5,5,1.4000000000000001,M_sum,0.025579788514632558,4.966469741681004,-35.729703491382324,0.025,ok,local_polynomial_smoothing_then_quadratic,0.012882447040075483,0.07558239846865954,194,30
7,5,5,1.4000000000000001,S2_sum,0.025834323812835982,3.5820724161470334,-25.524774817591844,0.025,ok,local_polynomial_smoothing_then_quadratic,0.012908377458828588,0.07937070623839657,195,30
7,5,5,1.4000000000000001,Sstar,0.021818171462001747,1.4400708301860514,-4.592336151386017,0.02,unstable_bootstrap,local_polynomial_smoothing_then_quadratic,0.014361487171481868,0.15965128815563484,137,30
7,5,5,1.5000000000000002,M_sum,0.02686792635289252,4.881398883618209,-38.55570319001255,0.025,ok,local_polynomial_smoothing_then_quadratic,0.0169551976847075,0.08285609240659206,197,30
7,5,5,1.5000000000000002,S2_sum,0.027034271090801185,3.534494557552698,-28.20396737408487,0.025,ok,local_polynomial_smoothing_then_quadratic,0.017125209756585234,0.08358035925798765,197,30
7,5,5,1.5000000000000002,Sstar,0.02074475292511668,1.4331454471104794,-11.486651457138906,0.02,wide_ci,local_polynomial_smoothing_then_quadratic,0.015334303230988895,0.17072374149971103,181,30
7,5,5,1.6,M_sum,0.02783536054336685,4.797389169197888,-37.976553723597654,0.025,ok,local_polynomial_smoothing_then_quadratic,0.018373436318930663,0.08258807936068871,197,30
7,5,5,1.6,S2_sum,0.02793714740465706,3.4871032711571437,-27.730642024119604,0.025,ok,local_polynomial_smoothing_then_quadratic,0.018399376968066674,0.08737484908167688,198,30
7,5,5,1.6,Sstar,0.10905048535813347,1.426569281110384,-6.410187748660871,0.11,wide_ci,local_polynomial_smoothing_then_quadratic,0.011213494583498091,0.24917571505881256,182,30
7,5,5,1.7000000000000002,M_sum,0.028979174941276355,4.713456717785187,-35.5966407725227,0.03,ok,local_polynomial_smoothing_then_quadratic,0.022509028702929368,0.0934975981135118,199,30
7,5,5,1.7000000000000002,S2_sum,0.029131686045499917,3.4392428882298782,-26.09286823571499,0.03,ok,local_polynomial_smoothing_then_quadratic,0.022545195199671134,0.09626799969318107,199,30
7,5,5,1.7000000000000002,Sstar,0.11556456222572904,1.4195070236923844,-4.256167390835106,0.12,unstable_bootstrap,local_polynomial_smoothing_then_quadratic,0.019035827471029224,0.32772936670938924,158,30
7,5,5,1.8000000000000003,M_sum,0.031156305823272862,4.631273668826934,-36.920083598560105,0.03,ok,local_polynomial_smoothing_then_quadratic,0.021926239265226972,0.05152668798865642,197,30
7,5,5,1.8000000000000003,S2_sum,0.03117182024338988,3.3921428118062558,-27.51316811553832,0.03,ok,local_polynomial_smoothing_then_quadratic,0.02187378579834302,0.08887737386403169,198,30
7,5,5,1.8000000000000003,Sstar,0.20073146091462174,1.4118739241077027,-2.020388943773097,0.2,unstable_bootstrap,local_polynomial_smoothing_then_quadratic,0.01752231972453333,0.34389573797537426,159,30
7,5,5,1.9000000000000001,M_sum,0.031652596454709046,4.550204208522655,-39.790186716405245,0.03,ok,local_polynomial_smoothing_then_quadratic,0.0240221224012889,0.09448385816070436,200,30
7,5,5,1.9000000000000001,S2_sum,0.031637032331345,3.345214189418869,-29.717249186301505,0.03,ok,local_polynomial_smoothing_then_quadratic,0.024266562349848912,0.10624759009271786,200,30
7,5,5,1.9000000000000001,Sstar,0.28701665368134,1.4074623825087913,-4.4336684098485835,0.29,unstable_bootstrap,local_polynomial_smoothing_then_quadratic,0.1114272037202026,0.38455352446002955,154,30
7,5,5,2.0,M_sum,0.03517040465473102,4.471064722055272,-35.95232237121059,0.035,ok,local_polynomial_smoothing_then_quadratic,0.027529884985400488,0.1039268840988907,198,30
7,5,5,2.0,S2_sum,0.03520801325614463,3.2991383841445736,-27.00625053494698,0.035,ok,local_polynomial_smoothing_then_quadratic,0.02747271985947717,0.10682925115821162,198,30
7,5,5,2.0,Sstar,0.2323503050245461,1.404376045674816,-4.868924823245776,0.23500000000000001,wide_ci,local_polynomial_smoothing_then_quadratic,0.12428510434835671,0.3981938308523828,186,30
7,5,5,2.1,M_sum,0.034413351529232715,4.391923450045361,-30.911002672495975,0.03,ok,local_polynomial_smoothing_then_quadratic,0.026872352950962835,0.1032293003812786,193,30
7,5,5,2.1,S2_sum,0.03451815529421255,3.252487724888666,-23.032313147323787,0.03,ok,local_polynomial_smoothing_then_quadratic,0.027013166829577637,0.11096434732089301,194,30
7,5,5,2.1,Sstar,0.1407009602851498,1.4021033813028658,-7.782952651012478,0.14,wide_ci,local_polynomial_smoothing_then_quadratic,0.13440538066465033,0.46038115488817044,191,30
7,5,5,2.2,M_sum,0.03606186959991123,4.31591313151669,-29.238916920194114,0.035,ok,local_polynomial_smoothing_then_quadratic,0.027951484603818046,0.07739205739346303,195,30
7,5,5,2.2,S2_sum,0.03613180472771276,3.2076171486326652,-22.443152417690236,0.035,ok,local_polynomial_smoothing_then_quadratic,0.02854127733044198,0.1165767802517033,196,30
7,5,5,2.2,Sstar,0.14899457394404228,1.3994483868043157,-6.438447913840383,0.15,wide_ci,local_polynomial_smoothing_then_quadratic,0.13833195196797904,0.4447216739948114,187,30
7,5,5,2.3000000000000003,M_sum,0.03693705690300246,4.241504703477325,-30.73486671707523,0.035,ok,local_polynomial_smoothing_then_quadratic,0.02800075782685971,0.06975017436041221,198,30
7,5,5,2.3000000000000003,S2_sum,0.036996770966273684,3.1633181536806525,-23.49756993793388,0.035,ok,local_polynomial_smoothing_then_quadratic,0.028339212218407683,0.06925811750333852,197,30
7,5,5,2.3000000000000003,Sstar,0.14990172955748368,1.3970344670932233,-2.2196538920194446,0.15,wide_ci,local_polynomial_smoothing_then_quadratic,0.13723877496003534,0.45238709657727055,173,30
7,5,5,2.4000000000000004,M_sum,0.040037001107696514,4.167762403187102,-22.122265489711964,0.04,ok,local_polynomial_smoothing_then_quadratic,0.029015503053578584,0.07686358389759969,199,30
7,5,5,2.4000000000000004,S2_sum,0.04013510509223795,3.119012267408642,-17.278932104313608,0.04,ok,local_polynomial_smoothing_then_quadratic,0.02900961557055239,0.12857221168802385,199,30
7,5,5,2.4000000000000004,Sstar,0.1658385155120156,1.398054748271812,-4.467287978333916,0.165,wide_ci,local_polynomial_smoothing_then_quadratic,0.13284019235941133,0.466800439245112,162,30
7,5,5,2.5000000000000004,M_sum,0.0423650779161344,4.096599299013745,-22.02062090841736,0.04,ok,local_polynomial_smoothing_then_quadratic,0.03193515574141403,0.08194929704605869,198,30
7,5,5,2.5000000000000004,S2_sum,0.04232305934224182,3.0760713531731008,-17.176858682686703,0.04,ok,local_polynomial_smoothing_then_quadratic,0.03263107479015732,0.08337163827364726,198,30
7,5,5,2.5000000000000004,Sstar,0.1630711195540499,1.399424255732212,-2.9246219128826776,0.165,wide_ci,local_polynomial_smoothing_then_quadratic,0.1311522070732263,0.5051523361497585,167,30
7,6,6,0.1,M_sum,nan,6.372341556820107,nan,0.0,boundary,local_polynomial_smoothing_then_quadratic,nan,nan,0,30
7,6,6,0.1,S2_sum,nan,4.418302052465107,nan,0.0,boundary,local_polynomial_smoothing_then_quadratic,nan,nan,0,30
7,6,6,0.1,Sstar,nan,1.5318107380537929,nan,0.0,boundary,local_polynomial_smoothing_then_quadratic,nan,nan,0,30
7,6,6,0.2,M_sum,nan,6.353908494860038,nan,0.0,boundary,local_polynomial_smoothing_then_quadratic,nan,nan,0,30
7,6,6,0.2,S2_sum,nan,4.409449027910716,nan,0.0,boundary,local_polynomial_smoothing_then_quadratic,nan,nan,0,30
7,6,6,0.2,Sstar,nan,1.5305110382236782,nan,0.0,boundary,local_polynomial_smoothing_then_quadratic,nan,nan,0,30
7,6,6,0.30000000000000004,M_sum,nan,6.31927705252286,nan,0.0,boundary,local_polynomial_smoothing_then_quadratic,nan,nan,0,30
7,6,6,0.30000000000000004,S2_sum,nan,4.39174913628199,nan,0.0,boundary,local_polynomial_smoothing_then_quadratic,nan,nan,0,30
7,6,6,0.30000000000000004,Sstar,nan,1.528694645805455,nan,0.0,boundary,local_polynomial_smoothing_then_quadratic,nan,nan,0,30
7,6,6,0.4,M_sum,nan,6.281180681939729,nan,0.005,boundary,local_polynomial_smoothing_then_quadratic,nan,nan,0,30
7,6,6,0.4,S2_sum,nan,4.373768257738515,nan,0.005,boundary,local_polynomial_smoothing_then_quadratic,nan,nan,0,30
7,6,6,0.4,Sstar,nan,1.527444740010997,nan,0.005,boundary,local_polynomial_smoothing_then_quadratic,nan,nan,0,30
7,6,6,0.5,M_sum,nan,6.2237225880414,nan,0.005,boundary,local_polynomial_smoothing_then_quadratic,nan,nan,0,30
7,6,6,0.5,S2_sum,nan,4.344063534894839,nan,0.005,boundary,local_polynomial_smoothing_then_quadratic,nan,nan,0,30
7,6,6,0.5,Sstar,nan,1.5249411202136158,nan,0.005,boundary,local_polynomial_smoothing_then_quadratic,nan,nan,0,30
7,6,6,0.6,M_sum,nan,6.158796059787506,nan,0.01,boundary,local_polynomial_smoothing_then_quadratic,nan,nan,0,30
7,6,6,0.6,S2_sum,nan,4.3105386681423035,nan,0.01,boundary,local_polynomial_smoothing_then_quadratic,nan,nan,0,30
7,6,6,0.6,Sstar,nan,1.5225131831742043,nan,0.01,boundary,local_polynomial_smoothing_then_quadratic,nan,nan,0,30
7,6,6,0.7000000000000001,M_sum,nan,6.08663724910307,nan,0.01,boundary,local_polynomial_smoothing_then_quadratic,nan,nan,0,30
7,6,6,0.7000000000000001,S2_sum,nan,4.272856647352645,nan,0.01,boundary,local_polynomial_smoothing_then_quadratic,nan,nan,0,30
7,6,6,0.7000000000000001,Sstar,0.011156251510308286,1.519657857041974,-6.0835986388669925,0.015,unstable_bootstrap,local_polynomial_smoothing_then_quadratic,0.00840361691584392,0.0334360735599503,97,30
7,6,6,0.8,M_sum,nan,6.010506183426094,nan,0.01,boundary,local_polynomial_smoothing_then_quadratic,nan,nan,0,30
7,6,6,0.8,S2_sum,nan,4.233096076313867,nan,0.01,boundary,local_polynomial_smoothing_then_quadratic,nan,nan,0,30
7,6,6,0.8,Sstar,nan,1.5167625468401398,nan,0.01,boundary,local_polynomial_smoothing_then_quadratic,nan,nan,0,30
7,6,6,0.9,M_sum,nan,5.930293057588706,nan,0.005,boundary,local_polynomial_smoothing_then_quadratic,nan,nan,0,30
7,6,6,0.9,S2_sum,nan,4.190769177336933,nan,0.005,boundary,local_polynomial_smoothing_then_quadratic,nan,nan,0,30
7,6,6,0.9,Sstar,0.013293027991714834,1.513326341739297,-7.308845092349292,0.015,unstable_bootstrap,local_polynomial_smoothing_then_quadratic,0.012351732403202864,0.040572175937630135,105,30
7,6,6,1.0,M_sum,nan,5.84863850074429,nan,0.005,boundary,local_polynomial_smoothing_then_quadratic,nan,nan,0,30
7,6,6,1.0,S2_sum,nan,4.14765219237162,nan,0.005,boundary,local_polynomial_smoothing_then_quadratic,nan,nan,0,30
7,6,6,1.0,Sstar,0.014761862046527865,1.5096593810374237,-7.677061475013484,0.015,unstable_bootstrap,local_polynomial_smoothing_then_quadratic,0.010764608206587407,0.034921086763820115,102,30
7,6,6,1.1,M_sum,nan,5.759381208843699,nan,0.01,boundary,local_polynomial_smoothing_then_quadratic,nan,nan,0,30
7,6,6,1.1,S2_sum,nan,4.099119171558955,nan,0.01,boundary,local_polynomial_smoothing_then_quadratic,nan,nan,0,30
7,6,6,1.1,Sstar,0.01943700952267786,1.5051823074089001,-4.441120716324719,0.02,unstable_bootstrap,local_polynomial_smoothing_then_quadratic,0.013621781759550745,0.07857762425271028,147,30
7,6,6,1.2000000000000002,M_sum,nan,5.670975730313415,nan,0.01,boundary,local_polynomial_smoothing_then_quadratic,nan,nan,0,30
7,6,6,1.2000000000000002,S2_sum,nan,4.050949055967054,nan,0.01,boundary,local_polynomial_smoothing_then_quadratic,nan,nan,0,30
7,6,6,1.2000000000000002,Sstar,0.02118722858299326,1.5002217907859068,-3.353295663809816,0.02,unstable_bootstrap,local_polynomial_smoothing_then_quadratic,0.014424565401779957,0.09504329850499967,148,30
7,6,6,1.3000000000000003,M_sum,nan,5.581379279465793,nan,0.01,boundary,local_polynomial_smoothing_then_quadratic,nan,nan,0,30
7,6,6,1.3000000000000003,S2_sum,nan,4.001588702551641,nan,0.01,boundary,local_polynomial_smoothing_then_quadratic,nan,nan,0,30
7,6,6,1.3000000000000003,Sstar,0.026644498291462853,1.4946502225624454,-3.7759724788664144,0.03,unstable_bootstrap,local_polynomial_smoothing_then_quadratic,0.014202253777680892,0.12948853364222876,139,30
7,6,6,1.4000000000000001,M_sum,nan,5.4912342112447785,nan,0.01,boundary,local_polynomial_smoothing_then_quadratic,nan,nan,0,30
7,6,6,1.4000000000000001,S2_sum,nan,3.9514341970186218,nan,0.01,boundary,local_polynomial_smoothing_then_quadratic,nan,nan,0,30
7,6,6,1.4000000000000001,Sstar,0.03370387232071548,1.4885317209901059,-4.08528829112751,0.035,unstable_bootstrap,local_polynomial_smoothing_then_quadratic,0.01929846944635829,0.12570589172855065,149,30
7,6,6,1.5000000000000002,M_sum,0.012901619525343055,5.401662563652336,-14.370824986698205,0.015,unstable_bootstrap,local_polynomial_smoothing_then_quadratic,0.014931719619828945,0.053277069017952684,83,30
7,6,6,1.5000000000000002,S2_sum,0.014222813974701905,3.9012990879968985,-9.555333495593663,0.015,unstable_bootstrap,local_polynomial_smoothing_then_quadratic,0.009524551178307042,0.05262759210411372,94,30
7,6,6,1.5000000000000002,Sstar,0.10905169284758412,1.4833011559071017,-2.687015899528992,0.105,unstable_bootstrap,local_polynomial_smoothing_then_quadratic,0.03968811686602402,0.1459750055538772,135,30
7,6,6,1.6,M_sum,0.015486310062636153,5.3138620841971225,-18.598028342808977,0.015,unstable_bootstrap,local_polynomial_smoothing_then_quadratic,0.008936373726575568,0.050419279277572324,128,30
7,6,6,1.6,S2_sum,0.016546274257528793,3.8518238986038176,-12.620110004146456,0.015,unstable_bootstrap,local_polynomial_smoothing_then_quadratic,0.007088752420422195,0.05045679678303425,130,30
7,6,6,1.6,Sstar,0.11554264493863446,1.477820885225128,-2.13828881406769,0.115,ok,local_polynomial_smoothing_then_quadratic,0.023015782010727927,0.16069637241171628,161,30
7,6,6,1.7000000000000002,M_sum,0.015395644726713408,5.226477578486112,-20.996017173376224,0.015,unstable_bootstrap,local_polynomial_smoothing_then_quadratic,0.00970229110314078,0.05574474152295124,138,30
7,6,6,1.7000000000000002,S2_sum,0.01631898760846137,3.802124657239512,-14.560143493238826,0.015,unstable_bootstrap,local_polynomial_smoothing_then_quadratic,0.00971024862260687,0.05775724013652053,142,30
7,6,6,1.7000000000000002,Sstar,0.13924255568755323,1.4717825979404042,-2.368417969632841,0.14,ok,local_polynomial_smoothing_then_quadratic,0.05843716377953546,0.18618376490998478,185,30
7,6,6,1.8000000000000003,M_sum,0.014951042923817043,5.140132063523275,-21.894099063978192,0.015,unstable_bootstrap,local_polynomial_smoothing_then_quadratic,0.010120607991516557,0.05910300608438826,125,30
7,6,6,1.8000000000000003,S2_sum,0.015791746722971775,3.7525552660359964,-15.136960711014622,0.015,unstable_bootstrap,local_polynomial_smoothing_then_quadratic,0.009920930776853118,0.06009472100592256,128,30
7,6,6,1.8000000000000003,Sstar,0.16131702668287842,1.4657882705097738,-1.898835367523835,0.165,ok,local_polynomial_smoothing_then_quadratic,0.10906247872704854,0.18908327036145878,188,30
7,6,6,1.9000000000000001,M_sum,0.014968839882950367,5.056165666903587,-28.31066482640247,0.015,unstable_bootstrap,local_polynomial_smoothing_then_quadratic,0.009795259209444459,0.05727046019062844,128,30
7,6,6,1.9000000000000001,S2_sum,0.01543220977502306,3.704125586057671,-19.9941537655906,0.015,unstable_bootstrap,local_polynomial_smoothing_then_quadratic,0.010208338225486955,0.05929128478041065,130,30
7,6,6,1.9000000000000001,Sstar,0.16122400364539607,1.4590624542757293,-4.024485558329365,0.16,ok,local_polynomial_smoothing_then_quadratic,0.1171418377649948,0.21257721865358542,194,30
7,6,6,2.0,M_sum,0.016370987035452027,4.973281282325187,-28.65195149729057,0.02,ok,local_polynomial_smoothing_then_quadratic,0.010675040442813801,0.05964606049289759,160,30
7,6,6,2.0,S2_sum,0.016768382683698565,3.655950432822532,-19.56622001605601,0.02,ok,local_polynomial_smoothing_then_quadratic,0.01073794616494974,0.0601828407551635,162,30
7,6,6,2.0,Sstar,0.16441656901179907,1.4536321783571886,-3.55708695717578,0.165,ok,local_polynomial_smoothing_then_quadratic,0.1314888975799367,0.24056248367976094,198,30
7,6,6,2.1,M_sum,0.018490708931871068,4.890936258830212,-25.867110108102896,0.02,ok,local_polynomial_smoothing_then_quadratic,0.01286903512611254,0.06683463477007312,163,30
7,6,6,2.1,S2_sum,0.019019929363598535,3.6075837076420503,-17.5375648467357,0.02,ok,local_polynomial_smoothing_then_quadratic,0.01276826452110419,0.06789070089891627,165,30
7,6,6,2.1,Sstar,0.18109992094204905,1.4477723717210615,-3.9876905375867477,0.18,ok,local_polynomial_smoothing_then_quadratic,0.13201599183709245,0.2647063777732573,199,30
7,6,6,2.2,M_sum,0.017357331198754277,4.810448305092947,-18.95976089688663,0.02,unstable_bootstrap,local_polynomial_smoothing_then_quadratic,0.012481111465954604,0.06738747625937795,139,30
7,6,6,2.2,S2_sum,0.017862216565557323,3.5600093288102226,-13.087567725657994,0.02,unstable_bootstrap,local_polynomial_smoothing_then_quadratic,0.012745247404717193,0.06785317449617767,143,30
7,6,6,2.2,Sstar,0.19181085764498493,1.4419480744544948,-3.034667446828834,0.19,wide_ci,local_polynomial_smoothing_then_quadratic,0.15262162179609132,0.3603799538618304,198,30
7,6,6,2.3000000000000003,M_sum,0.022900684131248097,4.7325115549866625,-31.356071342001872,0.025,unstable_bootstrap,local_polynomial_smoothing_then_quadratic,0.012998141833092343,0.07561716004042786,157,30
7,6,6,2.3000000000000003,S2_sum,0.023243224617867663,3.5137467172192998,-21.384726671173997,0.025,ok,local_polynomial_smoothing_then_quadratic,0.013155839456244765,0.07647138457521652,161,30
7,6,6,2.3000000000000003,Sstar,0.20238878463769752,1.4374003030112945,-5.240929414151196,0.2,wide_ci,local_polynomial_smoothing_then_quadratic,0.16175126589952574,0.33368839022111296,194,30
7,6,6,2.4000000000000004,M_sum,0.022738102695357774,4.655625496714206,-29.21395028659226,0.025,unstable_bootstrap,local_polynomial_smoothing_then_quadratic,0.01464934726507392,0.07196657753910994,152,30
7,6,6,2.4000000000000004,S2_sum,0.023101812279494024,3.4677495456681764,-20.097550805236782,0.025,unstable_bootstrap,local_polynomial_smoothing_then_quadratic,0.014597889309215066,0.07284128054303841,154,30
7,6,6,2.4000000000000004,Sstar,0.24441388450476476,1.4332391998306298,-3.826663578916116,0.245,wide_ci,local_polynomial_smoothing_then_quadratic,0.15565682047635296,0.3094201475089811,197,30
7,6,6,2.5000000000000004,M_sum,0.023827811623002692,4.580803714804522,-28.217978655122238,0.025,ok,local_polynomial_smoothing_then_quadratic,0.01533830856143997,0.0764858184555825,165,30
7,6,6,2.5000000000000004,S2_sum,0.02412053854268335,3.422699191143317,-19.375162877620234,0.025,ok,local_polynomial_smoothing_then_quadratic,0.015249629407792245,0.0771067296688535,169,30
7,6,6,2.5000000000000004,Sstar,0.22277123364797174,1.4312736918197364,-5.380148127732787,0.22,ok,local_polynomial_smoothing_then_quadratic,0.21301558577696408,0.3561719693608331,197,30
7,7,7,0.1,M_sum,nan,6.857951903287804,nan,0.005,boundary,local_polynomial_smoothing_then_quadratic,nan,nan,0,30
7,7,7,0.1,S2_sum,nan,4.7547156843541405,nan,0.005,boundary,local_polynomial_smoothing_then_quadratic,nan,nan,0,30
7,7,7,0.1,Sstar,nan,1.5621784051982237,nan,0.005,boundary,local_polynomial_smoothing_then_quadratic,nan,nan,0,30
7,7,7,0.2,M_sum,nan,6.84317477895328,nan,0.005,boundary,local_polynomial_smoothing_then_quadratic,nan,nan,0,30
7,7,7,0.2,S2_sum,nan,4.747780864884021,nan,0.005,boundary,local_polynomial_smoothing_then_quadratic,nan,nan,0,30
7,7,7,0.2,Sstar,nan,1.5610979717236204,nan,0.01,boundary,local_polynomial_smoothing_then_quadratic,nan,nan,0,30
7,7,7,0.30000000000000004,M_sum,nan,6.822853425511032,nan,0.01,boundary,local_polynomial_smoothing_then_quadratic,nan,nan,0,30
7,7,7,0.30000000000000004,S2_sum,nan,4.7391023318335606,nan,0.01,boundary,local_polynomial_smoothing_then_quadratic,nan,nan,0,30
7,7,7,0.30000000000000004,Sstar,nan,1.5607580139679575,nan,0.01,boundary,local_polynomial_smoothing_then_quadratic,nan,nan,0,30
7,7,7,0.4,M_sum,0.013366233912553744,6.77831824252983,-145.1862209128262,0.015,unstable_bootstrap,local_polynomial_smoothing_then_quadratic,0.010127943570762962,0.024659270556683516,115,30
7,7,7,0.4,S2_sum,0.013619640224978715,4.715434511999666,-99.29850461488444,0.015,unstable_bootstrap,local_polynomial_smoothing_then_quadratic,0.010219358448946152,0.02519754249855394,120,30
7,7,7,0.4,Sstar,0.01541732862829427,1.5588621950429382,-12.989716427304526,0.015,unstable_bootstrap,local_polynomial_smoothing_then_quadratic,0.01052276727893639,0.02626076544750195,143,30
7,7,7,0.5,M_sum,0.015616220782873395,6.7349804097552886,-123.62594884101574,0.015,unstable_bootstrap,local_polynomial_smoothing_then_quadratic,0.01119212982018219,0.026369996855413698,132,30
7,7,7,0.5,S2_sum,0.015960932154635295,4.694088495407391,-84.29411380984357,0.015,unstable_bootstrap,local_polynomial_smoothing_then_quadratic,0.01168685958881391,0.026888614933844226,136,30
7,7,7,0.5,Sstar,0.017339956436467834,1.5578508172696113,-11.52887304221633,0.015,unstable_bootstrap,local_polynomial_smoothing_then_quadratic,0.01208833233147471,0.028518137104099634,154,30
7,7,7,0.6,M_sum,0.017465080235370047,6.678928460767459,-91.81337267412822,0.015,unstable_bootstrap,local_polynomial_smoothing_then_quadratic,0.013423360495941299,0.033520934280230015,132,30
7,7,7,0.6,S2_sum,0.017597511856099875,4.66456317738666,-42.761053458291904,0.02,unstable_bootstrap,local_polynomial_smoothing_then_quadratic,0.013943060230485952,0.03425870897601183,138,30
7,7,7,0.6,Sstar,0.019799689710461147,1.556045299090129,-6.47794745479842,0.02,unstable_bootstrap,local_polynomial_smoothing_then_quadratic,0.012842910329388552,0.03486757949748601,153,30
7,7,7,0.7000000000000001,M_sum,0.020225507903114136,6.616999321119183,-50.58286561240186,0.02,unstable_bootstrap,local_polynomial_smoothing_then_quadratic,0.013696295203438317,0.0347966073797374,153,30
7,7,7,0.7000000000000001,S2_sum,0.021268756802076478,4.6330325590423955,-33.71670461928218,0.02,unstable_bootstrap,local_polynomial_smoothing_then_quadratic,0.014095772104091152,0.036107160911623644,154,30
7,7,7,0.7000000000000001,Sstar,0.022815311830718804,1.5543401518759252,-4.872225512324787,0.02,ok,local_polynomial_smoothing_then_quadratic,0.013814782943008027,0.0350399863897215,165,30
7,7,7,0.8,M_sum,0.023790164898806344,6.550113446484441,-48.62873892954512,0.025,unstable_bootstrap,local_polynomial_smoothing_then_quadratic,0.015436898584067014,0.03788254167635409,127,30
7,7,7,0.8,S2_sum,0.0250059939572899,4.598206058521787,-32.7085065872423,0.025,unstable_bootstrap,local_polynomial_smoothing_then_quadratic,0.014427794695642256,0.038871378310476594,135,30
7,7,7,0.8,Sstar,0.02653551170045451,1.5526249643447725,-8.871903325545235,0.03,unstable_bootstrap,local_polynomial_smoothing_then_quadratic,0.01586989585534147,0.03554116557936928,150,30
7,7,7,0.9,M_sum,0.025609902191577032,6.481922338833632,-63.33499519650046,0.03,unstable_bootstrap,local_polynomial_smoothing_then_quadratic,0.01610302559388275,0.03851641835602883,153,30
7,7,7,0.9,S2_sum,0.026594648429722267,4.562814266404696,-43.24623775712867,0.03,unstable_bootstrap,local_polynomial_smoothing_then_quadratic,0.01657619422164697,0.0400014382756283,157,30
7,7,7,0.9,Sstar,0.026731193920290077,1.550595610445123,-8.36735050896659,0.03,ok,local_polynomial_smoothing_then_quadratic,0.017024936295253996,0.03524853272568617,164,30
7,7,7,1.0,M_sum,0.029416522032920816,6.404894890935688,-51.12262937454959,0.035,unstable_bootstrap,local_polynomial_smoothing_then_quadratic,0.01699634981001334,0.04492202460353419,121,30
7,7,7,1.0,S2_sum,0.030777384701403503,4.5215642558844555,-34.97653083139397,0.035,unstable_bootstrap,local_polynomial_smoothing_then_quadratic,0.01746562763676306,0.04933636074318381,131,30
7,7,7,1.0,Sstar,0.023481496971722127,1.5477213414652848,-1.4937692468429353,0.025,unstable_bootstrap,local_polynomial_smoothing_then_quadratic,0.017920816176981467,0.03998918744121411,133,30
7,7,7,1.1,M_sum,nan,6.32741701530624,nan,0.01,boundary,local_polynomial_smoothing_then_quadratic,nan,nan,0,30
7,7,7,1.1,S2_sum,0.035316149411477926,4.479850138075819,-32.51813997681837,0.04,unstable_bootstrap,local_polynomial_smoothing_then_quadratic,0.018611881890949453,0.05274307994495479,125,30
7,7,7,1.1,Sstar,nan,1.5452314326197008,nan,0.01,boundary,local_polynomial_smoothing_then_quadratic,nan,nan,0,30
7,7,7,1.2000000000000002,M_sum,0.03844030465162206,6.249133694186482,-59.1273217112448,0.045,unstable_bootstrap,local_polynomial_smoothing_then_quadratic,0.017262488536805887,0.04993154704680977,146,30
7,7,7,1.2000000000000002,S2_sum,0.03982765213323626,4.43806162740686,-41.2895972827996,0.045,unstable_bootstrap,local_polynomial_smoothing_then_quadratic,0.01771056994615095,0.05088258345508861,150,30
7,7,7,1.2000000000000002,Sstar,nan,1.542061711531684,nan,0.01,boundary,local_polynomial_smoothing_then_quadratic,nan,nan,0,30
7,7,7,1.3000000000000003,M_sum,0.01997325946022315,6.169865632729802,-56.504569632633206,0.015,ok,local_polynomial_smoothing_then_quadratic,0.01544087972386446,0.05347979201563099,164,30
7,7,7,1.3000000000000003,S2_sum,0.041735479560097856,4.395084102283252,-35.43249870189585,0.045,ok,local_polynomial_smoothing_then_quadratic,0.0157453444142922,0.0555154526173668,166,30
7,7,7,1.3000000000000003,Sstar,0.017245625345993994,1.5386888862550587,-8.194652198533756,0.015,unstable_bootstrap,local_polynomial_smoothing_then_quadratic,0.013605152431259773,0.04965403659104835,134,30
7,7,7,1.4000000000000001,M_sum,0.01771944831711399,6.088316367338642,-61.13413357693098,0.015,unstable_bootstrap,local_polynomial_smoothing_then_quadratic,0.013654023624714368,0.0572020950163723,151,30
7,7,7,1.4000000000000001,S2_sum,0.04750874718238139,4.349613524453472,-37.49073038224003,0.05,unstable_bootstrap,local_polynomial_smoothing_then_quadratic,0.013792724390179166,0.05866479746186357,153,30
7,7,7,1.4000000000000001,Sstar,0.018227023655148365,1.534764927513228,-7.937627624211393,0.015,ok,local_polynomial_smoothing_then_quadratic,0.013405082957796424,0.05490086449903841,166,30
7,7,7,1.5000000000000002,M_sum,0.02055902974045087,6.0074460533983975,-44.6382178879249,0.015,ok,local_polynomial_smoothing_then_quadratic,0.014089766316326411,0.058532371530668634,174,30
7,7,7,1.5000000000000002,S2_sum,0.04588537527729709,4.305013773187251,-24.518543246434927,0.05,ok,local_polynomial_smoothing_then_quadratic,0.014179832189309446,0.060123972176336235,175,30
7,7,7,1.5000000000000002,Sstar,0.021583217133137704,1.5304835059408572,-4.907380970135137,0.02,ok,local_polynomial_smoothing_then_quadratic,0.01489517299591273,0.05336738767740236,176,30
7,7,7,1.6,M_sum,0.018361941376699293,5.9266762088098695,-27.745162286478138,0.02,unstable_bootstrap,local_polynomial_smoothing_then_quadratic,0.01327254134228737,0.0605833223844957,154,30
7,7,7,1.6,S2_sum,0.051295492153760384,4.259811021527547,-30.399580777965593,0.055,unstable_bootstrap,local_polynomial_smoothing_then_quadratic,0.01352467250267989,0.061949116516298905,152,30
7,7,7,1.6,Sstar,0.016555509300316934,1.5257879909838419,-8.871661033299434,0.015,unstable_bootstrap,local_polynomial_smoothing_then_quadratic,0.012845316014661507,0.06022389234044502,144,30
7,7,7,1.7000000000000002,M_sum,0.02050078801601328,5.846531525694208,-33.2845135819247,0.02,unstable_bootstrap,local_polynomial_smoothing_then_quadratic,0.014618973871826885,0.06662354747335321,159,30
7,7,7,1.7000000000000002,S2_sum,0.020866867627314118,4.21439464228478,-22.81899650501125,0.02,ok,local_polynomial_smoothing_then_quadratic,0.014814804143574901,0.06864359475185623,161,30
7,7,7,1.7000000000000002,Sstar,0.01737967501508636,1.5203770465239903,-6.078987517494494,0.02,unstable_bootstrap,local_polynomial_smoothing_then_quadratic,0.012442220130688592,0.07076015863232313,145,30
7,7,7,1.8000000000000003,M_sum,0.021802751508709167,5.766700905410944,-39.23221806772008,0.02,ok,local_polynomial_smoothing_then_quadratic,0.01476372330799756,0.07032536432672534,177,30
7,7,7,1.8000000000000003,S2_sum,0.05706068999303871,4.169326400495405,-31.102470058616763,0.06,ok,local_polynomial_smoothing_then_quadratic,0.014798500912980224,0.07234490251045411,179,30
7,7,7,1.8000000000000003,Sstar,nan,1.5150041159715175,nan,0.01,boundary,local_polynomial_smoothing_then_quadratic,nan,nan,0,30
7,7,7,1.9000000000000001,M_sum,0.022065968618252378,5.687140833323543,-34.76244740270092,0.02,ok,local_polynomial_smoothing_then_quadratic,0.016131020416356244,0.07368479496693521,174,30
7,7,7,1.9000000000000001,S2_sum,0.062000521282444855,4.12387488311594,-31.092377791552675,0.065,ok,local_polynomial_smoothing_then_quadratic,0.016290374646474672,0.07526424882111604,176,30
7,7,7,1.9000000000000001,Sstar,nan,1.5095461570173836,nan,0.01,boundary,local_polynomial_smoothing_then_quadratic,nan,nan,0,30
7,7,7,2.0,M_sum,0.023545264867620312,5.608649539399666,-18.607037858593024,0.03,ok,local_polynomial_smoothing_then_quadratic,0.015899176088822742,0.07582594763134631,170,30
7,7,7,2.0,S2_sum,0.02395016961614507,4.078764302331456,-11.86769942014969,0.03,ok,local_polynomial_smoothing_then_quadratic,0.016518217674877513,0.0786304584222317,171,30
7,7,7,2.0,Sstar,nan,1.5032849885889947,nan,0.005,boundary,local_polynomial_smoothing_then_quadratic,nan,nan,0,30
7,7,7,2.1,M_sum,0.02477429880129977,5.532184553429389,-36.045847053433654,0.025,ok,local_polynomial_smoothing_then_quadratic,0.016791803194100743,0.0783557362949427,182,30
7,7,7,2.1,S2_sum,0.02497784850143702,4.034797560459111,-25.46455814845603,0.025,ok,local_polynomial_smoothing_then_quadratic,0.01718722692058894,0.08166895932472584,183,30
7,7,7,2.1,Sstar,nan,1.4962972066002833,nan,0.005,boundary,local_polynomial_smoothing_then_quadratic,nan,nan,0,30
7,7,7,2.2,M_sum,0.02583048858404063,5.456443300205879,-30.511029280223358,0.03,ok,local_polynomial_smoothing_then_quadratic,0.017256313839924764,0.07987569199373501,172,30
7,7,7,2.2,S2_sum,0.0258776246853067,3.9908179931929975,-20.82891504152637,0.03,ok,local_polynomial_smoothing_then_quadratic,0.01744532419737314,0.08501981100291439,170,30
7,7,7,2.2,Sstar,nan,1.4903943234480466,nan,0.005,boundary,local_polynomial_smoothing_then_quadratic,nan,nan,0,30
7,7,7,2.3000000000000003,M_sum,0.027590869399320872,5.3811097486931585,-29.628384903111222,0.03,ok,local_polynomial_smoothing_then_quadratic,0.017752993867523464,0.08052812213260097,165,30
7,7,7,2.3000000000000003,S2_sum,0.027716689873479843,3.946760237841935,-20.32776009340674,0.03,ok,local_polynomial_smoothing_then_quadratic,0.01723779079892373,0.08565514610097735,169,30
7,7,7,2.3000000000000003,Sstar,0.09970039332418759,1.4843074114424042,-2.714575610089102,0.1,unstable_bootstrap,local_polynomial_smoothing_then_quadratic,0.01832603756547242,0.25572473171211973,150,30
7,7,7,2.4000000000000004,M_sum,0.029240517524016615,5.306692614686687,-15.370630076525094,0.03,ok,local_polynomial_smoothing_then_quadratic,0.017127448399475467,0.08363706772815327,167,30
7,7,7,2.4000000000000004,S2_sum,0.029679659958123134,3.9029538060681364,-10.522396268970502,0.03,ok,local_polynomial_smoothing_then_quadratic,0.017245802599405297,0.08721692526507754,171,30
7,7,7,2.4000000000000004,Sstar,0.26109407515874017,1.4803877748090903,-4.97087216241272,0.265,wide_ci,local_polynomial_smoothing_then_quadratic,0.08360912363426666,0.27449352128451915,177,30
7,7,7,2.5000000000000004,M_sum,0.029226288294700625,5.234998740742664,-16.444244742331076,0.03,ok,local_polynomial_smoothing_then_quadratic,0.01673615626823887,0.08741044883318932,177,30
7,7,7,2.5000000000000004,S2_sum,0.02945015224525778,3.86064282752616,-11.361415402702965,0.03,ok,local_polynomial_smoothing_then_quadratic,0.017313184898834426,0.09343822241960847,176,30
7,7,7,2.5000000000000004,Sstar,0.2900916599037808,1.4762362686883799,-3.719299407425848,0.29,wide_ci,local_polynomial_smoothing_then_quadratic,0.1031040621177144,0.3100900367553279,188,30
