U,W,mean_r,stderr_r,n_r_values,n_realizations_used,n_realizations_total,n_levels_min,n_levels_max,zero_gap_fraction,duplicate_levels_removed,L,Nup,Ndown,N,nmax,boundary,file
1.0,0.5,0.5229415514876735,0.0011128559384863878,53400,300,300,180,180,0.0,0,7,,,7,2,periodic,pbs_bose_midpoint_L7/data/U_1/W_0p5/L_7/N_7_nmax_2/boundary_periodic/energies_full_U1_L7_N7_nmax2_W0.5_boundaryperiodic_nreal300.txt
2.0,0.5,0.5250247715281473,0.0011061231357355876,53400,300,300,180,180,0.0,0,7,,,7,2,periodic,pbs_bose_midpoint_L7/data/U_2/W_0p5/L_7/N_7_nmax_2/boundary_periodic/energies_full_U2_L7_N7_nmax2_W0.5_boundaryperiodic_nreal300.txt
3.0,0.5,0.521868322845646,0.0011099031965610584,53400,300,300,180,180,0.0,0,7,,,7,2,periodic,pbs_bose_midpoint_L7/data/U_3/W_0p5/L_7/N_7_nmax_2/boundary_periodic/energies_full_U3_L7_N7_nmax2_W0.5_boundaryperiodic_nreal300.txt
4.0,0.5,0.5132954317931514,0.0011169481594104993,53400,300,300,180,180,0.0,0,7,,,7,2,periodic,pbs_bose_midpoint_L7/data/U_4/W_0p5/L_7/N_7_nmax_2/boundary_periodic/energies_full_U4_L7_N7_nmax2_W0.5_boundaryperiodic_nreal300.txt
5.0,0.5,0.5091600814262156,0.0011200882109061604,53400,300,300,180,180,0.0,0,7,,,7,2,periodic,pbs_bose_midpoint_L7/data/U_5/W_0p5/L_7/N_7_nmax_2/boundary_periodic/energies_full_U5_L7_N7_nmax2_W0.5_boundaryperiodic_nreal300.txt
6.0,0.5,0.5084960253116707,0.0011217744937667932,53400,300,300,180,180,0.0,0,7,,,7,2,periodic,pbs_bose_midpoint_L7/data/U_6/W_0p5/L_7/N_7_nmax_2/boundary_periodic/energies_full_U6_L7_N7_nmax2_W0.5_boundaryperiodic_nreal300.txt
7.0,0.5,0.5067596929298619,0.001124912430523833,53400,300,300,180,180,0.0,0,7,,,7,2,periodic,pbs_bose_midpoint_L7/data/U_7/W_0p5/L_7/N_7_nmax_2/boundary_periodic/energies_full_U7_L7_N7_nmax2_W0.5_boundaryperiodic_nreal300.txt
8.0,0.5,0.5043255448490327,0.0011310991414419122,53400,300,300,180,180,0.0,0,7,,,7,2,periodic,pbs_bose_midpoint_L7/data/U_8/W_0p5/L_7/N_7_nmax_2/boundary_periodic/energies_full_U8_L7_N7_nmax2_W0.5_boundaryperiodic_nreal300.txt
9.0,0.5,0.4986663509792115,0.0011374938932686002,53400,300,300,180,180,0.0,0,7,,,7,2,periodic,pbs_bose_midpoint_L7/data/U_9/W_0p5/L_7/N_7_nmax_2/boundary_periodic/energies_full_U9_L7_N7_nmax2_W0.5_boundaryperiodic_nreal300.txt
10.0,0.5,0.49374456995037036,0.001140147820797586,53400,300,300,180,180,0.0,0,7,,,7,2,periodic,pbs_bose_midpoint_L7/data/U_10/W_0p5/L_7/N_7_nmax_2/boundary_periodic/energies_full_U10_L7_N7_nmax2_W0.5_boundaryperiodic_nreal300.txt
1.0,1.0,0.5302487189834943,0.0011023002227935324,53400,300,300,180,180,0.0,0,7,,,7,2,periodic,pbs_bose_midpoint_L7/data/U_1/W_1/L_7/N_7_nmax_2/boundary_periodic/energies_full_U1_L7_N7_nmax2_W1_boundaryperiodic_nreal300.txt
2.0,1.0,0.5304282156293311,0.001103514814112554,53400,300,300,180,180,0.0,0,7,,,7,2,periodic,pbs_bose_midpoint_L7/data/U_2/W_1/L_7/N_7_nmax_2/boundary_periodic/energies_full_U2_L7_N7_nmax2_W1_boundaryperiodic_nreal300.txt
3.0,1.0,0.5308805266337814,0.001102329788483683,53400,300,300,180,180,0.0,0,7,,,7,2,periodic,pbs_bose_midpoint_L7/data/U_3/W_1/L_7/N_7_nmax_2/boundary_periodic/energies_full_U3_L7_N7_nmax2_W1_boundaryperiodic_nreal300.txt
4.0,1.0,0.5205206355562214,0.0011111297585096067,53400,300,300,180,180,0.0,0,7,,,7,2,periodic,pbs_bose_midpoint_L7/data/U_4/W_1/L_7/N_7_nmax_2/boundary_periodic/energies_full_U4_L7_N7_nmax2_W1_boundaryperiodic_nreal300.txt
5.0,1.0,0.5113906792587839,0.001117057418495259,53400,300,300,180,180,0.0,0,7,,,7,2,periodic,pbs_bose_midpoint_L7/data/U_5/W_1/L_7/N_7_nmax_2/boundary_periodic/energies_full_U5_L7_N7_nmax2_W1_boundaryperiodic_nreal300.txt
6.0,1.0,0.5147384857246872,0.001118052284796176,53400,300,300,180,180,0.0,0,7,,,7,2,periodic,pbs_bose_midpoint_L7/data/U_6/W_1/L_7/N_7_nmax_2/boundary_periodic/energies_full_U6_L7_N7_nmax2_W1_boundaryperiodic_nreal300.txt
7.0,1.0,0.5167495297473029,0.0011182613760850968,53400,300,300,180,180,0.0,0,7,,,7,2,periodic,pbs_bose_midpoint_L7/data/U_7/W_1/L_7/N_7_nmax_2/boundary_periodic/energies_full_U7_L7_N7_nmax2_W1_boundaryperiodic_nreal300.txt
8.0,1.0,0.5111730050585397,0.001123400997614871,53400,300,300,180,180,0.0,0,7,,,7,2,periodic,pbs_bose_midpoint_L7/data/U_8/W_1/L_7/N_7_nmax_2/boundary_periodic/energies_full_U8_L7_N7_nmax2_W1_boundaryperiodic_nreal300.txt
9.0,1.0,0.5075493010275333,0.0011300562916256522,53400,300,300,180,180,0.0,0,7,,,7,2,periodic,pbs_bose_midpoint_L7/data/U_9/W_1/L_7/N_7_nmax_2/boundary_periodic/energies_full_U9_L7_N7_nmax2_W1_boundaryperiodic_nreal300.txt
10.0,1.0,0.5036687069387126,0.0011333875485606813,53400,300,300,180,180,0.0,0,7,,,7,2,periodic,pbs_bose_midpoint_L7/data/U_10/W_1/L_7/N_7_nmax_2/boundary_periodic/energies_full_U10_L7_N7_nmax2_W1_boundaryperiodic_nreal300.txt
1.0,2.0,0.5325618184848389,0.0010967023479590723,53400,300,300,180,180,0.0,0,7,,,7,2,periodic,pbs_bose_midpoint_L7/data/U_1/W_2/L_7/N_7_nmax_2/boundary_periodic/energies_full_U1_L7_N7_nmax2_W2_boundaryperiodic_nreal300.txt
2.0,2.0,0.5316827305430541,0.001097561955325827,53400,300,300,180,180,0.0,0,7,,,7,2,periodic,pbs_bose_midpoint_L7/data/U_2/W_2/L_7/N_7_nmax_2/boundary_periodic/energies_full_U2_L7_N7_nmax2_W2_boundaryperiodic_nreal300.txt
3.0,2.0,0.5286007063046189,0.0010999996235759937,53400,300,300,180,180,0.0,0,7,,,7,2,periodic,pbs_bose_midpoint_L7/data/U_3/W_2/L_7/N_7_nmax_2/boundary_periodic/energies_full_U3_L7_N7_nmax2_W2_boundaryperiodic_nreal300.txt
4.0,2.0,0.5253641783375953,0.0011044588930777378,53400,300,300,180,180,0.0,0,7,,,7,2,periodic,pbs_bose_midpoint_L7/data/U_4/W_2/L_7/N_7_nmax_2/boundary_periodic/energies_full_U4_L7_N7_nmax2_W2_boundaryperiodic_nreal300.txt
5.0,2.0,0.5114429459239596,0.0011199415886617773,53400,300,300,180,180,0.0,0,7,,,7,2,periodic,pbs_bose_midpoint_L7/data/U_5/W_2/L_7/N_7_nmax_2/boundary_periodic/energies_full_U5_L7_N7_nmax2_W2_boundaryperiodic_nreal300.txt
6.0,2.0,0.5031678034353588,0.0011326760894964979,53400,300,300,180,180,0.0,0,7,,,7,2,periodic,pbs_bose_midpoint_L7/data/U_6/W_2/L_7/N_7_nmax_2/boundary_periodic/energies_full_U6_L7_N7_nmax2_W2_boundaryperiodic_nreal300.txt
7.0,2.0,0.5010600907492004,0.001138275813664672,53400,300,300,180,180,0.0,0,7,,,7,2,periodic,pbs_bose_midpoint_L7/data/U_7/W_2/L_7/N_7_nmax_2/boundary_periodic/energies_full_U7_L7_N7_nmax2_W2_boundaryperiodic_nreal300.txt
8.0,2.0,0.5015319487762264,0.0011305002011848593,53400,300,300,180,180,0.0,0,7,,,7,2,periodic,pbs_bose_midpoint_L7/data/U_8/W_2/L_7/N_7_nmax_2/boundary_periodic/energies_full_U8_L7_N7_nmax2_W2_boundaryperiodic_nreal300.txt
9.0,2.0,0.49838806098205146,0.0011244076188965835,53400,300,300,180,180,0.0,0,7,,,7,2,periodic,pbs_bose_midpoint_L7/data/U_9/W_2/L_7/N_7_nmax_2/boundary_periodic/energies_full_U9_L7_N7_nmax2_W2_boundaryperiodic_nreal300.txt
10.0,2.0,0.4951097286282859,0.0011339586641969884,53400,300,300,180,180,0.0,0,7,,,7,2,periodic,pbs_bose_midpoint_L7/data/U_10/W_2/L_7/N_7_nmax_2/boundary_periodic/energies_full_U10_L7_N7_nmax2_W2_boundaryperiodic_nreal300.txt
1.0,3.0,0.5293068705475769,0.001100072117065553,53400,300,300,180,180,0.0,0,7,,,7,2,periodic,pbs_bose_midpoint_L7/data/U_1/W_3/L_7/N_7_nmax_2/boundary_periodic/energies_full_U1_L7_N7_nmax2_W3_boundaryperiodic_nreal300.txt
2.0,3.0,0.5257504279833429,0.0011028577070341476,53400,300,300,180,180,0.0,0,7,,,7,2,periodic,pbs_bose_midpoint_L7/data/U_2/W_3/L_7/N_7_nmax_2/boundary_periodic/energies_full_U2_L7_N7_nmax2_W3_boundaryperiodic_nreal300.txt
3.0,3.0,0.5267225944347322,0.0011028202779866912,53400,300,300,180,180,0.0,0,7,,,7,2,periodic,pbs_bose_midpoint_L7/data/U_3/W_3/L_7/N_7_nmax_2/boundary_periodic/energies_full_U3_L7_N7_nmax2_W3_boundaryperiodic_nreal300.txt
4.0,3.0,0.5206982760365353,0.00111128124440109,53400,300,300,180,180,0.0,0,7,,,7,2,periodic,pbs_bose_midpoint_L7/data/U_4/W_3/L_7/N_7_nmax_2/boundary_periodic/energies_full_U4_L7_N7_nmax2_W3_boundaryperiodic_nreal300.txt
5.0,3.0,0.5066071936384764,0.001123492357384655,53400,300,300,180,180,0.0,0,7,,,7,2,periodic,pbs_bose_midpoint_L7/data/U_5/W_3/L_7/N_7_nmax_2/boundary_periodic/energies_full_U5_L7_N7_nmax2_W3_boundaryperiodic_nreal300.txt
6.0,3.0,0.49017830296387144,0.00113743523773568,53400,300,300,180,180,0.0,0,7,,,7,2,periodic,pbs_bose_midpoint_L7/data/U_6/W_3/L_7/N_7_nmax_2/boundary_periodic/energies_full_U6_L7_N7_nmax2_W3_boundaryperiodic_nreal300.txt
7.0,3.0,0.48510216135172113,0.0011475754177091844,53400,300,300,180,180,0.0,0,7,,,7,2,periodic,pbs_bose_midpoint_L7/data/U_7/W_3/L_7/N_7_nmax_2/boundary_periodic/energies_full_U7_L7_N7_nmax2_W3_boundaryperiodic_nreal300.txt
8.0,3.0,0.4771819390900438,0.001148845992970291,53400,300,300,180,180,0.0,0,7,,,7,2,periodic,pbs_bose_midpoint_L7/data/U_8/W_3/L_7/N_7_nmax_2/boundary_periodic/energies_full_U8_L7_N7_nmax2_W3_boundaryperiodic_nreal300.txt
9.0,3.0,0.47602082912685656,0.001152213082514539,53400,300,300,180,180,0.0,0,7,,,7,2,periodic,pbs_bose_midpoint_L7/data/U_9/W_3/L_7/N_7_nmax_2/boundary_periodic/energies_full_U9_L7_N7_nmax2_W3_boundaryperiodic_nreal300.txt
10.0,3.0,0.4765230172079483,0.0011514772747254624,53400,300,300,180,180,0.0,0,7,,,7,2,periodic,pbs_bose_midpoint_L7/data/U_10/W_3/L_7/N_7_nmax_2/boundary_periodic/energies_full_U10_L7_N7_nmax2_W3_boundaryperiodic_nreal300.txt
1.0,4.0,0.5138657568851455,0.0011202013551862952,53400,300,300,180,180,0.0,0,7,,,7,2,periodic,pbs_bose_midpoint_L7/data/U_1/W_4/L_7/N_7_nmax_2/boundary_periodic/energies_full_U1_L7_N7_nmax2_W4_boundaryperiodic_nreal300.txt
2.0,4.0,0.5134198470133209,0.0011234556535297266,53400,300,300,180,180,0.0,0,7,,,7,2,periodic,pbs_bose_midpoint_L7/data/U_2/W_4/L_7/N_7_nmax_2/boundary_periodic/energies_full_U2_L7_N7_nmax2_W4_boundaryperiodic_nreal300.txt
3.0,4.0,0.5148321030472253,0.001114733518639897,53400,300,300,180,180,0.0,0,7,,,7,2,periodic,pbs_bose_midpoint_L7/data/U_3/W_4/L_7/N_7_nmax_2/boundary_periodic/energies_full_U3_L7_N7_nmax2_W4_boundaryperiodic_nreal300.txt
4.0,4.0,0.5070585125004798,0.0011166751769997336,53400,300,300,180,180,0.0,0,7,,,7,2,periodic,pbs_bose_midpoint_L7/data/U_4/W_4/L_7/N_7_nmax_2/boundary_periodic/energies_full_U4_L7_N7_nmax2_W4_boundaryperiodic_nreal300.txt
5.0,4.0,0.49278971890219603,0.0011323830871808232,53400,300,300,180,180,0.0,0,7,,,7,2,periodic,pbs_bose_midpoint_L7/data/U_5/W_4/L_7/N_7_nmax_2/boundary_periodic/energies_full_U5_L7_N7_nmax2_W4_boundaryperiodic_nreal300.txt
6.0,4.0,0.4754002630596245,0.0011484634832398307,53400,300,300,180,180,0.0,0,7,,,7,2,periodic,pbs_bose_midpoint_L7/data/U_6/W_4/L_7/N_7_nmax_2/boundary_periodic/energies_full_U6_L7_N7_nmax2_W4_boundaryperiodic_nreal300.txt
7.0,4.0,0.4662971307306327,0.001160832030529416,53400,300,300,180,180,0.0,0,7,,,7,2,periodic,pbs_bose_midpoint_L7/data/U_7/W_4/L_7/N_7_nmax_2/boundary_periodic/energies_full_U7_L7_N7_nmax2_W4_boundaryperiodic_nreal300.txt
8.0,4.0,0.45773538599749325,0.0011656357946179282,53400,300,300,180,180,0.0,0,7,,,7,2,periodic,pbs_bose_midpoint_L7/data/U_8/W_4/L_7/N_7_nmax_2/boundary_periodic/energies_full_U8_L7_N7_nmax2_W4_boundaryperiodic_nreal300.txt
9.0,4.0,0.4516498971914017,0.0011733533926390099,53400,300,300,180,180,0.0,0,7,,,7,2,periodic,pbs_bose_midpoint_L7/data/U_9/W_4/L_7/N_7_nmax_2/boundary_periodic/energies_full_U9_L7_N7_nmax2_W4_boundaryperiodic_nreal300.txt
10.0,4.0,0.4575844218539779,0.0011735391923319654,53400,300,300,180,180,0.0,0,7,,,7,2,periodic,pbs_bose_midpoint_L7/data/U_10/W_4/L_7/N_7_nmax_2/boundary_periodic/energies_full_U10_L7_N7_nmax2_W4_boundaryperiodic_nreal300.txt
1.0,5.0,0.4892604787834435,0.0011395877840716501,53400,300,300,180,180,0.0,0,7,,,7,2,periodic,pbs_bose_midpoint_L7/data/U_1/W_5/L_7/N_7_nmax_2/boundary_periodic/energies_full_U1_L7_N7_nmax2_W5_boundaryperiodic_nreal300.txt
2.0,5.0,0.4952360545088387,0.0011383799272472394,53400,300,300,180,180,0.0,0,7,,,7,2,periodic,pbs_bose_midpoint_L7/data/U_2/W_5/L_7/N_7_nmax_2/boundary_periodic/energies_full_U2_L7_N7_nmax2_W5_boundaryperiodic_nreal300.txt
3.0,5.0,0.49773143540788567,0.0011337213263119404,53400,300,300,180,180,0.0,0,7,,,7,2,periodic,pbs_bose_midpoint_L7/data/U_3/W_5/L_7/N_7_nmax_2/boundary_periodic/energies_full_U3_L7_N7_nmax2_W5_boundaryperiodic_nreal300.txt
4.0,5.0,0.4896932470524823,0.0011375185096477339,53400,300,300,180,180,0.0,0,7,,,7,2,periodic,pbs_bose_midpoint_L7/data/U_4/W_5/L_7/N_7_nmax_2/boundary_periodic/energies_full_U4_L7_N7_nmax2_W5_boundaryperiodic_nreal300.txt
5.0,5.0,0.4786000441286258,0.001144592598419267,53400,300,300,180,180,0.0,0,7,,,7,2,periodic,pbs_bose_midpoint_L7/data/U_5/W_5/L_7/N_7_nmax_2/boundary_periodic/energies_full_U5_L7_N7_nmax2_W5_boundaryperiodic_nreal300.txt
6.0,5.0,0.4639863038622429,0.0011598080828716393,53400,300,300,180,180,0.0,0,7,,,7,2,periodic,pbs_bose_midpoint_L7/data/U_6/W_5/L_7/N_7_nmax_2/boundary_periodic/energies_full_U6_L7_N7_nmax2_W5_boundaryperiodic_nreal300.txt
7.0,5.0,0.4485559497562221,0.001166945957543632,53400,300,300,180,180,0.0,0,7,,,7,2,periodic,pbs_bose_midpoint_L7/data/U_7/W_5/L_7/N_7_nmax_2/boundary_periodic/energies_full_U7_L7_N7_nmax2_W5_boundaryperiodic_nreal300.txt
8.0,5.0,0.44334812233946247,0.0011736014430396536,53400,300,300,180,180,0.0,0,7,,,7,2,periodic,pbs_bose_midpoint_L7/data/U_8/W_5/L_7/N_7_nmax_2/boundary_periodic/energies_full_U8_L7_N7_nmax2_W5_boundaryperiodic_nreal300.txt
9.0,5.0,0.44112002681236684,0.0011737892585454998,53400,300,300,180,180,0.0,0,7,,,7,2,periodic,pbs_bose_midpoint_L7/data/U_9/W_5/L_7/N_7_nmax_2/boundary_periodic/energies_full_U9_L7_N7_nmax2_W5_boundaryperiodic_nreal300.txt
1.0,6.0,0.470847604059066,0.0011576803471686399,53400,300,300,180,180,0.0,0,7,,,7,2,periodic,pbs_bose_midpoint_L7/data/U_1/W_6/L_7/N_7_nmax_2/boundary_periodic/energies_full_U1_L7_N7_nmax2_W6_boundaryperiodic_nreal300.txt
2.0,6.0,0.4759809561366467,0.001154595923102799,53400,300,300,180,180,0.0,0,7,,,7,2,periodic,pbs_bose_midpoint_L7/data/U_2/W_6/L_7/N_7_nmax_2/boundary_periodic/energies_full_U2_L7_N7_nmax2_W6_boundaryperiodic_nreal300.txt
3.0,6.0,0.47582045263169126,0.0011537720533689479,53400,300,300,180,180,0.0,0,7,,,7,2,periodic,pbs_bose_midpoint_L7/data/U_3/W_6/L_7/N_7_nmax_2/boundary_periodic/energies_full_U3_L7_N7_nmax2_W6_boundaryperiodic_nreal300.txt
4.0,6.0,0.47122196403173444,0.0011547530479537873,53400,300,300,180,180,0.0,0,7,,,7,2,periodic,pbs_bose_midpoint_L7/data/U_4/W_6/L_7/N_7_nmax_2/boundary_periodic/energies_full_U4_L7_N7_nmax2_W6_boundaryperiodic_nreal300.txt
5.0,6.0,0.46600876491118154,0.0011564262222706892,53400,300,300,180,180,0.0,0,7,,,7,2,periodic,pbs_bose_midpoint_L7/data/U_5/W_6/L_7/N_7_nmax_2/boundary_periodic/energies_full_U5_L7_N7_nmax2_W6_boundaryperiodic_nreal300.txt
6.0,6.0,0.45399822062138706,0.00116699677876761,53400,300,300,180,180,0.0,0,7,,,7,2,periodic,pbs_bose_midpoint_L7/data/U_6/W_6/L_7/N_7_nmax_2/boundary_periodic/energies_full_U6_L7_N7_nmax2_W6_boundaryperiodic_nreal300.txt
7.0,6.0,0.440202122794456,0.0011790744816367153,53400,300,300,180,180,0.0,0,7,,,7,2,periodic,pbs_bose_midpoint_L7/data/U_7/W_6/L_7/N_7_nmax_2/boundary_periodic/energies_full_U7_L7_N7_nmax2_W6_boundaryperiodic_nreal300.txt
8.0,6.0,0.4339081355600766,0.001177648369572701,53400,300,300,180,180,0.0,0,7,,,7,2,periodic,pbs_bose_midpoint_L7/data/U_8/W_6/L_7/N_7_nmax_2/boundary_periodic/energies_full_U8_L7_N7_nmax2_W6_boundaryperiodic_nreal300.txt
9.0,6.0,0.42776333419186596,0.001182949381210228,53400,300,300,180,180,0.0,0,7,,,7,2,periodic,pbs_bose_midpoint_L7/data/U_9/W_6/L_7/N_7_nmax_2/boundary_periodic/energies_full_U9_L7_N7_nmax2_W6_boundaryperiodic_nreal300.txt
1.0,7.0,0.456233088434811,0.0011658539067212093,53400,300,300,180,180,0.0,0,7,,,7,2,periodic,pbs_bose_midpoint_L7/data/U_1/W_7/L_7/N_7_nmax_2/boundary_periodic/energies_full_U1_L7_N7_nmax2_W7_boundaryperiodic_nreal300.txt
2.0,7.0,0.4587709997759049,0.001166120393949368,53400,300,300,180,180,0.0,0,7,,,7,2,periodic,pbs_bose_midpoint_L7/data/U_2/W_7/L_7/N_7_nmax_2/boundary_periodic/energies_full_U2_L7_N7_nmax2_W7_boundaryperiodic_nreal300.txt
3.0,7.0,0.4607345713166819,0.0011720814114548601,53400,300,300,180,180,0.0,0,7,,,7,2,periodic,pbs_bose_midpoint_L7/data/U_3/W_7/L_7/N_7_nmax_2/boundary_periodic/energies_full_U3_L7_N7_nmax2_W7_boundaryperiodic_nreal300.txt
4.0,7.0,0.45880227882442176,0.0011608321007330021,53400,300,300,180,180,0.0,0,7,,,7,2,periodic,pbs_bose_midpoint_L7/data/U_4/W_7/L_7/N_7_nmax_2/boundary_periodic/energies_full_U4_L7_N7_nmax2_W7_boundaryperiodic_nreal300.txt
5.0,7.0,0.45655459781461416,0.0011693524196429745,53400,300,300,180,180,0.0,0,7,,,7,2,periodic,pbs_bose_midpoint_L7/data/U_5/W_7/L_7/N_7_nmax_2/boundary_periodic/energies_full_U5_L7_N7_nmax2_W7_boundaryperiodic_nreal300.txt
6.0,7.0,0.44364220334662896,0.001172730339921088,53400,300,300,180,180,0.0,0,7,,,7,2,periodic,pbs_bose_midpoint_L7/data/U_6/W_7/L_7/N_7_nmax_2/boundary_periodic/energies_full_U6_L7_N7_nmax2_W7_boundaryperiodic_nreal300.txt
7.0,7.0,0.4327085307035128,0.0011830566170822183,53400,300,300,180,180,0.0,0,7,,,7,2,periodic,pbs_bose_midpoint_L7/data/U_7/W_7/L_7/N_7_nmax_2/boundary_periodic/energies_full_U7_L7_N7_nmax2_W7_boundaryperiodic_nreal300.txt
8.0,7.0,0.42640046652604513,0.0011819027375496595,53400,300,300,180,180,0.0,0,7,,,7,2,periodic,pbs_bose_midpoint_L7/data/U_8/W_7/L_7/N_7_nmax_2/boundary_periodic/energies_full_U8_L7_N7_nmax2_W7_boundaryperiodic_nreal300.txt
9.0,7.0,0.42119164898112643,0.0011907846038307535,53400,300,300,180,180,0.0,0,7,,,7,2,periodic,pbs_bose_midpoint_L7/data/U_9/W_7/L_7/N_7_nmax_2/boundary_periodic/energies_full_U9_L7_N7_nmax2_W7_boundaryperiodic_nreal300.txt
1.0,8.0,0.4384536124440774,0.0011805059380860863,53400,300,300,180,180,0.0,0,7,,,7,2,periodic,pbs_bose_midpoint_L7/data/U_1/W_8/L_7/N_7_nmax_2/boundary_periodic/energies_full_U1_L7_N7_nmax2_W8_boundaryperiodic_nreal300.txt
2.0,8.0,0.44348623039321866,0.0011848284332035973,53400,300,300,180,180,0.0,0,7,,,7,2,periodic,pbs_bose_midpoint_L7/data/U_2/W_8/L_7/N_7_nmax_2/boundary_periodic/energies_full_U2_L7_N7_nmax2_W8_boundaryperiodic_nreal300.txt
3.0,8.0,0.4493428181862848,0.0011717181749915345,53400,300,300,180,180,0.0,0,7,,,7,2,periodic,pbs_bose_midpoint_L7/data/U_3/W_8/L_7/N_7_nmax_2/boundary_periodic/energies_full_U3_L7_N7_nmax2_W8_boundaryperiodic_nreal300.txt
4.0,8.0,0.44743783052401137,0.0011717624834228966,53400,300,300,180,180,0.0,0,7,,,7,2,periodic,pbs_bose_midpoint_L7/data/U_4/W_8/L_7/N_7_nmax_2/boundary_periodic/energies_full_U4_L7_N7_nmax2_W8_boundaryperiodic_nreal300.txt
5.0,8.0,0.43891950643101263,0.0011764967990564696,53400,300,300,180,180,0.0,0,7,,,7,2,periodic,pbs_bose_midpoint_L7/data/U_5/W_8/L_7/N_7_nmax_2/boundary_periodic/energies_full_U5_L7_N7_nmax2_W8_boundaryperiodic_nreal300.txt
6.0,8.0,0.43324247863373583,0.0011793179711816401,53400,300,300,180,180,0.0,0,7,,,7,2,periodic,pbs_bose_midpoint_L7/data/U_6/W_8/L_7/N_7_nmax_2/boundary_periodic/energies_full_U6_L7_N7_nmax2_W8_boundaryperiodic_nreal300.txt
7.0,8.0,0.42755078284157005,0.0011829663048770489,53400,300,300,180,180,0.0,0,7,,,7,2,periodic,pbs_bose_midpoint_L7/data/U_7/W_8/L_7/N_7_nmax_2/boundary_periodic/energies_full_U7_L7_N7_nmax2_W8_boundaryperiodic_nreal300.txt
8.0,8.0,0.4195158072488795,0.0011885702033329522,53400,300,300,180,180,0.0,0,7,,,7,2,periodic,pbs_bose_midpoint_L7/data/U_8/W_8/L_7/N_7_nmax_2/boundary_periodic/energies_full_U8_L7_N7_nmax2_W8_boundaryperiodic_nreal300.txt
9.0,8.0,0.41763495320870214,0.001194296282744741,53400,300,300,180,180,0.0,0,7,,,7,2,periodic,pbs_bose_midpoint_L7/data/U_9/W_8/L_7/N_7_nmax_2/boundary_periodic/energies_full_U9_L7_N7_nmax2_W8_boundaryperiodic_nreal300.txt
1.0,9.0,0.4293380062902897,0.0011884453331255508,53400,300,300,180,180,0.0,0,7,,,7,2,periodic,pbs_bose_midpoint_L7/data/U_1/W_9/L_7/N_7_nmax_2/boundary_periodic/energies_full_U1_L7_N7_nmax2_W9_boundaryperiodic_nreal300.txt
2.0,9.0,0.43557557888701137,0.001183470514967733,53400,300,300,180,180,0.0,0,7,,,7,2,periodic,pbs_bose_midpoint_L7/data/U_2/W_9/L_7/N_7_nmax_2/boundary_periodic/energies_full_U2_L7_N7_nmax2_W9_boundaryperiodic_nreal300.txt
3.0,9.0,0.4371817734076095,0.0011876773074638162,53400,300,300,180,180,0.0,0,7,,,7,2,periodic,pbs_bose_midpoint_L7/data/U_3/W_9/L_7/N_7_nmax_2/boundary_periodic/energies_full_U3_L7_N7_nmax2_W9_boundaryperiodic_nreal300.txt
4.0,9.0,0.43305835056700087,0.0011802513777237345,53400,300,300,180,180,0.0,0,7,,,7,2,periodic,pbs_bose_midpoint_L7/data/U_4/W_9/L_7/N_7_nmax_2/boundary_periodic/energies_full_U4_L7_N7_nmax2_W9_boundaryperiodic_nreal300.txt
5.0,9.0,0.4332605339569965,0.0011865824537672677,53400,300,300,180,180,0.0,0,7,,,7,2,periodic,pbs_bose_midpoint_L7/data/U_5/W_9/L_7/N_7_nmax_2/boundary_periodic/energies_full_U5_L7_N7_nmax2_W9_boundaryperiodic_nreal300.txt
6.0,9.0,0.4275523964420029,0.0011821495298136083,53400,300,300,180,180,0.0,0,7,,,7,2,periodic,pbs_bose_midpoint_L7/data/U_6/W_9/L_7/N_7_nmax_2/boundary_periodic/energies_full_U6_L7_N7_nmax2_W9_boundaryperiodic_nreal300.txt
7.0,9.0,0.42400468742477454,0.0011916750650154653,53400,300,300,180,180,0.0,0,7,,,7,2,periodic,pbs_bose_midpoint_L7/data/U_7/W_9/L_7/N_7_nmax_2/boundary_periodic/energies_full_U7_L7_N7_nmax2_W9_boundaryperiodic_nreal300.txt
8.0,9.0,0.41717560636979306,0.0011922972605110064,53400,300,300,180,180,0.0,0,7,,,7,2,periodic,pbs_bose_midpoint_L7/data/U_8/W_9/L_7/N_7_nmax_2/boundary_periodic/energies_full_U8_L7_N7_nmax2_W9_boundaryperiodic_nreal300.txt
9.0,9.0,0.4129301655799701,0.0011989119481120637,53400,300,300,180,180,0.0,0,7,,,7,2,periodic,pbs_bose_midpoint_L7/data/U_9/W_9/L_7/N_7_nmax_2/boundary_periodic/energies_full_U9_L7_N7_nmax2_W9_boundaryperiodic_nreal300.txt
1.0,10.0,0.42360986133246153,0.0011944461828468003,53400,300,300,180,180,0.0,0,7,,,7,2,periodic,pbs_bose_midpoint_L7/data/U_1/W_10/L_7/N_7_nmax_2/boundary_periodic/energies_full_U1_L7_N7_nmax2_W10_boundaryperiodic_nreal300.txt
2.0,10.0,0.422335395350402,0.0011838404549723547,53400,300,300,180,180,0.0,0,7,,,7,2,periodic,pbs_bose_midpoint_L7/data/U_2/W_10/L_7/N_7_nmax_2/boundary_periodic/energies_full_U2_L7_N7_nmax2_W10_boundaryperiodic_nreal300.txt
3.0,10.0,0.4306238997286169,0.0011908611411951117,53400,300,300,180,180,0.0,0,7,,,7,2,periodic,pbs_bose_midpoint_L7/data/U_3/W_10/L_7/N_7_nmax_2/boundary_periodic/energies_full_U3_L7_N7_nmax2_W10_boundaryperiodic_nreal300.txt
4.0,10.0,0.42926779346898625,0.0011844715083875828,53400,300,300,180,180,0.0,0,7,,,7,2,periodic,pbs_bose_midpoint_L7/data/U_4/W_10/L_7/N_7_nmax_2/boundary_periodic/energies_full_U4_L7_N7_nmax2_W10_boundaryperiodic_nreal300.txt
5.0,10.0,0.426777029204638,0.0011881683774538643,53400,300,300,180,180,0.0,0,7,,,7,2,periodic,pbs_bose_midpoint_L7/data/U_5/W_10/L_7/N_7_nmax_2/boundary_periodic/energies_full_U5_L7_N7_nmax2_W10_boundaryperiodic_nreal300.txt
6.0,10.0,0.4245943222678437,0.001188027811207421,53400,300,300,180,180,0.0,0,7,,,7,2,periodic,pbs_bose_midpoint_L7/data/U_6/W_10/L_7/N_7_nmax_2/boundary_periodic/energies_full_U6_L7_N7_nmax2_W10_boundaryperiodic_nreal300.txt
7.0,10.0,0.416958729331253,0.0011883042792701375,53400,300,300,180,180,0.0,0,7,,,7,2,periodic,pbs_bose_midpoint_L7/data/U_7/W_10/L_7/N_7_nmax_2/boundary_periodic/energies_full_U7_L7_N7_nmax2_W10_boundaryperiodic_nreal300.txt
8.0,10.0,0.4121495977720169,0.0011932892026056945,53400,300,300,180,180,0.0,0,7,,,7,2,periodic,pbs_bose_midpoint_L7/data/U_8/W_10/L_7/N_7_nmax_2/boundary_periodic/energies_full_U8_L7_N7_nmax2_W10_boundaryperiodic_nreal300.txt
9.0,10.0,0.41305443920841967,0.0011984515218382875,53400,300,300,180,180,0.0,0,7,,,7,2,periodic,pbs_bose_midpoint_L7/data/U_9/W_10/L_7/N_7_nmax_2/boundary_periodic/energies_full_U9_L7_N7_nmax2_W10_boundaryperiodic_nreal300.txt
1.0,11.0,0.41614329099509967,0.0011951099388230887,53400,300,300,180,180,0.0,0,7,,,7,2,periodic,pbs_bose_midpoint_L7/data/U_1/W_11/L_7/N_7_nmax_2/boundary_periodic/energies_full_U1_L7_N7_nmax2_W11_boundaryperiodic_nreal300.txt
2.0,11.0,0.4185473572110513,0.0011875611046705474,53400,300,300,180,180,0.0,0,7,,,7,2,periodic,pbs_bose_midpoint_L7/data/U_2/W_11/L_7/N_7_nmax_2/boundary_periodic/energies_full_U2_L7_N7_nmax2_W11_boundaryperiodic_nreal300.txt
3.0,11.0,0.4202765082191681,0.00119200998403002,53400,300,300,180,180,0.0,0,7,,,7,2,periodic,pbs_bose_midpoint_L7/data/U_3/W_11/L_7/N_7_nmax_2/boundary_periodic/energies_full_U3_L7_N7_nmax2_W11_boundaryperiodic_nreal300.txt
4.0,11.0,0.42254483210145966,0.0011934655029653062,53400,300,300,180,180,0.0,0,7,,,7,2,periodic,pbs_bose_midpoint_L7/data/U_4/W_11/L_7/N_7_nmax_2/boundary_periodic/energies_full_U4_L7_N7_nmax2_W11_boundaryperiodic_nreal300.txt
5.0,11.0,0.4180597224802183,0.0011893891370871898,53400,300,300,180,180,0.0,0,7,,,7,2,periodic,pbs_bose_midpoint_L7/data/U_5/W_11/L_7/N_7_nmax_2/boundary_periodic/energies_full_U5_L7_N7_nmax2_W11_boundaryperiodic_nreal300.txt
6.0,11.0,0.4170700464804377,0.0011916092947023764,53400,300,300,180,180,0.0,0,7,,,7,2,periodic,pbs_bose_midpoint_L7/data/U_6/W_11/L_7/N_7_nmax_2/boundary_periodic/energies_full_U6_L7_N7_nmax2_W11_boundaryperiodic_nreal300.txt
7.0,11.0,0.4169769356806523,0.0011917724968628267,53400,300,300,180,180,0.0,0,7,,,7,2,periodic,pbs_bose_midpoint_L7/data/U_7/W_11/L_7/N_7_nmax_2/boundary_periodic/energies_full_U7_L7_N7_nmax2_W11_boundaryperiodic_nreal300.txt
8.0,11.0,0.4101697745843972,0.001192921716050887,53400,300,300,180,180,0.0,0,7,,,7,2,periodic,pbs_bose_midpoint_L7/data/U_8/W_11/L_7/N_7_nmax_2/boundary_periodic/energies_full_U8_L7_N7_nmax2_W11_boundaryperiodic_nreal300.txt
9.0,11.0,0.4098747328448577,0.0011941082310845377,53400,300,300,180,180,0.0,0,7,,,7,2,periodic,pbs_bose_midpoint_L7/data/U_9/W_11/L_7/N_7_nmax_2/boundary_periodic/energies_full_U9_L7_N7_nmax2_W11_boundaryperiodic_nreal300.txt
1.0,12.0,0.4120163445790505,0.0011992186758420533,53400,300,300,180,180,0.0,0,7,,,7,2,periodic,pbs_bose_midpoint_L7/data/U_1/W_12/L_7/N_7_nmax_2/boundary_periodic/energies_full_U1_L7_N7_nmax2_W12_boundaryperiodic_nreal300.txt
2.0,12.0,0.4153490793051273,0.0011966318794718346,53400,300,300,180,180,0.0,0,7,,,7,2,periodic,pbs_bose_midpoint_L7/data/U_2/W_12/L_7/N_7_nmax_2/boundary_periodic/energies_full_U2_L7_N7_nmax2_W12_boundaryperiodic_nreal300.txt
3.0,12.0,0.41411543799120887,0.00119883096979943,53400,300,300,180,180,0.0,0,7,,,7,2,periodic,pbs_bose_midpoint_L7/data/U_3/W_12/L_7/N_7_nmax_2/boundary_periodic/energies_full_U3_L7_N7_nmax2_W12_boundaryperiodic_nreal300.txt
4.0,12.0,0.4173424378007208,0.0011982381585454826,53400,300,300,180,180,0.0,0,7,,,7,2,periodic,pbs_bose_midpoint_L7/data/U_4/W_12/L_7/N_7_nmax_2/boundary_periodic/energies_full_U4_L7_N7_nmax2_W12_boundaryperiodic_nreal300.txt
5.0,12.0,0.41852182588555903,0.0011954115757638242,53400,300,300,180,180,0.0,0,7,,,7,2,periodic,pbs_bose_midpoint_L7/data/U_5/W_12/L_7/N_7_nmax_2/boundary_periodic/energies_full_U5_L7_N7_nmax2_W12_boundaryperiodic_nreal300.txt
6.0,12.0,0.4130909770087278,0.0011930015253538383,53400,300,300,180,180,0.0,0,7,,,7,2,periodic,pbs_bose_midpoint_L7/data/U_6/W_12/L_7/N_7_nmax_2/boundary_periodic/energies_full_U6_L7_N7_nmax2_W12_boundaryperiodic_nreal300.txt
7.0,12.0,0.4131052895102184,0.001196448130900816,53400,300,300,180,180,0.0,0,7,,,7,2,periodic,pbs_bose_midpoint_L7/data/U_7/W_12/L_7/N_7_nmax_2/boundary_periodic/energies_full_U7_L7_N7_nmax2_W12_boundaryperiodic_nreal300.txt
8.0,12.0,0.41118448774504013,0.0011995622980308918,53400,300,300,180,180,0.0,0,7,,,7,2,periodic,pbs_bose_midpoint_L7/data/U_8/W_12/L_7/N_7_nmax_2/boundary_periodic/energies_full_U8_L7_N7_nmax2_W12_boundaryperiodic_nreal300.txt
9.0,12.0,0.40605416945718315,0.0011983883019268395,53400,300,300,180,180,0.0,0,7,,,7,2,periodic,pbs_bose_midpoint_L7/data/U_9/W_12/L_7/N_7_nmax_2/boundary_periodic/energies_full_U9_L7_N7_nmax2_W12_boundaryperiodic_nreal300.txt
1.0,13.0,0.40398661399679653,0.0011975147615377177,53400,300,300,180,180,0.0,0,7,,,7,2,periodic,pbs_bose_midpoint_L7/data/U_1/W_13/L_7/N_7_nmax_2/boundary_periodic/energies_full_U1_L7_N7_nmax2_W13_boundaryperiodic_nreal300.txt
2.0,13.0,0.409732539048169,0.0011964614671553834,53400,300,300,180,180,0.0,0,7,,,7,2,periodic,pbs_bose_midpoint_L7/data/U_2/W_13/L_7/N_7_nmax_2/boundary_periodic/energies_full_U2_L7_N7_nmax2_W13_boundaryperiodic_nreal300.txt
3.0,13.0,0.41060979792156665,0.0011966037405340899,53400,300,300,180,180,0.0,0,7,,,7,2,periodic,pbs_bose_midpoint_L7/data/U_3/W_13/L_7/N_7_nmax_2/boundary_periodic/energies_full_U3_L7_N7_nmax2_W13_boundaryperiodic_nreal300.txt
4.0,13.0,0.41061115267042214,0.0011944247570435953,53400,300,300,180,180,0.0,0,7,,,7,2,periodic,pbs_bose_midpoint_L7/data/U_4/W_13/L_7/N_7_nmax_2/boundary_periodic/energies_full_U4_L7_N7_nmax2_W13_boundaryperiodic_nreal300.txt
5.0,13.0,0.4120581658307917,0.0012027307711923144,53400,300,300,180,180,0.0,0,7,,,7,2,periodic,pbs_bose_midpoint_L7/data/U_5/W_13/L_7/N_7_nmax_2/boundary_periodic/energies_full_U5_L7_N7_nmax2_W13_boundaryperiodic_nreal300.txt
6.0,13.0,0.4124915016078962,0.001195536639667207,53400,300,300,180,180,0.0,0,7,,,7,2,periodic,pbs_bose_midpoint_L7/data/U_6/W_13/L_7/N_7_nmax_2/boundary_periodic/energies_full_U6_L7_N7_nmax2_W13_boundaryperiodic_nreal300.txt
7.0,13.0,0.4100128929299358,0.00120242116212835,53400,300,300,180,180,0.0,0,7,,,7,2,periodic,pbs_bose_midpoint_L7/data/U_7/W_13/L_7/N_7_nmax_2/boundary_periodic/energies_full_U7_L7_N7_nmax2_W13_boundaryperiodic_nreal300.txt
8.0,13.0,0.4087502272668731,0.0011961875964537278,53400,300,300,180,180,0.0,0,7,,,7,2,periodic,pbs_bose_midpoint_L7/data/U_8/W_13/L_7/N_7_nmax_2/boundary_periodic/energies_full_U8_L7_N7_nmax2_W13_boundaryperiodic_nreal300.txt
9.0,13.0,0.40484693930639226,0.001195162609339711,53400,300,300,180,180,0.0,0,7,,,7,2,periodic,pbs_bose_midpoint_L7/data/U_9/W_13/L_7/N_7_nmax_2/boundary_periodic/energies_full_U9_L7_N7_nmax2_W13_boundaryperiodic_nreal300.txt
1.0,14.0,0.4049540672583761,0.0011963059416479382,53400,300,300,180,180,0.0,0,7,,,7,2,periodic,pbs_bose_midpoint_L7/data/U_1/W_14/L_7/N_7_nmax_2/boundary_periodic/energies_full_U1_L7_N7_nmax2_W14_boundaryperiodic_nreal300.txt
2.0,14.0,0.4078369011598986,0.0012033243964109182,53400,300,300,180,180,0.0,0,7,,,7,2,periodic,pbs_bose_midpoint_L7/data/U_2/W_14/L_7/N_7_nmax_2/boundary_periodic/energies_full_U2_L7_N7_nmax2_W14_boundaryperiodic_nreal300.txt
3.0,14.0,0.40847651972980226,0.001201712276599762,53400,300,300,180,180,0.0,0,7,,,7,2,periodic,pbs_bose_midpoint_L7/data/U_3/W_14/L_7/N_7_nmax_2/boundary_periodic/energies_full_U3_L7_N7_nmax2_W14_boundaryperiodic_nreal300.txt
4.0,14.0,0.41117785332539486,0.0011980607138386455,53400,300,300,180,180,0.0,0,7,,,7,2,periodic,pbs_bose_midpoint_L7/data/U_4/W_14/L_7/N_7_nmax_2/boundary_periodic/energies_full_U4_L7_N7_nmax2_W14_boundaryperiodic_nreal300.txt
5.0,14.0,0.41033478192554734,0.0011972563701065516,53400,300,300,180,180,0.0,0,7,,,7,2,periodic,pbs_bose_midpoint_L7/data/U_5/W_14/L_7/N_7_nmax_2/boundary_periodic/energies_full_U5_L7_N7_nmax2_W14_boundaryperiodic_nreal300.txt
6.0,14.0,0.40860865365441135,0.0011973418470361196,53400,300,300,180,180,0.0,0,7,,,7,2,periodic,pbs_bose_midpoint_L7/data/U_6/W_14/L_7/N_7_nmax_2/boundary_periodic/energies_full_U6_L7_N7_nmax2_W14_boundaryperiodic_nreal300.txt
7.0,14.0,0.4063652396693168,0.001198425960429947,53400,300,300,180,180,0.0,0,7,,,7,2,periodic,pbs_bose_midpoint_L7/data/U_7/W_14/L_7/N_7_nmax_2/boundary_periodic/energies_full_U7_L7_N7_nmax2_W14_boundaryperiodic_nreal300.txt
8.0,14.0,0.40762342318316663,0.0012045509959347197,53400,300,300,180,180,0.0,0,7,,,7,2,periodic,pbs_bose_midpoint_L7/data/U_8/W_14/L_7/N_7_nmax_2/boundary_periodic/energies_full_U8_L7_N7_nmax2_W14_boundaryperiodic_nreal300.txt
9.0,14.0,0.40472921672957973,0.0011965613248206867,53400,300,300,180,180,0.0,0,7,,,7,2,periodic,pbs_bose_midpoint_L7/data/U_9/W_14/L_7/N_7_nmax_2/boundary_periodic/energies_full_U9_L7_N7_nmax2_W14_boundaryperiodic_nreal300.txt
1.0,15.0,0.4031429519855604,0.0011999471260628633,53400,300,300,180,180,0.0,0,7,,,7,2,periodic,pbs_bose_midpoint_L7/data/U_1/W_15/L_7/N_7_nmax_2/boundary_periodic/energies_full_U1_L7_N7_nmax2_W15_boundaryperiodic_nreal300.txt
2.0,15.0,0.4045960144724233,0.0012003658373912509,53400,300,300,180,180,0.0,0,7,,,7,2,periodic,pbs_bose_midpoint_L7/data/U_2/W_15/L_7/N_7_nmax_2/boundary_periodic/energies_full_U2_L7_N7_nmax2_W15_boundaryperiodic_nreal300.txt
3.0,15.0,0.40172826303768766,0.0012009172875778536,53400,300,300,180,180,0.0,0,7,,,7,2,periodic,pbs_bose_midpoint_L7/data/U_3/W_15/L_7/N_7_nmax_2/boundary_periodic/energies_full_U3_L7_N7_nmax2_W15_boundaryperiodic_nreal300.txt
4.0,15.0,0.4050144803115075,0.0011954814050509886,53400,300,300,180,180,0.0,0,7,,,7,2,periodic,pbs_bose_midpoint_L7/data/U_4/W_15/L_7/N_7_nmax_2/boundary_periodic/energies_full_U4_L7_N7_nmax2_W15_boundaryperiodic_nreal300.txt
5.0,15.0,0.4088048109976539,0.0012029569165676551,53400,300,300,180,180,0.0,0,7,,,7,2,periodic,pbs_bose_midpoint_L7/data/U_5/W_15/L_7/N_7_nmax_2/boundary_periodic/energies_full_U5_L7_N7_nmax2_W15_boundaryperiodic_nreal300.txt
6.0,15.0,0.4053374288659729,0.0011979952206945892,53400,300,300,180,180,0.0,0,7,,,7,2,periodic,pbs_bose_midpoint_L7/data/U_6/W_15/L_7/N_7_nmax_2/boundary_periodic/energies_full_U6_L7_N7_nmax2_W15_boundaryperiodic_nreal300.txt
7.0,15.0,0.40507171183645735,0.0011962430135699826,53400,300,300,180,180,0.0,0,7,,,7,2,periodic,pbs_bose_midpoint_L7/data/U_7/W_15/L_7/N_7_nmax_2/boundary_periodic/energies_full_U7_L7_N7_nmax2_W15_boundaryperiodic_nreal300.txt
8.0,15.0,0.40342202206920413,0.0011997116332547705,53400,300,300,180,180,0.0,0,7,,,7,2,periodic,pbs_bose_midpoint_L7/data/U_8/W_15/L_7/N_7_nmax_2/boundary_periodic/energies_full_U8_L7_N7_nmax2_W15_boundaryperiodic_nreal300.txt
9.0,15.0,0.40061899461663,0.0012000081850360015,53400,300,300,180,180,0.0,0,7,,,7,2,periodic,pbs_bose_midpoint_L7/data/U_9/W_15/L_7/N_7_nmax_2/boundary_periodic/energies_full_U9_L7_N7_nmax2_W15_boundaryperiodic_nreal300.txt
