L,N,nmax,U,W,gamma,kappa,S2_model_over_lnD,data_entropy,data_lnPR_over_lnD_available
7,7,2,1.0,1.0,1.0,-0.0,1.0,0.8712798733702439,False
7,7,2,2.0,1.0,1.0,0.9034923148418085,0.9368384753044335,0.854732485551386,False
7,7,2,3.0,1.0,1.0,1.6268173029883375,0.7948536854025264,0.82301718345359,False
7,7,2,4.0,1.0,1.0,2.174324060325582,0.6476791973840823,0.778095199913088,False
7,7,2,5.0,1.0,1.0,2.608349553112903,0.522425046812129,0.741253097097262,False
7,7,2,6.0,1.0,1.0,2.96651198327419,0.4235499939959197,0.7203009694919521,False
7,7,2,7.0,1.0,1.0,3.2709687373934715,0.34714279863132,0.7052880309044021,False
7,7,2,8.0,1.0,1.0,3.5355619932499955,0.28801799676822226,0.6945220735919441,False
7,7,2,9.0,1.0,1.0,3.769446788163347,0.24183117822520336,0.685920638522922,False
7,7,2,10.0,1.0,1.0,3.978971147184103,0.20531849059355353,0.6777197958181539,False
7,7,2,1.0,2.0,1.0,-0.0,1.0,0.8601579767469281,False
7,7,2,2.0,2.0,1.0,0.7034019527676205,0.9621992640790694,0.84413071047947,False
7,7,2,3.0,2.0,1.0,1.4921476321413518,0.8266605384870696,0.8100833959710719,False
7,7,2,4.0,2.0,1.0,2.0979712795525116,0.6694328335579481,0.761938937862586,False
7,7,2,5.0,2.0,1.0,2.563188742669635,0.5353542871098185,0.711903806521824,False
7,7,2,6.0,2.0,1.0,2.938994937571852,0.4308473784774862,0.6771373272321519,False
7,7,2,7.0,2.0,1.0,3.2542616328215703,0.3511131474045774,0.657855620896632,False
7,7,2,8.0,2.0,1.0,3.5259255429715064,0.2900444904053664,0.642231314302374,False
7,7,2,9.0,2.0,1.0,3.7646788782550913,0.24271520999815763,0.6355965680114921,False
7,7,2,10.0,2.0,1.0,3.977694855995305,0.20552722971440532,0.625743741070502,False
7,7,2,1.0,3.0,1.0,-0.0,1.0,0.829159752930912,False
7,7,2,2.0,3.0,1.0,0.4358313298321983,0.9858683570365048,0.817642260805984,False
7,7,2,3.0,3.0,1.0,1.1234471010399045,0.9016132381683405,0.7818752896776779,False
7,7,2,4.0,3.0,1.0,1.8258083302493584,0.7441984797352769,0.7309734539569039,False
7,7,2,5.0,3.0,1.0,2.3580851549486366,0.5946370194811267,0.671561702304112,False
7,7,2,6.0,3.0,1.0,2.769981132694788,0.4768602350006457,0.623639169366938,False
7,7,2,7.0,3.0,1.0,3.1062514181173806,0.38744858576123886,0.59591092504784,False
7,7,2,8.0,3.0,1.0,3.3911630671350346,0.3193974114251567,0.576590114771604,False
7,7,2,9.0,3.0,1.0,3.638810171495211,0.2669181202815083,0.5612819033762919,False
7,7,2,10.0,3.0,1.0,3.8580903757496805,0.2258286884493016,0.5569275459449421,False
7,7,2,1.0,4.0,1.0,-0.0,1.0,0.78037338839261,False
7,7,2,2.0,4.0,1.0,0.2873496762803279,0.993978942534994,0.772027673407966,False
7,7,2,3.0,4.0,1.0,0.7477005630165895,0.9571462389912475,0.7410750676922201,False
7,7,2,4.0,4.0,1.0,1.402543907460171,0.8465811759829148,0.685371025758596,False
7,7,2,5.0,4.0,1.0,2.0440927585843425,0.684619297704941,0.626148522784808,False
7,7,2,6.0,4.0,1.0,2.525820852618264,0.5460998577782611,0.572906138956584,False
7,7,2,7.0,4.0,1.0,2.8999522237105255,0.441300085413645,0.533138839164536,False
7,7,2,8.0,4.0,1.0,3.2073056079785363,0.3624169268674256,0.502423402572934,False
7,7,2,9.0,4.0,1.0,3.4693787104893814,0.3021316305808207,0.49418884799753604,False
7,7,2,10.0,4.0,1.0,3.698515228347667,0.2552295013319141,0.484610768520066,False
7,7,2,1.0,5.0,1.0,-0.0,1.0,0.7210305643077,False
7,7,2,2.0,5.0,1.0,0.20859138744682262,0.9968662156454225,0.712635859844812,False
7,7,2,3.0,5.0,1.0,0.5247992826580157,0.9793014892788123,0.683441968600258,False
7,7,2,4.0,5.0,1.0,0.98378134980771,0.9248530660998202,0.64116272775895,False
7,7,2,5.0,5.0,1.0,1.609274670169283,0.7991177556606573,0.585078031252744,False
7,7,2,6.0,5.0,1.0,2.2060105194439945,0.6385871528761842,0.5231893956909901,False
7,7,2,7.0,5.0,1.0,2.6505751314787003,0.5104042176593198,0.49276463714523006,False
7,7,2,8.0,5.0,1.0,2.9963200971479274,0.4157124375467921,0.461999760150842,False
7,7,2,9.0,5.0,1.0,3.2814315207967244,0.3446703147923302,0.44194623717725,False
7,7,2,10.0,5.0,1.0,3.5255731655776525,0.29011877791182134,0.42859670599687,False
7,7,2,1.0,6.0,1.0,-0.0,1.0,0.659259182738228,False
7,7,2,2.0,6.0,1.0,0.16192726793169562,0.998126462182994,0.64797319700608,False
7,7,2,3.0,6.0,1.0,0.39691926822704837,0.988335938377435,0.6360731540568679,False
7,7,2,4.0,6.0,1.0,0.7198294940657398,0.9603629364167907,0.591156507652244,False
7,7,2,5.0,6.0,1.0,1.1721301845208267,0.89281844152946,0.5393778310473321,False
7,7,2,6.0,6.0,1.0,1.773134908060775,0.7579921734797731,0.483046517201672,False
7,7,2,7.0,6.0,1.0,2.335344253036694,0.6012285373976639,0.44949485671885797,False
7,7,2,8.0,6.0,1.0,2.751237413014534,0.4820759997559417,0.41443298067601403,False
7,7,2,9.0,6.0,1.0,3.074722720831055,0.39544826685141443,0.39616038031210804,False
7,7,2,10.0,6.0,1.0,3.3420919947558114,0.330549512032747,0.38588955498477195,False
7,7,2,1.0,7.0,1.0,-0.0,1.0,0.5952369556411741,False
7,7,2,2.0,7.0,1.0,0.1315856458008709,0.9987695016550532,0.5969668657879399,False
7,7,2,3.0,7.0,1.0,0.3167759903889918,0.9926510631760528,0.5777922540548541,False
7,7,2,4.0,7.0,1.0,0.5600494986713281,0.9763414104340942,0.5444660363305679,False
7,7,2,5.0,7.0,1.0,0.8835042950528668,0.9396629844978001,0.504510768849508,False
7,7,2,6.0,7.0,1.0,1.3282531483042501,0.8622959736208637,0.45971702904331196,False
7,7,2,7.0,7.0,1.0,1.908826415552748,0.7219619513985832,0.413515221551396,False
7,7,2,8.0,7.0,1.0,2.4434719145743626,0.569889763702039,0.37938213789442204,False
7,7,2,9.0,7.0,1.0,2.8364412540393955,0.45853752001435183,0.36341184637771595,False
7,7,2,10.0,7.0,1.0,3.1419110782977406,0.37850799448423483,0.34943115455637996,False
7,7,2,1.0,8.0,1.0,-0.0,1.0,0.538758239302546,False
7,7,2,2.0,8.0,1.0,0.1104600688318826,0.999136269070599,0.540265310799824,False
7,7,2,3.0,8.0,1.0,0.26253258491527465,0.9949929287250364,0.531934295310364,False
7,7,2,4.0,8.0,1.0,0.45594247373976216,0.9844968075689579,0.514173765964686,False
7,7,2,5.0,8.0,1.0,0.7019020198594124,0.9623647258492749,0.477538002437248,False
7,7,2,6.0,8.0,1.0,1.023860598724153,0.9184911159471648,0.432027877673164,False
7,7,2,7.0,8.0,1.0,1.4613286474879803,0.8336283870668504,0.39604831021145204,False
7,7,2,8.0,8.0,1.0,2.024635089008997,0.6900644164162556,0.361008266023504,False
7,7,2,9.0,8.0,1.0,2.5366523108705863,0.5429812514939609,0.33458904410360196,False
7,7,2,10.0,8.0,1.0,2.9107848061225314,0.4383885827530636,0.321352822941626,False
7,7,2,1.0,9.0,1.0,-0.0,1.0,0.487026155606148,False
7,7,2,2.0,9.0,1.0,0.09498324047552106,0.9993632184342882,0.49082052729223,False
7,7,2,3.0,9.0,1.0,0.22362533126029902,0.9963893316572103,0.481916264285216,False
7,7,2,4.0,9.0,1.0,0.3834274971466761,0.9891344258205488,0.464602098357922,False
7,7,2,5.0,9.0,1.0,0.580144490868848,0.9745626490271206,0.442391771842416,False
7,7,2,6.0,9.0,1.0,0.8266687049428528,0.9473436479602015,0.413620530851294,False
7,7,2,7.0,9.0,1.0,1.1464222595129274,0.8975065551368827,0.37257512232333395,False
7,7,2,8.0,9.0,1.0,1.5771678173034929,0.8068303516696689,0.34494267158729597,False
7,7,2,9.0,9.0,1.0,2.1256692481755683,0.6615698209247608,0.31902266123178,False
7,7,2,10.0,9.0,1.0,2.6186932004633863,0.519473878720247,0.299080564075144,False
7,7,2,1.0,10.0,1.0,-0.0,1.0,0.44776538463469795,False
7,7,2,2.0,10.0,1.0,0.08319478250067015,0.9995125794667854,0.4522204889661,False
7,7,2,3.0,10.0,1.0,0.19446382667207668,0.9972827467908428,0.45335479896098,False
7,7,2,4.0,10.0,1.0,0.3302618783408102,0.9919967048519084,0.428960449383286,False
7,7,2,5.0,10.0,1.0,0.4934778487908559,0.981760773434765,0.41455635850784595,False
7,7,2,6.0,10.0,1.0,0.6915243011435583,0.9634994029439952,0.385870754167304,False
7,7,2,7.0,10.0,1.0,0.9377039677152387,0.9318561617979638,0.35715254934886603,False
7,7,2,8.0,10.0,1.0,1.2550426353916033,0.8770408539522067,0.329487717122252,False
7,7,2,9.0,10.0,1.0,1.6796591539396386,0.7818021543721837,0.304721427601936,False
7,7,2,10.0,10.0,1.0,2.215294781745252,0.6359172919709632,0.278382500250234,False
7,7,2,1.0,11.0,1.0,-0.0,1.0,0.42115657865071604,False
7,7,2,2.0,11.0,1.0,0.07393698105537044,0.9996157167175254,0.41788680844224396,False
7,7,2,3.0,11.0,1.0,0.17184841118444724,0.9978861935381484,0.414114052971928,False
7,7,2,4.0,11.0,1.0,0.28972049280640366,0.9938770167025084,0.399970848942054,False
7,7,2,5.0,11.0,1.0,0.4288511190366179,0.9863290439279337,0.38429159397728196,False
7,7,2,6.0,11.0,1.0,0.5936814385849404,0.9733269690938451,0.36412701875034,False
7,7,2,7.0,11.0,1.0,0.7921448409839361,0.951754104763854,0.336250451751164,False
7,7,2,8.0,11.0,1.0,1.0375666850388756,0.9162582755227209,0.318458917740806,False
7,7,2,9.0,11.0,1.0,1.3524833478480551,0.8572524604996661,0.293110722956174,False
7,7,2,10.0,11.0,1.0,1.7715232813620665,0.758410094595633,0.26697697082003,False
7,7,2,1.0,12.0,1.0,-0.0,1.0,0.388997228149386,False
7,7,2,2.0,12.0,1.0,0.06648566859047071,0.9996897248815216,0.39784187650889996,False
7,7,2,3.0,12.0,1.0,0.15382756779621487,0.9983116204900371,0.37606066937693594,False
7,7,2,4.0,12.0,1.0,0.2578396309040377,0.9951738411456558,0.377680873141138,False
7,7,2,5.0,12.0,1.0,0.37889523020564053,0.9893960870635565,0.366729337896046,False
7,7,2,6.0,12.0,1.0,0.5197265364955773,0.9797106901273482,0.34118993862506797,False
7,7,2,7.0,12.0,1.0,0.6853080852082472,0.9641706004888488,0.31929531668509403,False
7,7,2,8.0,12.0,1.0,0.8837298317142486,0.9396314706635722,0.300001291847206,False
7,7,2,9.0,12.0,1.0,1.1282064697494065,0.9007690019233603,0.281021516010016,False
7,7,2,10.0,12.0,1.0,1.440778324722137,0.8382074242561046,0.262129870698114,False
7,7,2,1.0,13.0,1.0,-0.0,1.0,0.35973078148005594,False
7,7,2,2.0,13.0,1.0,0.06036623179603649,0.999744523283255,0.3538720828634616,False
7,7,2,3.0,13.0,1.0,0.13914818129290268,0.9986221072918826,0.356155102393402,False
7,7,2,4.0,13.0,1.0,0.23214357798369029,0.9961036713794551,0.35211440178305997,False
7,7,2,5.0,13.0,1.0,0.3391702754288249,0.9915485978883432,0.337088843423904,False
7,7,2,6.0,13.0,1.0,0.4619249579631062,0.9840761178962444,0.319544754593104,False
7,7,2,7.0,13.0,1.0,0.6036548405862672,0.9723972953064547,0.30447442119329604,False
7,7,2,8.0,13.0,1.0,0.7695333153382138,0.9545376900073341,0.29082900199293404,False
7,7,2,9.0,13.0,1.0,0.9676711474665534,0.9273395880280059,0.27344432695676196,False
7,7,2,10.0,13.0,1.0,1.2111257624766558,0.8855218532612419,0.255693861712292,False
7,7,2,1.0,14.0,1.0,-0.0,1.0,0.331273161504654,False
7,7,2,2.0,14.0,1.0,0.055255412012096376,0.9997861697762263,0.34217773968602794,False
7,7,2,3.0,14.0,1.0,0.12697094307786994,0.9988552622389395,0.33383906445540096,False
7,7,2,4.0,14.0,1.0,0.2110109648554418,0.9967918113078699,0.31995986087995604,False
7,7,2,5.0,14.0,1.0,0.3068522416603117,0.9931141644141558,0.3173551659789142,False
7,7,2,6.0,14.0,1.0,0.41553654669762957,0.9871858980662208,0.309344693356228,False
7,7,2,7.0,14.0,1.0,0.5392481462781328,0.9781128288075416,0.28878527117512204,False
7,7,2,8.0,14.0,1.0,0.6814428123983848,0.9645847535154058,0.27863994780933,False
7,7,2,9.0,14.0,1.0,0.8473637453680424,0.9446072508915759,0.265833263473244,False
7,7,2,10.0,14.0,1.0,1.0450871208871804,0.9150208161442349,0.24461911664442,False
7,7,2,1.0,15.0,1.0,-0.0,1.0,0.3272344968730424,False
7,7,2,2.0,15.0,1.0,0.050925831164320166,0.9998185246634783,0.31762311971735296,False
7,7,2,3.0,15.0,1.0,0.11671365273136473,0.9990345763073688,0.31418590798812795,False
7,7,2,4.0,15.0,1.0,0.1933376286752201,0.9973146382223649,0.3035582488967038,False
7,7,2,5.0,15.0,1.0,0.28006309072404584,0.9942866752548509,0.30228936032976106,False
7,7,2,6.0,15.0,1.0,0.37750301462117497,0.989475800929795,0.29240444231588403,False
7,7,2,7.0,15.0,1.0,0.4871577977093963,0.9822375520603339,0.275818993401272,False
7,7,2,8.0,15.0,1.0,0.6114176022792017,0.9716623628291435,0.25964790622765,False
7,7,2,9.0,15.0,1.0,0.753826279466924,0.9564222072206995,0.25412950299278403,False
7,7,2,10.0,15.0,1.0,0.9196412624758832,0.9345098697675422,0.241342473411992,False
7,7,3,1.0,1.0,1.0,-0.0,1.0,0.8848784753102721,False
7,7,3,2.0,1.0,1.0,0.9542236982106044,0.8566790631993754,0.848697765095802,False
7,7,3,3.0,1.0,1.0,1.6853808848218723,0.682444265824013,0.781211358104136,False
7,7,3,4.0,1.0,1.0,2.23524113765889,0.542074026832271,0.7035630336633101,False
7,7,3,5.0,1.0,1.0,2.6702777036578134,0.4316358168216659,0.6520149283978199,False
7,7,3,6.0,1.0,1.0,3.0289678763270778,0.34726028310960133,0.616630993181318,False
7,7,3,7.0,1.0,1.0,3.333735440703606,0.283153098902813,0.590185208401338,False
7,7,3,8.0,1.0,1.0,3.5985274267920597,0.2340521107124376,0.566117928033236,False
7,7,3,9.0,1.0,1.0,3.8325471027027684,0.19596124197828918,0.543795211368348,False
7,7,3,10.0,1.0,1.0,4.042167257404155,0.16600177224135668,0.527385946854046,False
7,7,3,1.0,2.0,1.0,-0.0,1.0,0.8744402013618621,False
7,7,3,2.0,2.0,1.0,0.8028942398574261,0.8903183637589092,0.8327676367496281,False
7,7,3,3.0,2.0,1.0,1.5970037465022289,0.7043367213482545,0.7522367140645321,False
7,7,3,4.0,2.0,1.0,2.2009179100112655,0.5509418652197171,0.651720876891332,False
7,7,3,5.0,2.0,1.0,2.66475631616099,0.4329952932692231,0.56533324854244,False
7,7,3,6.0,2.0,1.0,3.039718009857242,0.34486971981090025,0.5147319147273319,False
7,7,3,7.0,2.0,1.0,3.354448993132594,0.27908472869321344,0.48973751827060596,False
7,7,3,8.0,2.0,1.0,3.6257558330757136,0.2293641846613545,0.46474175040785,False
7,7,3,9.0,2.0,1.0,3.864260454904337,0.1911797802131847,0.447109145793144,False
7,7,3,10.0,2.0,1.0,4.077096695044866,0.16138042146431741,0.432020115721656,False
7,7,3,1.0,3.0,1.0,-0.0,1.0,0.8486541353810639,False
7,7,3,2.0,3.0,1.0,0.5914309446112873,0.9339661072807866,0.8037305100461619,False
7,7,3,3.0,3.0,1.0,1.303200035849978,0.7754599872740511,0.712748801810444,False
7,7,3,4.0,3.0,1.0,1.9985174304391224,0.6031405211909366,0.5975350604974821,False
7,7,3,5.0,3.0,1.0,2.5247333541941726,0.4679360740279165,0.506379085494812,False
7,7,3,6.0,3.0,1.0,2.933113375544137,0.3689613628033692,0.441283946138124,False
7,7,3,7.0,3.0,1.0,3.267254142684324,0.2964660130580951,0.40450577806392196,False
7,7,3,8.0,3.0,1.0,3.5507900724881023,0.24243433073977688,0.388117935469052,False
7,7,3,9.0,3.0,1.0,3.7974991208036326,0.20135027377159845,0.36996781732866996,False
7,7,3,10.0,3.0,1.0,4.0161115113569945,0.16951703574026633,0.357465653194674,False
7,7,3,1.0,4.0,1.0,-0.0,1.0,0.803016837592116,False
7,7,3,2.0,4.0,1.0,0.44697064519593765,0.9598251424883653,0.7590894531928501,False
7,7,3,3.0,4.0,1.0,0.974640922007412,0.8520449398010235,0.6730050732119839,False
7,7,3,4.0,4.0,1.0,1.6314327968113798,0.6958359922085713,0.562255992843562,False
7,7,3,5.0,4.0,1.0,2.261330473511375,0.5353371689896321,0.462181935214324,False
7,7,3,6.0,4.0,1.0,2.7349345432897736,0.4158345292460849,0.396011143625358,False
7,7,3,7.0,4.0,1.0,3.104240952476303,0.3307121000268727,0.35647155807058195,False
7,7,3,8.0,4.0,1.0,3.4085629487789113,0.2686364854361722,0.32992061455528804,False
7,7,3,9.0,4.0,1.0,3.668612127015329,0.22212259209928362,0.31298907350634997,False
7,7,3,10.0,4.0,1.0,3.8963295516279244,0.18643580172792268,0.300372216317354,False
7,7,3,1.0,5.0,1.0,-0.0,1.0,0.745457762676158,False
7,7,3,2.0,5.0,1.0,0.33648883201077956,0.9762622331299255,0.7085944727182921,False
7,7,3,3.0,5.0,1.0,0.7654782930420466,0.8983900002707443,0.6350365225425039,False
7,7,3,4.0,5.0,1.0,1.2475612176855209,0.7886550698127015,0.52902328555993,False
7,7,3,5.0,5.0,1.0,1.867062344677885,0.6367282144000135,0.43441730801574,False
7,7,3,6.0,5.0,1.0,2.4501978001177203,0.486840535311461,0.36861640667980405,False
7,7,3,7.0,5.0,1.0,2.8855414666790544,0.37997821446831126,0.32272441086313597,False
7,7,3,8.0,5.0,1.0,3.2256278812186805,0.30499737088368356,0.29344822047263197,False
7,7,3,9.0,5.0,1.0,3.5070650555466982,0.2502942803141786,0.27333727379072004,False
7,7,3,10.0,5.0,1.0,3.748683646960646,0.20904059428631894,0.265099199640434,False
7,7,3,1.0,6.0,1.0,-0.0,1.0,0.669454356407012,False
7,7,3,2.0,6.0,1.0,0.26047268451521854,0.9854213274245714,0.6502311831144,False
7,7,3,3.0,6.0,1.0,0.6223034929739044,0.9279451542455265,0.58850636650067,False
7,7,3,4.0,6.0,1.0,0.9978937839852601,0.846745024940578,0.49573484769462595,False
7,7,3,5.0,6.0,1.0,1.4577851455211828,0.73834902872942,0.413569542538464,False
7,7,3,6.0,6.0,1.0,2.0493817152894858,0.5900597263353037,0.348363489064774,False
7,7,3,7.0,6.0,1.0,2.5971507289942193,0.4497596457989434,0.298940321667514,False
7,7,3,8.0,6.0,1.0,3.0032295542464893,0.35301989582689225,0.27002844817473604,False
7,7,3,9.0,6.0,1.0,3.3205140339364654,0.285769778489209,0.25216670434876604,False
7,7,3,10.0,6.0,1.0,3.583744956375236,0.2366255494363837,0.241631172079992,False
7,7,3,1.0,7.0,1.0,-0.0,1.0,0.616049805432664,False
7,7,3,2.0,7.0,1.0,0.20990189144062318,0.9903956947584133,0.604952025692238,False
7,7,3,3.0,7.0,1.0,0.5050433690855666,0.9499418259629393,0.54276834097648,False
7,7,3,4.0,7.0,1.0,0.8376380331184243,0.8827239261942492,0.469561989820544,False
7,7,3,5.0,7.0,1.0,1.1823116071373756,0.8040203231624887,0.39533585602888,False
7,7,3,6.0,7.0,1.0,1.6282537616998096,0.6966224102407712,0.33427589464528196,False
7,7,3,7.0,7.0,1.0,2.197788168242946,0.5517506174364685,0.288988596206808,False
7,7,3,8.0,7.0,1.0,2.7176759051327823,0.4200302919130823,0.25419736538455195,False
7,7,3,9.0,7.0,1.0,3.1005206263711202,0.33151939947478337,0.23206008526862398,False
7,7,3,10.0,7.0,1.0,3.399434365778661,0.27038064781417176,0.21405290118635198,False
7,7,3,1.0,8.0,1.0,-0.0,1.0,0.569364704634774,False
7,7,3,2.0,8.0,1.0,0.1748312896192729,0.9932769533160958,0.5579235101644201,False
7,7,3,3.0,8.0,1.0,0.41615106862706386,0.964744258443498,0.504126994628812,False
7,7,3,4.0,8.0,1.0,0.7152410015034673,0.909025627015386,0.440972065998602,False
7,7,3,5.0,8.0,1.0,1.0045606902458528,0.8452213241882213,0.378646849629964,False
7,7,3,6.0,8.0,1.0,1.3358902225060962,0.7676676869767526,0.32503962996756003,False
7,7,3,7.0,8.0,1.0,1.7714200030886553,0.6609088232609655,0.278651639814124,False
7,7,3,8.0,8.0,1.0,2.322874942559736,0.5194689802527599,0.24344373376506598,False
7,7,3,9.0,8.0,1.0,2.8200820699676257,0.3953879085952946,0.21987414245648199,False
7,7,3,10.0,8.0,1.0,3.183947210118787,0.3136882798919066,0.20466343739662404,False
7,7,3,1.0,9.0,1.0,-0.0,1.0,0.505179055363868,False
7,7,3,2.0,9.0,1.0,0.14936344647544128,0.9950635421628425,0.502690508301298,False
7,7,3,3.0,9.0,1.0,0.3513004913278244,0.9742606444658256,0.46810718694997,False
7,7,3,4.0,9.0,1.0,0.6073410356844741,0.9308816360264933,0.416218443488682,False
7,7,3,5.0,9.0,1.0,0.8783011803612534,0.8737295300732351,0.36333456138044595,False
7,7,3,6.0,9.0,1.0,1.1437389030199459,0.8130465387636995,0.31162928840721,False
7,7,3,7.0,9.0,1.0,1.4676412816793079,0.7359598924436263,0.274220508848342,False
7,7,3,8.0,9.0,1.0,1.8947303403883933,0.6296898033283568,0.238464388992692,False
7,7,3,9.0,9.0,1.0,2.4309823799944477,0.49174117011807333,0.21513551031397402,False
7,7,3,10.0,9.0,1.0,2.909284175523825,0.37446006613765803,0.195952131619008,False
7,7,3,1.0,10.0,1.0,-0.0,1.0,0.47223943379866196,False
7,7,3,2.0,10.0,1.0,0.1301363953302718,0.9962368122284366,0.46100106284194997,False
7,7,3,3.0,10.0,1.0,0.30296385230696754,0.9805380949588809,0.434654968953276,False
7,7,3,4.0,10.0,1.0,0.5197524306804008,0.9473220307547692,0.38702371755609,False
7,7,3,5.0,10.0,1.0,0.7737940660419516,0.8966063940270378,0.345746777080318,False
7,7,3,6.0,10.0,1.0,1.0087004383461493,0.844274298099789,0.302402040894398,False
7,7,3,7.0,10.0,1.0,1.264251731289026,0.7847057342148174,0.266997387977144,False
7,7,3,8.0,10.0,1.0,1.5830298052522525,0.7077767812700048,0.23622590140329,False
7,7,3,9.0,10.0,1.0,2.0029725544020227,0.6019963563858971,0.20873134764487,False
7,7,3,10.0,10.0,1.0,2.5261863004148375,0.4675694061301005,0.18821645783759,False
7,7,3,1.0,11.0,1.0,-0.0,1.0,0.436035676597546,False
7,7,3,2.0,11.0,1.0,0.11515579452867823,0.9970441806651575,0.429917416709544,False
7,7,3,3.0,11.0,1.0,0.26585099409705854,0.9848377226964369,0.409240340406492,False
7,7,3,4.0,11.0,1.0,0.4518962251196505,0.9590170848091378,0.37389126249901,False
7,7,3,5.0,11.0,1.0,0.6766560407785852,0.9170119931707678,0.32938167045541994,False
7,7,3,6.0,11.0,1.0,0.9051312763567456,0.867739409889166,0.29124498910866603,False
7,7,3,7.0,11.0,1.0,1.120450746716558,0.8184746675607959,0.25425664615219995,False
7,7,3,8.0,11.0,1.0,1.370881833908956,0.7592941016694189,0.231151890282202,False
7,7,3,9.0,11.0,1.0,1.6856678647813306,0.6823727952647757,0.20707416717754198,False
7,7,3,10.0,11.0,1.0,2.099399908086809,0.5771648626155462,0.186020502911038,False
7,7,3,1.0,12.0,1.0,-0.0,1.0,0.404712184913976,False
7,7,3,2.0,12.0,1.0,0.10318035322841564,0.997621367130281,0.399035320613216,False
7,7,3,3.0,12.0,1.0,0.23657603158707388,0.9878891760264784,0.37323671080207393,False
7,7,3,4.0,12.0,1.0,0.3988325518280643,0.96740037031245,0.34553522138189396,False
7,7,3,5.0,12.0,1.0,0.593941800774098,0.9334820109496282,0.31400901406631204,False
7,7,3,6.0,12.0,1.0,0.8145198297103072,0.8877872179152219,0.28091703036556603,False
7,7,3,7.0,12.0,1.0,1.0121707510436064,0.8434798908839749,0.25275967959882795,False
7,7,3,8.0,12.0,1.0,1.219474021719198,0.7952837487819523,0.22666523241833,False
7,7,3,9.0,12.0,1.0,1.4666230212166254,0.736206850311296,0.205497242506944,False
7,7,3,10.0,12.0,1.0,1.778082006677949,0.6592324893020962,0.18366410137806202,False
7,7,3,1.0,13.0,1.0,-0.0,1.0,0.37242620576439,False
7,7,3,2.0,13.0,1.0,0.0934027768958052,0.9980471989444356,0.368202699470646,False
7,7,3,3.0,13.0,1.0,0.2129473937996347,0.9901230522832307,0.358456901153894,False
7,7,3,4.0,13.0,1.0,0.3565003240298111,0.9735421699174706,0.32965473518859006,False
7,7,3,5.0,13.0,1.0,0.5271049798871856,0.9459960856847073,0.29969483439056605,False
7,7,3,6.0,13.0,1.0,0.7270182982124808,0.9065549774867757,0.2702807812892,False
7,7,3,7.0,13.0,1.0,0.9245041669289008,0.8633894074058892,0.24136768925917,False
7,7,3,8.0,13.0,1.0,1.1055167580367784,0.821946763212506,0.219657899225828,False
7,7,3,9.0,13.0,1.0,1.3088045140112403,0.774126144088405,0.197889858328432,False
7,7,3,10.0,13.0,1.0,1.5535384702012136,0.7150175997086928,0.180123301499224,False
7,7,3,1.0,14.0,1.0,-0.0,1.0,0.3495841041331366,False
7,7,3,2.0,14.0,1.0,0.0852776706154399,0.998369747355986,0.35349319667866397,False
7,7,3,3.0,14.0,1.0,0.1935039722419471,0.9918025465793223,0.338150751791768,False
7,7,3,4.0,14.0,1.0,0.32205550320615317,0.978147186552736,0.31401002387120597,False
7,7,3,5.0,14.0,1.0,0.4730032511665376,0.9554892375640545,0.28991081321746404,False
7,7,3,6.0,14.0,1.0,0.6498605947513656,0.9224517321347865,0.260273005947696,False
7,7,3,7.0,14.0,1.0,0.8447067978422028,0.8811681746444633,0.235397503524928,False
7,7,3,8.0,14.0,1.0,1.0152943029071357,0.8427644578611352,0.21307500025158999,False
7,7,3,9.0,14.0,1.0,1.1895044684500127,0.8023323912051262,0.195123796620418,False
7,7,3,10.0,14.0,1.0,1.390336670800693,0.7546237534777078,0.18085790096631002,False
7,7,3,1.0,15.0,1.0,-0.0,1.0,0.3198103701248542,False
7,7,3,2.0,15.0,1.0,0.07842437443668313,0.9986195690840097,0.33974346228686,False
7,7,3,3.0,15.0,1.0,0.1772409897735621,0.9930944201132083,0.319872806574066,False
7,7,3,4.0,15.0,1.0,0.2935326350659259,0.9816750191495671,0.29441687230649277,False
7,7,3,5.0,15.0,1.0,0.42860735090948754,0.9627850794059748,0.275383400151292,False
7,7,3,6.0,15.0,1.0,0.5855353800001504,0.9350987407711605,0.25181718671940795,False
7,7,3,7.0,15.0,1.0,0.7654191775280829,0.8984026575469766,0.230774759550974,False
7,7,3,8.0,15.0,1.0,0.9393204962528353,0.860049448165088,0.20656591199814,False
7,7,3,9.0,15.0,1.0,1.0954346340812933,0.8242868260790479,0.19056899969118998,False
7,7,3,10.0,15.0,1.0,1.266283904811106,0.7842243552622387,0.175986275643404,False
7,7,4,1.0,1.0,1.0,-0.0,1.0,0.8815861539745901,False
7,7,4,2.0,1.0,1.0,0.9819989487965902,0.8181598356997676,0.800382837957882,False
7,7,4,3.0,1.0,1.0,1.7174853395754952,0.6470717896227973,0.6864084160946959,False
7,7,4,4.0,1.0,1.0,2.268657432896357,0.5117360148443248,0.596349449618648,False
7,7,4,5.0,1.0,1.0,2.704259916325978,0.40607104606708505,0.541856952939378,False
7,7,4,6.0,1.0,1.0,3.0632461456023594,0.3258410542633943,0.5073657799968021,False
7,7,4,7.0,1.0,1.0,3.368188306093898,0.26515454261379856,0.48176345979316604,False
7,7,4,8.0,1.0,1.0,3.6330920246389806,0.21882609950512197,0.46265873873081603,False
7,7,4,9.0,1.0,1.0,3.8671875794660915,0.18297773561909328,0.443067379443942,False
7,7,4,10.0,1.0,1.0,4.076861647569945,0.15484004144687885,0.42906858546672594,False
7,7,4,1.0,2.0,1.0,-0.0,1.0,0.870956869927088,False
7,7,4,2.0,2.0,1.0,0.852677608246624,0.8476705848573515,0.7877422145134901,False
7,7,4,3.0,2.0,1.0,1.6491906655516846,0.6634183650267652,0.652596282132308,False
7,7,4,4.0,2.0,1.0,2.251958802997656,0.5158717181384516,0.539799722184802,False
7,7,4,5.0,2.0,1.0,2.7150053219804273,0.40355560812610514,0.46494261655262803,False
7,7,4,6.0,2.0,1.0,3.0894864822856767,0.32032636685348853,0.42416397174246595,False
7,7,4,7.0,2.0,1.0,3.4039137202284273,0.2585514262751159,0.39696915795729604,False
7,7,4,8.0,2.0,1.0,3.67501846677117,0.21205523547702473,0.379736606592236,False
7,7,4,9.0,2.0,1.0,3.913382469739131,0.1764615882583294,0.36380074884188796,False
7,7,4,10.0,2.0,1.0,4.126117156814412,0.14875596565346114,0.34947414580963604,False
7,7,4,1.0,3.0,1.0,-0.0,1.0,0.845503940760964,False
7,7,4,2.0,3.0,1.0,0.6736613229709361,0.8883382439470479,0.762511466360672,False
7,7,4,3.0,3.0,1.0,1.396183063300603,0.7229613499639478,0.6176635627505099,False
7,7,4,4.0,3.0,1.0,2.087258870305264,0.5566894782492566,0.49255722727257,False
7,7,4,5.0,3.0,1.0,2.6100335089651026,0.4283708753447,0.414893231982462,False
7,7,4,6.0,3.0,1.0,3.0164294317724534,0.3358088101590107,0.36623188216618996,False
7,7,4,7.0,3.0,1.0,3.3493700724733895,0.2686766405035035,0.336907548105012,False
7,7,4,8.0,3.0,1.0,3.6321309382408677,0.21898311185088523,0.317027123346758,False
7,7,4,9.0,3.0,1.0,3.8783115183998103,0.18139201211758169,0.301321713342014,False
7,7,4,10.0,3.0,1.0,4.09654767026051,0.15238490534934904,0.289508650443294,False
7,7,4,1.0,4.0,1.0,-0.0,1.0,0.799949216270558,False
7,7,4,2.0,4.0,1.0,0.5499711742918236,0.9159991839710642,0.7154897814210579,False
7,7,4,3.0,4.0,1.0,1.106355981349672,0.7897312696287777,0.5861984208765819,False
7,7,4,4.0,4.0,1.0,1.7631280007307317,0.6360792760927604,0.46132179929825007,False
7,7,4,5.0,4.0,1.0,2.3863422168717907,0.4826815859477426,0.374519526714994,False
7,7,4,6.0,4.0,1.0,2.855375207656737,0.3712881428347342,0.32528076062829003,False
7,7,4,7.0,4.0,1.0,3.221972799624472,0.29330626032950774,0.292474441094492,False
7,7,4,8.0,4.0,1.0,3.524592736241704,0.23706214741784987,0.27440723289787605,False
7,7,4,9.0,4.0,1.0,3.7835049567956736,0.19524697461929075,0.26004325226534003,False
7,7,4,10.0,4.0,1.0,4.010424786369175,0.16335934065021152,0.254346738898376,False
7,7,4,1.0,5.0,1.0,-0.0,1.0,0.7335957527718981,False
7,7,4,2.0,5.0,1.0,0.4421695094068928,0.9393222804923652,0.670059089983052,False
7,7,4,3.0,5.0,1.0,0.917851587417342,0.8328043027479574,0.5488128895654419,False
7,7,4,4.0,5.0,1.0,1.4097766037839543,0.719798818014589,0.436028932467532,False
7,7,4,5.0,5.0,1.0,2.0253434455158823,0.5719950446036848,0.35024607087837595,False
7,7,4,6.0,5.0,1.0,2.6007684979295806,0.43058535620136923,0.30299374648319805,False
7,7,4,7.0,5.0,1.0,3.030944015501692,0.3327010876778576,0.267577987229494,False
7,7,4,8.0,5.0,1.0,3.3678626746579257,0.2652152320423265,0.242239793834188,False
7,7,4,9.0,5.0,1.0,3.647241786727613,0.21652381226557724,0.23304369298318,False
7,7,4,10.0,5.0,1.0,3.887445965723796,0.18009778113242167,0.21803716237812001,False
7,7,4,1.0,6.0,1.0,-0.0,1.0,0.668680180505854,False
7,7,4,2.0,6.0,1.0,0.35808562997580257,0.9565136982402688,0.61031193779512,False
7,7,4,3.0,6.0,1.0,0.7793840206227718,0.8643638945112537,0.518088750840576,False
7,7,4,4.0,6.0,1.0,1.1761555504583336,0.7737376490567472,0.41101132427258597,False
7,7,4,5.0,6.0,1.0,1.6389850922816955,0.665850618488183,0.33732462893575804,False
7,7,4,6.0,6.0,1.0,2.2249444124037283,0.5225659676975603,0.28386071690312,False
7,7,4,7.0,6.0,1.0,2.764564175278082,0.3920339608437695,0.24613496448483999,False
7,7,4,8.0,6.0,1.0,3.1651532492421235,0.3047231327360456,0.224030237807454,False
7,7,4,9.0,6.0,1.0,3.4789726277838207,0.2450369657112282,0.20867968202853002,False
7,7,4,10.0,6.0,1.0,3.7398894934692946,0.20188143698479463,0.198026385885444,False
7,7,4,1.0,7.0,1.0,-0.0,1.0,0.614783916170772,False
7,7,4,2.0,7.0,1.0,0.2921533040130136,0.968973130736406,0.56636412872486,False
7,7,4,3.0,7.0,1.0,0.6562477081416122,0.8922660833905773,0.48023385735207,False
7,7,4,4.0,7.0,1.0,1.02258032831381,0.808889355004707,0.39347079133481005,False
7,7,4,5.0,7.0,1.0,1.376159808777435,0.7276133038483803,0.322805177286864,False
7,7,4,6.0,7.0,1.0,1.8220595175748755,0.621808196157492,0.2747627330639,False
7,7,4,7.0,7.0,1.0,2.3851406093984537,0.48297710718039705,0.235634132448936,False
7,7,4,8.0,7.0,1.0,2.8967168350483434,0.36201317515965076,0.210342290387324,False
7,7,4,9.0,7.0,1.0,3.273904289813726,0.28310260721933467,0.19432737494916597,False
7,7,4,10.0,7.0,1.0,3.5691587073789552,0.2294470607670839,0.182354993289564,False
7,7,4,1.0,8.0,1.0,-0.0,1.0,0.554502850317384,False
7,7,4,2.0,8.0,1.0,0.24275086241879482,0.9774594230844034,0.523150937278848,False
7,7,4,3.0,8.0,1.0,0.5587643450908678,0.9140561442310509,0.44946299036558807,False
7,7,4,4.0,8.0,1.0,0.898636002894284,0.8371889017155195,0.37518125318401,False
7,7,4,5.0,8.0,1.0,1.2048723925452993,0.7671458145177574,0.311880734087306,False
7,7,4,6.0,8.0,1.0,1.5401274932056963,0.6892725214532549,0.264994245275546,False
7,7,4,7.0,8.0,1.0,1.9741134227974553,0.5846212499809057,0.22785950943702,False
7,7,4,8.0,8.0,1.0,2.518710157398235,0.4503470597440226,0.20227104428451004,False
7,7,4,9.0,8.0,1.0,3.007583734651028,0.33771034390822835,0.180849690659096,False
7,7,4,10.0,8.0,1.0,3.365714973797536,0.2656157359835555,0.1729371014101112,False
7,7,4,1.0,9.0,1.0,-0.0,1.0,0.507263920257444,False
7,7,4,2.0,9.0,1.0,0.2063434725030125,0.9831087727516692,0.485576761586668,False
7,7,4,3.0,9.0,1.0,0.48226672950523247,0.9307739560252453,0.422783668100848,False
7,7,4,4.0,9.0,1.0,0.7825576008710105,0.863641911789841,0.359706795424506,False
7,7,4,5.0,9.0,1.0,1.0805331037991135,0.7956400947337146,0.29745966624961206,False
7,7,4,6.0,9.0,1.0,1.353788100897301,0.7328021734015865,0.25783293913424604,False
7,7,4,7.0,9.0,1.0,1.6792898359288981,0.6562290823327855,0.22358774221740402,False
7,7,4,8.0,9.0,1.0,2.103996281125914,0.5525455204957944,0.195066355376486,False
7,7,4,9.0,9.0,1.0,2.6331953704227202,0.42285108936067706,0.176827024806254,False
7,7,4,10.0,9.0,1.0,3.103215710920999,0.3174620510457858,0.1643814664459916,False
7,7,4,1.0,10.0,1.0,-0.0,1.0,0.46066502329251197,False
7,7,4,2.0,10.0,1.0,0.17889646332105227,0.9869608094655111,0.44034927657426604,False
7,7,4,3.0,10.0,1.0,0.41798853949313286,0.9443816924231223,0.4011431003439981,False
7,7,4,4.0,10.0,1.0,0.6860319526782693,0.885543315815594,0.342425750142366,False
7,7,4,5.0,10.0,1.0,0.9725606976001632,0.820315227349146,0.28862093172090997,False
7,7,4,6.0,10.0,1.0,1.2215867039200934,0.7633053003685804,0.247949228233822,False
7,7,4,7.0,10.0,1.0,1.481102676784843,0.7031424129526961,0.21846141951487602,False
7,7,4,8.0,10.0,1.0,1.8002267160714476,0.6271053429111885,0.191936522912134,False
7,7,4,9.0,10.0,1.0,2.2172846260054677,0.5244646871039033,0.174650090830926,False
7,7,4,10.0,10.0,1.0,2.733365484355022,0.3992716341425128,0.15919340423675998,False
7,7,4,1.0,11.0,1.0,-0.0,1.0,0.424150661763286,False
7,7,4,2.0,11.0,1.0,0.15762217138311824,0.9896729550641347,0.410304834345374,False
7,7,4,3.0,11.0,1.0,0.36563235543528827,0.955021904617008,0.37205731320842,False
7,7,4,4.0,11.0,1.0,0.6095378623827689,0.9027560253615884,0.32398880411247,False
7,7,4,5.0,11.0,1.0,0.8668370776112616,0.8444421166624895,0.278469898931026,False
7,7,4,6.0,11.0,1.0,1.118072767628604,0.7870489366846556,0.240123480352794,False
7,7,4,7.0,11.0,1.0,1.3402624126800342,0.7359350613107962,0.21283125154305202,False
7,7,4,8.0,11.0,1.0,1.5927845660099522,0.6768276145069526,0.18985007420504202,False
7,7,4,9.0,11.0,1.0,1.9071714033064353,0.6010521391086057,0.17065366374617003,False
7,7,4,10.0,11.0,1.0,2.31770349600999,0.49960394387414,0.1561711804380382,False
7,7,4,1.0,12.0,1.0,-0.0,1.0,0.39806283901757,False
7,7,4,2.0,12.0,1.0,0.14071353620320998,0.991641504894714,0.38086347565806206,False
7,7,4,3.0,12.0,1.0,0.32384164132009524,0.963123718824663,0.35554664155586796,False
7,7,4,4.0,12.0,1.0,0.545771595814701,0.9169254870469797,0.308865953534664,False
7,7,4,5.0,12.0,1.0,0.7751702617463764,0.865322367661931,0.26829757438616797,False
7,7,4,6.0,12.0,1.0,1.0234140204908526,0.8086988492319376,0.23248353308273,False
7,7,4,7.0,12.0,1.0,1.2331997745840515,0.7606351202953872,0.210029392331076,False
7,7,4,8.0,12.0,1.0,1.4442455712988844,0.7117629582490013,0.184306054192796,False
7,7,4,9.0,12.0,1.0,1.692438740309108,0.6530809718069435,0.167596545554776,False
7,7,4,10.0,12.0,1.0,2.0030238221613086,0.5775008322184843,0.151261272907563,False
7,7,4,1.0,13.0,1.0,-0.0,1.0,0.36616094285301404,False
7,7,4,2.0,13.0,1.0,0.12698334376552445,0.9931093300062275,0.366666516693174,False
7,7,4,3.0,13.0,1.0,0.2901594474475386,0.9693314584380224,0.331534300195088,False
7,7,4,4.0,13.0,1.0,0.4891602143465102,0.9292871990897997,0.29710651935120197,False
7,7,4,5.0,13.0,1.0,0.7004770256009899,0.8822754339150416,0.259196426036424,False
7,7,4,6.0,13.0,1.0,0.927513024214921,0.830599361010779,0.22948958179880402,False
7,7,4,7.0,13.0,1.0,1.1447639083170351,0.7809351051106024,0.202299416073452,False
7,7,4,8.0,13.0,1.0,1.331870892676649,0.7378772021849341,0.184513775455238,False
7,7,4,9.0,13.0,1.0,1.5373448162216605,0.6899282669490633,0.16625173312211,False
7,7,4,10.0,13.0,1.0,1.7824799863824363,0.6314024681524399,0.15112483820013803,False
7,7,4,1.0,14.0,1.0,-0.0,1.0,0.34688983610219803,False
7,7,4,2.0,14.0,1.0,0.11562960209579373,0.9942297432111152,0.345425093595054,False
7,7,4,3.0,14.0,1.0,0.26257997500784647,0.974156171177363,0.313888968642308,False
7,7,4,4.0,14.0,1.0,0.44055467501145895,0.9396625965890419,0.28231094218141606,False
7,7,4,5.0,14.0,1.0,0.6387859631579353,0.8961961534557992,0.2516844461056,False
7,7,4,6.0,14.0,1.0,0.841609691179871,0.8501935194019059,0.22128484066787002,False
7,7,4,7.0,14.0,1.0,1.060812635796884,0.8001502408002881,0.197145469884976,False
7,7,4,8.0,14.0,1.0,1.242050475321589,0.7585990450853499,0.17885994688793602,False
7,7,4,9.0,14.0,1.0,1.419727143471407,0.7174815113668341,0.161456595905374,False
7,7,4,10.0,14.0,1.0,1.6218560661656478,0.6699268154611856,0.1476894076207676,False
7,7,4,1.0,15.0,1.0,-0.0,1.0,0.328226589371856,False
7,7,4,2.0,15.0,1.0,0.10609467430422685,0.9951025526310889,0.31752713346481,False
7,7,4,3.0,15.0,1.0,0.23964263965566573,0.977963528914133,0.30072876672811105,False
7,7,4,4.0,15.0,1.0,0.3998338587946761,0.9481241490886471,0.271923470067522,False
7,7,4,5.0,15.0,1.0,0.5849788715202979,0.9082376175763058,0.244191698023756,False
7,7,4,6.0,15.0,1.0,0.7697292686454075,0.8665597305054852,0.21376032113226998,False
7,7,4,7.0,15.0,1.0,0.9735026669659806,0.8201001230302887,0.192109837473736,False
7,7,4,8.0,15.0,1.0,1.1649203658960048,0.7763145820558859,0.175238011402904,False
7,7,4,9.0,15.0,1.0,1.3264972131125412,0.7391202857448367,0.158726582205034,False
7,7,4,10.0,15.0,1.0,1.4994871459169625,0.6988310992189113,0.1453481751273482,False
7,7,5,1.0,1.0,1.0,-0.0,1.0,0.8760357964799079,False
7,7,5,2.0,1.0,1.0,0.9910189065912792,0.8059685065667803,0.7800640780780641,False
7,7,5,3.0,1.0,1.0,1.7278849523236612,0.6365512573353185,0.651305258056134,False
7,7,5,4.0,1.0,1.0,2.279477047568717,0.5027231123945399,0.5636115049114321,False
7,7,5,5.0,1.0,1.0,2.7152612958546607,0.3984748778759094,0.5125265086604499,False
7,7,5,6.0,1.0,1.0,3.074342794857759,0.3194770824404643,0.480746916236866,False
7,7,5,7.0,1.0,1.0,3.379341205622735,0.25980776092087915,0.45690389469582404,False
7,7,5,8.0,1.0,1.0,3.6442809490659345,0.21430383560116492,0.43628364656651797,False
7,7,5,9.0,1.0,1.0,3.8784009817313327,0.17912231661493683,0.42103473793361607,False
7,7,5,10.0,1.0,1.0,4.088092448329077,0.15152627836735505,0.40861824458336593,False
7,7,5,1.0,2.0,1.0,-0.0,1.0,0.864319437759834,False
7,7,5,2.0,2.0,1.0,0.8669582222685557,0.8339699460139118,0.760204814774384,False
7,7,5,3.0,2.0,1.0,1.664006953043652,0.6516712925559681,0.613147381345812,False
7,7,5,4.0,2.0,1.0,2.2663800371772767,0.5059251456704382,0.50559241257392,False
7,7,5,5.0,2.0,1.0,2.729166069945798,0.39526940836480223,0.44048709644668,False
7,7,5,6.0,2.0,1.0,3.10349063530442,0.3134552295399553,0.398716357917492,False
7,7,5,7.0,2.0,1.0,3.4178192279497193,0.25282528395985954,0.37734652705028,False
7,7,5,8.0,2.0,1.0,3.688858448951469,0.20724258609955085,0.358793873568396,False
7,7,5,9.0,2.0,1.0,3.9271768998022947,0.1723788727582486,0.346430055968568,False
7,7,5,10.0,2.0,1.0,4.139878708074251,0.14526067037820495,0.33294744150789796,False
7,7,5,1.0,3.0,1.0,-0.0,1.0,0.837102799461064,False
7,7,5,2.0,3.0,1.0,0.6977814770821992,0.872127380107088,0.728296374135352,False
7,7,5,3.0,3.0,1.0,1.4226682549064544,0.7078775007563727,0.5757947541182179,False
7,7,5,4.0,3.0,1.0,2.1123049407560575,0.5436376675798855,0.458236602559868,False
7,7,5,5.0,3.0,1.0,2.6339771434127597,0.4174057816228956,0.38591850131307204,False
7,7,5,6.0,3.0,1.0,3.0397383902872392,0.32670908163081835,0.34156198884871003,False
7,7,5,7.0,3.0,1.0,3.3722944339148087,0.2611001171638494,0.316406057172778,False
7,7,5,8.0,3.0,1.0,3.654806492200331,0.21262107710850195,0.300094247945232,False
7,7,5,9.0,3.0,1.0,3.900817199903163,0.17599843268718748,0.290314828502708,False
7,7,5,10.0,3.0,1.0,4.118932290789904,0.14776933793056887,0.277127404129046,False
7,7,5,1.0,4.0,1.0,-0.0,1.0,0.7874109342409861,False
7,7,5,2.0,4.0,1.0,0.5863682785715156,0.8971491550982297,0.6843212217366059,False
7,7,5,3.0,4.0,1.0,1.1487573480087605,0.770320585961937,0.5427613746913601,False
7,7,5,4.0,4.0,1.0,1.805106199295459,0.6181338670400822,0.42726996300551,False
7,7,5,5.0,4.0,1.0,2.426197076342042,0.4670130067660112,0.347625631641894,False
7,7,5,6.0,4.0,1.0,2.8937934334018807,0.35815257079896673,0.30249513397380395,False
7,7,5,7.0,4.0,1.0,3.259535146737551,0.28234592830280725,0.275606866118816,False
7,7,5,8.0,4.0,1.0,3.5616146371477093,0.22785291856600157,0.25461274394155603,False
7,7,5,9.0,4.0,1.0,3.8201645164585374,0.18743618699002967,0.245752713724694,False
7,7,5,10.0,4.0,1.0,4.046829471364319,0.15667215139322166,0.241155487401936,False
7,7,5,1.0,5.0,1.0,-0.0,1.0,0.726237183798028,False
7,7,5,2.0,5.0,1.0,0.49002550223381297,0.9185720435111709,0.635570141476776,False
7,7,5,3.0,5.0,1.0,0.9751233004775752,0.8095568169410043,0.5129910138579601,False
7,7,5,4.0,5.0,1.0,1.4689400192175153,0.6972059866040988,0.4024905365776,False
7,7,5,5.0,5.0,1.0,2.0830979290570637,0.5507793597062186,0.32550015868140003,False
7,7,5,6.0,5.0,1.0,2.6561274731589575,0.4122158269967627,0.278217971561838,False
7,7,5,7.0,5.0,1.0,3.0846968053963244,0.3173306023654181,0.24814123727220197,False
7,7,5,8.0,5.0,1.0,3.4206232267330505,0.2523213741965512,0.232044895965406,False
7,7,5,9.0,5.0,1.0,3.6993535179059718,0.2056050573196985,0.21700770865425198,False
7,7,5,10.0,5.0,1.0,3.939109643463078,0.1707594084549719,0.206071490449804,False
7,7,5,1.0,6.0,1.0,-0.0,1.0,0.6564431997426059,False
7,7,5,2.0,6.0,1.0,0.4118475363029533,0.9356569439284147,0.5887271888035739,False
7,7,5,3.0,6.0,1.0,0.8468188685982664,0.838515054695546,0.483417220128056,False
7,7,5,4.0,6.0,1.0,1.2473502876657776,0.7479580380103021,0.38229941620947,False
7,7,5,5.0,6.0,1.0,1.7105716816406262,0.6406597490316192,0.313253563661474,False
7,7,5,6.0,6.0,1.0,2.2947013876972364,0.49900297734668625,0.259342963050522,False
7,7,5,7.0,6.0,1.0,2.8318189094255555,0.37193519573689326,0.22825387360305602,False
7,7,5,8.0,6.0,1.0,3.230714963364657,0.287944821890674,0.20924368980385,False
7,7,5,9.0,6.0,1.0,3.54345619902384,0.23090821252109264,0.198752243580566,False
7,7,5,10.0,6.0,1.0,3.8036478347170153,0.18984648561257755,0.187468509604154,False
7,7,5,1.0,7.0,1.0,-0.0,1.0,0.605986136837224,False
7,7,5,2.0,7.0,1.0,0.34600880684135005,0.9496795917465717,0.5376675006518001,False
7,7,5,3.0,7.0,1.0,0.729629804038723,0.8649514285468313,0.44703556894988605,False
7,7,5,4.0,7.0,1.0,1.1014412389937782,0.7810251081409466,0.358159863107252,False
7,7,5,5.0,7.0,1.0,1.4566398213286342,0.7000471553030143,0.29965390492038196,False
7,7,5,6.0,7.0,1.0,1.9022578786041655,0.5947605989348951,0.252199267120372,False
7,7,5,7.0,7.0,1.0,2.4633135794307113,0.45804892708105593,0.21771396345809801,False
7,7,5,8.0,7.0,1.0,2.9723563787734797,0.34104197521788643,0.196826552344802,False
7,7,5,9.0,7.0,1.0,3.347809087315265,0.26562323887658806,0.181217803245278,False
7,7,5,10.0,7.0,1.0,3.6419310202478132,0.21468083451731892,0.17140582353452602,False
7,7,5,1.0,8.0,1.0,-0.0,1.0,0.5436874653637301,False
7,7,5,2.0,8.0,1.0,0.29316345604257427,0.9605494285533981,0.506621183502298,False
7,7,5,3.0,8.0,1.0,0.6352469203955788,0.8861925328696744,0.423268400069354,False
7,7,5,4.0,8.0,1.0,0.9822118351183313,0.8079566737844006,0.347300845160274,False
7,7,5,5.0,8.0,1.0,1.2911569971922787,0.7379875984673835,0.289241509925176,False
7,7,5,6.0,8.0,1.0,1.6270862712813563,0.66036239560939,0.244174051643352,False
7,7,5,7.0,8.0,1.0,2.0604429540062235,0.5563138699959382,0.21219491684320002,False
7,7,5,8.0,8.0,1.0,2.6029221398206484,0.42471871799628996,0.18980414480882601,False
7,7,5,9.0,8.0,1.0,3.0892682541638212,0.31638547796729044,0.172544379169152,False
7,7,5,10.0,8.0,1.0,3.4456489910031385,0.247853689585948,0.160181489065027,False
7,7,5,1.0,9.0,1.0,-0.0,1.0,0.505988655120314,False
7,7,5,2.0,9.0,1.0,0.2506914964253178,0.9689173635171355,0.46236775639107397,False
7,7,5,3.0,9.0,1.0,0.55907632367491,0.9032459022279332,0.395720093957426,False
7,7,5,4.0,9.0,1.0,0.8688533171981359,0.833542247907502,0.330544260740294,False
7,7,5,5.0,9.0,1.0,1.1706770449362436,0.7653564406444264,0.278495190780038,False
7,7,5,6.0,9.0,1.0,1.4452827327289028,0.7026676039023239,0.238785364729832,False
7,7,5,7.0,9.0,1.0,1.770980538896198,0.6262913050609689,0.20933225963977,False
7,7,5,8.0,9.0,1.0,2.194861148756091,0.5234286236669125,0.181392984217592,False
7,7,5,9.0,9.0,1.0,2.7219030449430313,0.39694249409056925,0.163433178662044,False
7,7,5,10.0,9.0,1.0,3.189420809684161,0.29608430838268635,0.15150205148180101,False
7,7,5,1.0,10.0,1.0,-0.0,1.0,0.457424162984256,False
7,7,5,2.0,10.0,1.0,0.21720994580583391,0.9751946004699646,0.43243115135696203,False
7,7,5,3.0,10.0,1.0,0.4924520088385149,0.9180365033683954,0.376774438583124,False
7,7,5,4.0,10.0,1.0,0.7738763876936201,0.8549737786488603,0.31239670455067,False
7,7,5,5.0,10.0,1.0,1.065118119807585,0.7892346080451694,0.267951922819458,False
7,7,5,6.0,10.0,1.0,1.3162465232952378,0.7322653220001809,0.23157495086169003,False
7,7,5,7.0,10.0,1.0,1.576458336908678,0.6722235820706789,0.205128508761882,False
7,7,5,8.0,10.0,1.0,1.8955075369584558,0.5963913643647246,0.17713938930882,False
7,7,5,9.0,10.0,1.0,2.311621468261595,0.4948714154422257,0.161429495839394,False
7,7,5,10.0,10.0,1.0,2.825533834353578,0.37334627378789165,0.14668612033171677,False
7,7,5,1.0,11.0,1.0,-0.0,1.0,0.420309994443468,False
7,7,5,2.0,11.0,1.0,0.190967544073435,0.9798589105696843,0.396176121111878,False
7,7,5,3.0,11.0,1.0,0.43668481464867953,0.9302695960221644,0.35590768453030797,False
7,7,5,4.0,11.0,1.0,0.6979197088562732,0.8720962486486327,0.301974118608362,False
7,7,5,5.0,11.0,1.0,0.9607123497390023,0.8128097393853836,0.256547812902664,False
7,7,5,6.0,11.0,1.0,1.2149277280047885,0.7553225012264584,0.22343081983497803,False
7,7,5,7.0,11.0,1.0,1.4382513956417828,0.7042886025024803,0.19854808212248798,False
7,7,5,8.0,11.0,1.0,1.6911157097187899,0.6452674854890189,0.176376501701344,False
7,7,5,9.0,11.0,1.0,2.0052613556039582,0.5697699659748638,0.15849940018327402,False
7,7,5,10.0,11.0,1.0,2.414775607713648,0.4697783702679083,0.144254576401685,False
7,7,5,1.0,12.0,1.0,-0.0,1.0,0.396612423258854,False
7,7,5,2.0,12.0,1.0,0.170084710955751,0.9833727299589752,0.373469502208304,False
7,7,5,3.0,12.0,1.0,0.3903842456787243,0.9402740789439471,0.33188132382859,False
7,7,5,4.0,12.0,1.0,0.6331918556286174,0.8866539813596653,0.2892470875228939,False
7,7,5,5.0,12.0,1.0,0.8697906354003381,0.8333307070852752,0.249985694119594,False
7,7,5,6.0,12.0,1.0,1.1216177247986425,0.7764621603728146,0.21590210631108603,False
7,7,5,7.0,12.0,1.0,1.3331144381314035,0.7284128260110725,0.191192920714658,False
7,7,5,8.0,12.0,1.0,1.5448082243171337,0.6796061303036048,0.17164477517501597,False
7,7,5,9.0,12.0,1.0,1.7931320977079193,0.620999433301414,0.15699147084923998,False
7,7,5,10.0,12.0,1.0,2.1033677203120726,0.5458236723580956,0.14408504388159718,False
7,7,5,1.0,13.0,1.0,-0.0,1.0,0.365043697594764,False
7,7,5,2.0,13.0,1.0,0.15315587717413456,0.9860691346742508,0.352665842586584,False
7,7,5,3.0,13.0,1.0,0.35064397283876597,0.9487073855464552,0.317759377321598,False
7,7,5,4.0,13.0,1.0,0.5738763352553375,0.8999419232766365,0.277138764249506,False
7,7,5,5.0,13.0,1.0,0.7954324219118634,0.850110720930839,0.237265045325036,False
7,7,5,6.0,13.0,1.0,1.0263472042887787,0.7979919643075291,0.210164483924212,False
7,7,5,7.0,13.0,1.0,1.246040653996716,0.7482557394549905,0.189511298807338,False
7,7,5,8.0,13.0,1.0,1.4341139580148914,0.7052419649697488,0.17040917002703,False
7,7,5,9.0,13.0,1.0,1.639963284653316,0.6573351427235181,0.151665025419404,False
7,7,5,10.0,13.0,1.0,1.88509326172586,0.5989053989629685,0.1389433557101396,False
7,7,5,1.0,14.0,1.0,-0.0,1.0,0.34264573024378003,False
7,7,5,2.0,14.0,1.0,0.13919239382889945,0.9881759217753796,0.332917260172434,False
7,7,5,3.0,14.0,1.0,0.3169853157072626,0.9557023698409428,0.304632863401952,False
7,7,5,4.0,14.0,1.0,0.522046771679052,0.9114854354000149,0.26397787349080404,False
7,7,5,5.0,14.0,1.0,0.7335291299148702,0.8640724485307836,0.235303564737618,False
7,7,5,6.0,14.0,1.0,0.9407468149274478,0.8173162083058246,0.20626017145119802,False
7,7,5,7.0,14.0,1.0,1.1628811589116896,0.7671223972378746,0.18322814881965002,False
7,7,5,8.0,14.0,1.0,1.3455580242143772,0.725567891243186,0.16644922529681003,False
7,7,5,9.0,14.0,1.0,1.5238215235331818,0.684488001299004,0.14954810538323976,False
7,7,5,10.0,14.0,1.0,1.726157159698405,0.6369616138821286,0.1392997547912976,False
7,7,5,1.0,15.0,1.0,-0.0,1.0,0.32920950054430803,False
7,7,5,2.0,15.0,1.0,0.12749703081110125,0.9898493660200911,0.313614561363876,False
7,7,5,3.0,15.0,1.0,0.2887411845160618,0.9614382412512557,0.29292866251078203,False
7,7,5,4.0,15.0,1.0,0.477988551003455,0.9212246914962102,0.25127555928509204,False
7,7,5,5.0,15.0,1.0,0.6784557337153428,0.8764782685390128,0.22614352274264002,False
7,7,5,6.0,15.0,1.0,0.8689907499765186,0.8335112310890853,0.201584496105048,False
7,7,5,7.0,15.0,1.0,1.0758299528565334,0.7868141836859316,0.17933625253879198,False
7,7,5,8.0,15.0,1.0,1.2693246815914168,0.7429597631413051,0.157979368221666,False
7,7,5,9.0,15.0,1.0,1.4317376974083975,0.7057893519739691,0.1471285760215698,False
7,7,5,10.0,15.0,1.0,1.6050969747066444,0.6655220466340498,0.1363210756645716,False
