U,W,L,N,nmax,boundary,tau_Th,mean_spacing,t_H,t_Th,g,n_realizations_used,n_realizations_total,n_levels,file
1.0,0.5,9,9,2,periodic,0.04871780218794631,0.004275950292216502,1469.4243098702173,71.58712285841676,1.3123123123123124,300,300,100,pbs_bose_midpoint_L9/data/U_1/W_0p5/L_9/N_9_nmax_2/boundary_periodic/energies_polfed_U1_L9_N9_nmax2_W0.5_boundaryperiodic_nreal300.txt
1.0,1.0,9,9,2,periodic,0.04928249570040513,0.004274892822050872,1469.7877978997471,72.43481083050222,1.3073073073073074,300,300,100,pbs_bose_midpoint_L9/data/U_1/W_1/L_9/N_9_nmax_2/boundary_periodic/energies_polfed_U1_L9_N9_nmax2_W1_boundaryperiodic_nreal300.txt
1.0,2.0,9,9,2,periodic,0.07292272058728312,0.004593440858433518,1367.8602818285365,99.7480931342247,1.1371371371371373,300,300,100,pbs_bose_midpoint_L9/data/U_1/W_2/L_9/N_9_nmax_2/boundary_periodic/energies_polfed_U1_L9_N9_nmax2_W2_boundaryperiodic_nreal300.txt
1.0,3.0,9,9,2,periodic,0.060643293954080614,0.005134047318869736,1223.8269180118957,74.21689553791191,1.2172172172172173,300,300,100,pbs_bose_midpoint_L9/data/U_1/W_3/L_9/N_9_nmax_2/boundary_periodic/energies_polfed_U1_L9_N9_nmax2_W3_boundaryperiodic_nreal300.txt
1.0,4.0,9,9,2,periodic,0.11562801312073753,0.006079321961873899,1033.533895158737,119.50547079014142,0.9369369369369372,299,299,100,pbs_bose_midpoint_L9/data/U_1/W_4/L_9/N_9_nmax_2/boundary_periodic/energies_polfed_U1_L9_N9_nmax2_W4_boundaryperiodic_nreal300.txt
1.0,5.0,9,9,2,periodic,0.24175940791691308,0.0068788329792264,913.4086154082198,220.8251260472986,0.6166166166166165,298,298,100,pbs_bose_midpoint_L9/data/U_1/W_5/L_9/N_9_nmax_2/boundary_periodic/energies_polfed_U1_L9_N9_nmax2_W5_boundaryperiodic_nreal300.txt
1.0,6.0,9,9,2,periodic,0.3703126675869927,0.007913374650924926,793.9956825429969,294.0266592550522,0.4314314314314313,296,296,100,pbs_bose_midpoint_L9/data/U_1/W_6/L_9/N_9_nmax_2/boundary_periodic/energies_polfed_U1_L9_N9_nmax2_W6_boundaryperiodic_nreal300.txt
1.0,7.0,9,9,2,periodic,0.5293266058360562,0.009020830212587047,696.5196283610859,368.6863707785648,0.27627627627627627,290,290,100,pbs_bose_midpoint_L9/data/U_1/W_7/L_9/N_9_nmax_2/boundary_periodic/energies_polfed_U1_L9_N9_nmax2_W7_boundaryperiodic_nreal300.txt
1.0,8.0,9,9,2,periodic,0.5354620899273608,0.009951460092737802,631.3832592028195,338.0817995178903,0.2712712712712712,289,289,100,pbs_bose_midpoint_L9/data/U_1/W_8/L_9/N_9_nmax_2/boundary_periodic/energies_polfed_U1_L9_N9_nmax2_W8_boundaryperiodic_nreal300.txt
1.0,9.0,9,9,2,periodic,0.6665363268124913,0.011092307770422274,566.4452733572493,377.5563518438385,0.17617617617617626,287,287,100,pbs_bose_midpoint_L9/data/U_1/W_9/L_9/N_9_nmax_2/boundary_periodic/energies_polfed_U1_L9_N9_nmax2_W9_boundaryperiodic_nreal300.txt
1.0,10.0,9,9,2,periodic,0.6899837121430018,0.01197506961563747,524.688833455697,362.02674902774305,0.16116116116116125,281,281,100,pbs_bose_midpoint_L9/data/U_1/W_10/L_9/N_9_nmax_2/boundary_periodic/energies_polfed_U1_L9_N9_nmax2_W10_boundaryperiodic_nreal300.txt
1.0,11.0,9,9,2,periodic,0.7479522515621821,0.01313895831246681,478.21030843958374,357.6784769176323,0.1261261261261261,279,279,100,pbs_bose_midpoint_L9/data/U_1/W_11/L_9/N_9_nmax_2/boundary_periodic/energies_polfed_U1_L9_N9_nmax2_W11_boundaryperiodic_nreal300.txt
1.0,12.0,9,9,2,periodic,0.8107909806731687,0.014128594409185116,444.71411134109957,360.57019045344686,0.09109109109109115,289,289,100,pbs_bose_midpoint_L9/data/U_1/W_12/L_9/N_9_nmax_2/boundary_periodic/energies_polfed_U1_L9_N9_nmax2_W12_boundaryperiodic_nreal300.txt
1.0,13.0,9,9,2,periodic,0.7479522515621821,0.015450640158102442,406.66181095963407,304.1636171316128,0.1261261261261261,283,283,100,pbs_bose_midpoint_L9/data/U_1/W_13/L_9/N_9_nmax_2/boundary_periodic/energies_polfed_U1_L9_N9_nmax2_W13_boundaryperiodic_nreal300.txt
1.0,14.0,9,9,2,periodic,0.7225349491787214,0.01662337160863552,377.9729801573824,273.0986880089442,0.14114114114114112,286,286,100,pbs_bose_midpoint_L9/data/U_1/W_14/L_9/N_9_nmax_2/boundary_periodic/energies_polfed_U1_L9_N9_nmax2_W14_boundaryperiodic_nreal300.txt
1.0,15.0,9,9,2,periodic,0.6899837121430018,0.017317318941995657,362.8266782072392,250.34449829394526,0.16116116116116125,283,283,100,pbs_bose_midpoint_L9/data/U_1/W_15/L_9/N_9_nmax_2/boundary_periodic/energies_polfed_U1_L9_N9_nmax2_W15_boundaryperiodic_nreal300.txt
2.0,0.5,9,9,2,periodic,0.03959110266468459,0.00548409898412299,1145.7096827336688,45.35990967303189,1.4024024024024024,300,300,100,pbs_bose_midpoint_L9/data/U_2/W_0p5/L_9/N_9_nmax_2/boundary_periodic/energies_polfed_U2_L9_N9_nmax2_W0.5_boundaryperiodic_nreal300.txt
2.0,1.0,9,9,2,periodic,0.051016153147498335,0.005305465550813374,1184.2853840067476,60.41768452083211,1.2922922922922924,300,300,100,pbs_bose_midpoint_L9/data/U_2/W_1/L_9/N_9_nmax_2/boundary_periodic/energies_polfed_U2_L9_N9_nmax2_W1_boundaryperiodic_nreal300.txt
2.0,2.0,9,9,2,periodic,0.04928249570040513,0.005216663207187941,1204.445266568504,59.35806867103561,1.3073073073073074,300,300,100,pbs_bose_midpoint_L9/data/U_2/W_2/L_9/N_9_nmax_2/boundary_periodic/energies_polfed_U2_L9_N9_nmax2_W2_boundaryperiodic_nreal300.txt
2.0,3.0,9,9,2,periodic,0.056591701632462424,0.005631882647105685,1115.6456376818533,63.136285055249715,1.2472472472472473,300,300,100,pbs_bose_midpoint_L9/data/U_2/W_3/L_9/N_9_nmax_2/boundary_periodic/energies_polfed_U2_L9_N9_nmax2_W3_boundaryperiodic_nreal300.txt
2.0,4.0,9,9,2,periodic,0.09727203192450537,0.00632954303312631,992.6759758636435,96.55960921489786,1.0120120120120122,299,299,100,pbs_bose_midpoint_L9/data/U_2/W_4/L_9/N_9_nmax_2/boundary_periodic/energies_polfed_U2_L9_N9_nmax2_W4_boundaryperiodic_nreal300.txt
2.0,5.0,9,9,2,periodic,0.18761746914391214,0.007331132475779044,857.0552132209154,160.79853002110414,0.7267267267267266,299,299,100,pbs_bose_midpoint_L9/data/U_2/W_5/L_9/N_9_nmax_2/boundary_periodic/energies_polfed_U2_L9_N9_nmax2_W5_boundaryperiodic_nreal300.txt
2.0,6.0,9,9,2,periodic,0.4014242490499322,0.008335309779671155,753.8034546122736,302.5949856989766,0.39639639639639634,295,295,100,pbs_bose_midpoint_L9/data/U_2/W_6/L_9/N_9_nmax_2/boundary_periodic/energies_polfed_U2_L9_N9_nmax2_W6_boundaryperiodic_nreal300.txt
2.0,7.0,9,9,2,periodic,0.4996877453854884,0.009519956228457669,660.0014912250838,329.7946571013223,0.30130130130130134,291,291,100,pbs_bose_midpoint_L9/data/U_2/W_7/L_9/N_9_nmax_2/boundary_periodic/energies_polfed_U2_L9_N9_nmax2_W7_boundaryperiodic_nreal300.txt
2.0,8.0,9,9,2,periodic,0.5354620899273608,0.01042219953206623,602.8655743778422,322.81166040161816,0.2712712712712712,290,290,100,pbs_bose_midpoint_L9/data/U_2/W_8/L_9/N_9_nmax_2/boundary_periodic/energies_polfed_U2_L9_N9_nmax2_W8_boundaryperiodic_nreal300.txt
2.0,9.0,9,9,2,periodic,0.6148777653810024,0.011532781451179959,544.8109230004295,334.99212288966544,0.21121121121121117,286,286,100,pbs_bose_midpoint_L9/data/U_2/W_9/L_9/N_9_nmax_2/boundary_periodic/energies_polfed_U2_L9_N9_nmax2_W9_boundaryperiodic_nreal300.txt
2.0,10.0,9,9,2,periodic,0.6078323128297229,0.012369946496402417,507.93957023233213,308.74208375205393,0.21621621621621626,284,284,100,pbs_bose_midpoint_L9/data/U_2/W_10/L_9/N_9_nmax_2/boundary_periodic/energies_polfed_U2_L9_N9_nmax2_W10_boundaryperiodic_nreal300.txt
2.0,11.0,9,9,2,periodic,0.658898955079995,0.013707563204706428,458.3736155980141,302.0218963537708,0.18118118118118118,285,285,100,pbs_bose_midpoint_L9/data/U_2/W_11/L_9/N_9_nmax_2/boundary_periodic/energies_polfed_U2_L9_N9_nmax2_W11_boundaryperiodic_nreal300.txt
2.0,12.0,9,9,2,periodic,0.7060717714137773,0.014616423062783369,429.8716095032826,303.5202088024743,0.15115115115115116,279,279,100,pbs_bose_midpoint_L9/data/U_2/W_12/L_9/N_9_nmax_2/boundary_periodic/energies_polfed_U2_L9_N9_nmax2_W12_boundaryperiodic_nreal300.txt
2.0,13.0,9,9,2,periodic,0.730909932860291,0.01580871089750971,397.45083251344386,290.50076130766803,0.13613613613613623,285,285,100,pbs_bose_midpoint_L9/data/U_2/W_13/L_9/N_9_nmax_2/boundary_periodic/energies_polfed_U2_L9_N9_nmax2_W13_boundaryperiodic_nreal300.txt
2.0,14.0,9,9,2,periodic,0.7060717714137773,0.017177458578870673,365.78084460691343,258.267528900831,0.15115115115115116,277,277,100,pbs_bose_midpoint_L9/data/U_2/W_14/L_9/N_9_nmax_2/boundary_periodic/energies_polfed_U2_L9_N9_nmax2_W14_boundaryperiodic_nreal300.txt
2.0,15.0,9,9,2,periodic,0.7479522515621821,0.01789452383728181,351.1233584259489,262.62350651076355,0.12612612612612617,269,269,100,pbs_bose_midpoint_L9/data/U_2/W_15/L_9/N_9_nmax_2/boundary_periodic/energies_polfed_U2_L9_N9_nmax2_W15_boundaryperiodic_nreal300.txt
3.0,0.5,9,9,2,periodic,0.056591701632462424,0.0073957221123385165,849.5702261037026,48.07862475148438,1.2472472472472473,300,300,100,pbs_bose_midpoint_L9/data/U_3/W_0p5/L_9/N_9_nmax_2/boundary_periodic/energies_polfed_U3_L9_N9_nmax2_W0.5_boundaryperiodic_nreal300.txt
3.0,1.0,9,9,2,periodic,0.05791122647641758,0.00686992199901197,914.593398306885,52.96522542318641,1.2372372372372373,300,300,100,pbs_bose_midpoint_L9/data/U_3/W_1/L_9/N_9_nmax_2/boundary_periodic/energies_polfed_U3_L9_N9_nmax2_W1_boundaryperiodic_nreal300.txt
3.0,2.0,9,9,2,periodic,0.059261518124755524,0.00617411695703798,1017.6654169171962,60.30839754957531,1.2272272272272273,300,300,100,pbs_bose_midpoint_L9/data/U_3/W_2/L_9/N_9_nmax_2/boundary_periodic/energies_polfed_U3_L9_N9_nmax2_W2_boundaryperiodic_nreal300.txt
3.0,3.0,9,9,2,periodic,0.05994842503189409,0.006294080885392014,998.268916715431,59.84464931538514,1.2222222222222223,299,299,100,pbs_bose_midpoint_L9/data/U_3/W_3/L_9/N_9_nmax_2/boundary_periodic/energies_polfed_U3_L9_N9_nmax2_W3_boundaryperiodic_nreal300.txt
3.0,4.0,9,9,2,periodic,0.1267952846786434,0.006959709724380017,902.7941618268144,114.47004275504818,0.8968968968968971,300,300,100,pbs_bose_midpoint_L9/data/U_3/W_4/L_9/N_9_nmax_2/boundary_periodic/energies_polfed_U3_L9_N9_nmax2_W4_boundaryperiodic_nreal300.txt
3.0,5.0,9,9,2,periodic,0.18979216428391013,0.007785347695044593,807.0526267155493,153.17226471535872,0.7217217217217217,297,297,100,pbs_bose_midpoint_L9/data/U_3/W_5/L_9/N_9_nmax_2/boundary_periodic/energies_polfed_U3_L9_N9_nmax2_W5_boundaryperiodic_nreal300.txt
3.0,6.0,9,9,2,periodic,0.4717084690917017,0.008912243737262635,705.0059998818485,332.5573009047312,0.3263263263263263,295,295,100,pbs_bose_midpoint_L9/data/U_3/W_6/L_9/N_9_nmax_2/boundary_periodic/energies_polfed_U3_L9_N9_nmax2_W6_boundaryperiodic_nreal300.txt
3.0,7.0,9,9,2,periodic,0.46096044868284336,0.009875241988094089,636.2563383008535,293.2890071804644,0.3363363363363363,289,289,100,pbs_bose_midpoint_L9/data/U_3/W_7/L_9/N_9_nmax_2/boundary_periodic/energies_polfed_U3_L9_N9_nmax2_W7_boundaryperiodic_nreal300.txt
3.0,8.0,9,9,2,periodic,0.5607234882852032,0.010992221575778251,571.6028615202597,320.511150425444,0.25125125125125125,290,290,100,pbs_bose_midpoint_L9/data/U_3/W_8/L_9/N_9_nmax_2/boundary_periodic/energies_polfed_U3_L9_N9_nmax2_W8_boundaryperiodic_nreal300.txt
3.0,9.0,9,9,2,periodic,0.6078323128297229,0.011993258590779059,523.8930904075039,318.43914881790425,0.21621621621621626,287,287,100,pbs_bose_midpoint_L9/data/U_3/W_9/L_9/N_9_nmax_2/boundary_periodic/energies_polfed_U3_L9_N9_nmax2_W9_boundaryperiodic_nreal300.txt
3.0,10.0,9,9,2,periodic,0.6513490946272803,0.013196490896670274,476.1254606529493,310.1238877252953,0.1861861861861862,289,289,100,pbs_bose_midpoint_L9/data/U_3/W_10/L_9/N_9_nmax_2/boundary_periodic/energies_polfed_U3_L9_N9_nmax2_W10_boundaryperiodic_nreal300.txt
3.0,11.0,9,9,2,periodic,0.658898955079995,0.01440508938321745,436.17815481934934,287.39733043918955,0.18118118118118123,290,290,100,pbs_bose_midpoint_L9/data/U_3/W_11/L_9/N_9_nmax_2/boundary_periodic/energies_polfed_U3_L9_N9_nmax2_W11_boundaryperiodic_nreal300.txt
3.0,12.0,9,9,2,periodic,0.7060717714137773,0.01528833770475861,410.9789715872052,290.18065048239043,0.15115115115115116,285,285,100,pbs_bose_midpoint_L9/data/U_3/W_12/L_9/N_9_nmax_2/boundary_periodic/energies_polfed_U3_L9_N9_nmax2_W12_boundaryperiodic_nreal300.txt
3.0,13.0,9,9,2,periodic,0.7479522515621821,0.016637688580549193,377.6477289354448,282.4624691546106,0.1261261261261261,280,280,100,pbs_bose_midpoint_L9/data/U_3/W_13/L_9/N_9_nmax_2/boundary_periodic/energies_polfed_U3_L9_N9_nmax2_W13_boundaryperiodic_nreal300.txt
3.0,14.0,9,9,2,periodic,0.7393819919175866,0.017143331783228404,366.5089952541505,270.9901509667271,0.13113113113113117,280,280,100,pbs_bose_midpoint_L9/data/U_3/W_14/L_9/N_9_nmax_2/boundary_periodic/energies_polfed_U3_L9_N9_nmax2_W14_boundaryperiodic_nreal300.txt
3.0,15.0,9,9,2,periodic,0.7479522515621821,0.018611755182840337,337.59230365186386,252.50292362647545,0.12612612612612617,277,277,100,pbs_bose_midpoint_L9/data/U_3/W_15/L_9/N_9_nmax_2/boundary_periodic/energies_polfed_U3_L9_N9_nmax2_W15_boundaryperiodic_nreal300.txt
4.0,0.5,9,9,2,periodic,0.19646866461804466,0.010196762620777587,616.1941334572758,121.06283854582418,0.7067067067067065,300,300,100,pbs_bose_midpoint_L9/data/U_4/W_0p5/L_9/N_9_nmax_2/boundary_periodic/energies_polfed_U4_L9_N9_nmax2_W0.5_boundaryperiodic_nreal300.txt
4.0,1.0,9,9,2,periodic,0.0790492762269642,0.009404000683968712,668.1396055075501,52.81595223394122,1.1021021021021022,300,300,100,pbs_bose_midpoint_L9/data/U_4/W_1/L_9/N_9_nmax_2/boundary_periodic/energies_polfed_U4_L9_N9_nmax2_W1_boundaryperiodic_nreal300.txt
4.0,3.0,9,9,2,periodic,0.0897331581458352,0.007269488461668695,864.3228942875706,77.55842296217257,1.0470470470470472,300,300,100,pbs_bose_midpoint_L9/data/U_4/W_3/L_9/N_9_nmax_2/boundary_periodic/energies_polfed_U4_L9_N9_nmax2_W3_boundaryperiodic_nreal300.txt
4.0,4.0,9,9,2,periodic,0.1327770829355429,0.007733640591210547,812.4485787871453,107.87455232648476,0.8768768768768771,298,298,100,pbs_bose_midpoint_L9/data/U_4/W_4/L_9/N_9_nmax_2/boundary_periodic/energies_polfed_U4_L9_N9_nmax2_W4_boundaryperiodic_nreal300.txt
4.0,5.0,9,9,2,periodic,0.25609931002584596,0.008478761578250591,741.0498867307442,189.7823646864749,0.5915915915915915,294,294,100,pbs_bose_midpoint_L9/data/U_4/W_5/L_9/N_9_nmax_2/boundary_periodic/energies_polfed_U4_L9_N9_nmax2_W5_boundaryperiodic_nreal300.txt
4.0,6.0,9,9,2,periodic,0.3789470919074668,0.009428051976380015,666.4351578587788,252.54366501547779,0.42142142142142136,296,296,100,pbs_bose_midpoint_L9/data/U_4/W_6/L_9/N_9_nmax_2/boundary_periodic/energies_polfed_U4_L9_N9_nmax2_W6_boundaryperiodic_nreal300.txt
4.0,7.0,9,9,2,periodic,0.46096044868284336,0.010568570652905694,594.5160905417332,274.0484038452873,0.3363363363363363,292,292,100,pbs_bose_midpoint_L9/data/U_4/W_7/L_9/N_9_nmax_2/boundary_periodic/energies_polfed_U4_L9_N9_nmax2_W7_boundaryperiodic_nreal300.txt
4.0,8.0,9,9,2,periodic,0.5542985515684669,0.011523463067003385,545.2514813165011,302.23210633429755,0.25625625625625625,288,288,100,pbs_bose_midpoint_L9/data/U_4/W_8/L_9/N_9_nmax_2/boundary_periodic/energies_polfed_U4_L9_N9_nmax2_W8_boundaryperiodic_nreal300.txt
4.0,9.0,9,9,2,periodic,0.5737976414214134,0.012610567301606344,498.2476328705077,285.8933165848996,0.24124124124124122,288,288,100,pbs_bose_midpoint_L9/data/U_4/W_9/L_9/N_9_nmax_2/boundary_periodic/energies_polfed_U4_L9_N9_nmax2_W9_boundaryperiodic_nreal300.txt
4.0,10.0,9,9,2,periodic,0.6899837121430018,0.013828144116022857,454.3766144221172,313.51246312994186,0.16116116116116116,287,287,100,pbs_bose_midpoint_L9/data/U_4/W_10/L_9/N_9_nmax_2/boundary_periodic/energies_polfed_U4_L9_N9_nmax2_W10_boundaryperiodic_nreal300.txt
4.0,11.0,9,9,2,periodic,0.6742622241778342,0.015137482073521953,415.07466543395304,279.8691671153676,0.17117117117117117,290,290,100,pbs_bose_midpoint_L9/data/U_4/W_11/L_9/N_9_nmax_2/boundary_periodic/energies_polfed_U4_L9_N9_nmax2_W11_boundaryperiodic_nreal300.txt
4.0,12.0,9,9,2,periodic,0.6665363268124913,0.01580716669450407,397.4896595076815,264.94129759419786,0.17617617617617626,286,286,100,pbs_bose_midpoint_L9/data/U_4/W_12/L_9/N_9_nmax_2/boundary_periodic/energies_polfed_U4_L9_N9_nmax2_W12_boundaryperiodic_nreal300.txt
4.0,13.0,9,9,2,periodic,0.6742622241778342,0.01702449877218979,369.0672713045405,248.84811922104365,0.17117117117117117,285,285,100,pbs_bose_midpoint_L9/data/U_4/W_13/L_9/N_9_nmax_2/boundary_periodic/energies_polfed_U4_L9_N9_nmax2_W13_boundaryperiodic_nreal300.txt
4.0,14.0,9,9,2,periodic,0.7479522515621821,0.01848948801523945,339.82473186931105,254.17267333816605,0.1261261261261261,288,288,100,pbs_bose_midpoint_L9/data/U_4/W_14/L_9/N_9_nmax_2/boundary_periodic/energies_polfed_U4_L9_N9_nmax2_W14_boundaryperiodic_nreal300.txt
4.0,15.0,9,9,2,periodic,0.7479522515621821,0.019154929766603473,328.01922970943434,245.34272141686404,0.12612612612612617,282,282,100,pbs_bose_midpoint_L9/data/U_4/W_15/L_9/N_9_nmax_2/boundary_periodic/energies_polfed_U4_L9_N9_nmax2_W15_boundaryperiodic_nreal300.txt
5.0,0.5,9,9,2,periodic,0.10186101701559752,0.013428593084819264,467.89602361863155,47.66036482334785,0.9919919919919922,298,298,100,pbs_bose_midpoint_L9/data/U_5/W_0p5/L_9/N_9_nmax_2/boundary_periodic/energies_polfed_U5_L9_N9_nmax2_W0.5_boundaryperiodic_nreal300.txt
5.0,1.0,9,9,2,periodic,0.2651083601908539,0.013017131054246775,482.68587609630987,127.96406109917838,0.5765765765765765,300,300,100,pbs_bose_midpoint_L9/data/U_5/W_1/L_9/N_9_nmax_2/boundary_periodic/energies_polfed_U5_L9_N9_nmax2_W1_boundaryperiodic_nreal300.txt
5.0,3.0,9,9,2,periodic,0.12975171686575868,0.008784436008983952,715.2633704376348,92.80665032547225,0.8868868868868871,298,298,100,pbs_bose_midpoint_L9/data/U_5/W_3/L_9/N_9_nmax_2/boundary_periodic/energies_polfed_U5_L9_N9_nmax2_W3_boundaryperiodic_nreal300.txt
5.0,4.0,9,9,2,periodic,0.19646866461804466,0.008682522862783584,723.6589418165057,142.17630593759617,0.7067067067067064,295,295,100,pbs_bose_midpoint_L9/data/U_5/W_4/L_9/N_9_nmax_2/boundary_periodic/energies_polfed_U5_L9_N9_nmax2_W4_boundaryperiodic_nreal300.txt
5.0,5.0,9,9,2,periodic,0.29749075472144404,0.009177351859315347,684.6403410807361,203.67417178085506,0.5265265265265264,296,296,100,pbs_bose_midpoint_L9/data/U_5/W_5/L_9/N_9_nmax_2/boundary_periodic/energies_polfed_U5_L9_N9_nmax2_W5_boundaryperiodic_nreal300.txt
5.0,6.0,9,9,2,periodic,0.45045732517594583,0.009973965421276432,629.9586013980272,283.7694665573352,0.3463463463463463,292,292,100,pbs_bose_midpoint_L9/data/U_5/W_6/L_9/N_9_nmax_2/boundary_periodic/energies_polfed_U5_L9_N9_nmax2_W6_boundaryperiodic_nreal300.txt
5.0,8.0,9,9,2,periodic,0.5871766390733255,0.012167625384139858,516.385499127014,303.20950184360174,0.23123123123123127,294,294,100,pbs_bose_midpoint_L9/data/U_5/W_8/L_9/N_9_nmax_2/boundary_periodic/energies_polfed_U5_L9_N9_nmax2_W8_boundaryperiodic_nreal300.txt
5.0,12.0,9,9,2,periodic,0.7225349491787214,0.01667299343905737,376.8480645149714,272.2858971424244,0.14114114114114112,287,287,100,pbs_bose_midpoint_L9/data/U_5/W_12/L_9/N_9_nmax_2/boundary_periodic/energies_polfed_U5_L9_N9_nmax2_W12_boundaryperiodic_nreal300.txt
5.0,13.0,9,9,2,periodic,0.7393819919175866,0.017798926482293195,353.00922858635613,261.00866659747066,0.13113113113113112,279,279,100,pbs_bose_midpoint_L9/data/U_5/W_13/L_9/N_9_nmax_2/boundary_periodic/energies_polfed_U5_L9_N9_nmax2_W13_boundaryperiodic_nreal300.txt
6.0,0.5,9,9,2,periodic,0.07292272058728312,0.01418943831618103,442.8071899093081,32.29070498379649,1.1371371371371373,299,299,100,pbs_bose_midpoint_L9/data/U_6/W_0p5/L_9/N_9_nmax_2/boundary_periodic/energies_polfed_U6_L9_N9_nmax2_W0.5_boundaryperiodic_nreal300.txt
6.0,2.0,9,9,2,periodic,0.34557199367621394,0.014097838877923626,445.6842897402296,154.01600855569853,0.46146146146146133,300,300,100,pbs_bose_midpoint_L9/data/U_6/W_2/L_9/N_9_nmax_2/boundary_periodic/energies_polfed_U6_L9_N9_nmax2_W2_boundaryperiodic_nreal300.txt
6.0,4.0,9,9,2,periodic,0.29749075472144404,0.010042628880992938,625.6514486034013,186.1255216375906,0.5265265265265264,293,293,100,pbs_bose_midpoint_L9/data/U_6/W_4/L_9/N_9_nmax_2/boundary_periodic/energies_polfed_U6_L9_N9_nmax2_W4_boundaryperiodic_nreal300.txt
6.0,6.0,9,9,2,periodic,0.4771760948938746,0.01075270471529125,584.3353345548835,278.83085305140503,0.3213213213213213,281,281,100,pbs_bose_midpoint_L9/data/U_6/W_6/L_9/N_9_nmax_2/boundary_periodic/energies_polfed_U6_L9_N9_nmax2_W6_boundaryperiodic_nreal300.txt
6.0,8.0,9,9,2,periodic,0.5672228971644544,0.012572960312125143,499.7379416779191,283.4628031015504,0.24624624624624625,287,287,100,pbs_bose_midpoint_L9/data/U_6/W_8/L_9/N_9_nmax_2/boundary_periodic/energies_polfed_U6_L9_N9_nmax2_W8_boundaryperiodic_nreal300.txt
6.0,9.0,9,9,2,periodic,0.6820776732865685,0.013953707866916973,450.2878637782343,307.13129843503737,0.16616616616616617,285,285,100,pbs_bose_midpoint_L9/data/U_6/W_9/L_9/N_9_nmax_2/boundary_periodic/energies_polfed_U6_L9_N9_nmax2_W9_boundaryperiodic_nreal300.txt
6.0,12.0,9,9,2,periodic,0.7142559285543126,0.017238021943861565,364.49572506879304,260.34323256308824,0.14614614614614613,285,285,100,pbs_bose_midpoint_L9/data/U_6/W_12/L_9/N_9_nmax_2/boundary_periodic/energies_polfed_U6_L9_N9_nmax2_W12_boundaryperiodic_nreal300.txt
6.0,14.0,9,9,2,periodic,0.7479522515621821,0.019700579112264853,318.9340410438954,238.54743409860697,0.1261261261261261,282,282,100,pbs_bose_midpoint_L9/data/U_6/W_14/L_9/N_9_nmax_2/boundary_periodic/energies_polfed_U6_L9_N9_nmax2_W14_boundaryperiodic_nreal300.txt
6.0,15.0,9,9,2,periodic,0.7393819919175866,0.02091519421934161,300.41247723002857,222.11957581123514,0.13113113113113117,283,283,100,pbs_bose_midpoint_L9/data/U_6/W_15/L_9/N_9_nmax_2/boundary_periodic/energies_polfed_U6_L9_N9_nmax2_W15_boundaryperiodic_nreal300.txt
7.0,0.5,9,9,2,periodic,0.07462302891391108,0.014262747818809365,440.53119265654226,32.87377192708889,1.1271271271271273,300,300,100,pbs_bose_midpoint_L9/data/U_7/W_0p5/L_9/N_9_nmax_2/boundary_periodic/energies_polfed_U7_L9_N9_nmax2_W0.5_boundaryperiodic_nreal300.txt
7.0,1.0,9,9,2,periodic,0.06727099135712336,0.01720830374042082,365.12519780906274,24.562334026081416,1.1721721721721723,300,300,100,pbs_bose_midpoint_L9/data/U_7/W_1/L_9/N_9_nmax_2/boundary_periodic/energies_polfed_U7_L9_N9_nmax2_W1_boundaryperiodic_nreal300.txt
7.0,3.0,9,9,2,periodic,0.41078408899656466,0.014610161596675912,430.0558392597882,176.66009614798512,0.3863863863863864,296,296,100,pbs_bose_midpoint_L9/data/U_7/W_3/L_9/N_9_nmax_2/boundary_periodic/energies_polfed_U7_L9_N9_nmax2_W3_boundaryperiodic_nreal300.txt
7.0,6.0,9,9,2,periodic,0.5113387538414326,0.01163586740733969,539.9842647928654,276.1148810531659,0.29129129129129133,285,285,100,pbs_bose_midpoint_L9/data/U_7/W_6/L_9/N_9_nmax_2/boundary_periodic/energies_polfed_U7_L9_N9_nmax2_W6_boundaryperiodic_nreal300.txt
7.0,7.0,9,9,2,periodic,0.5672228971644544,0.012401870485654817,506.632069287235,287.37331013752805,0.24624624624624622,290,290,100,pbs_bose_midpoint_L9/data/U_7/W_7/L_9/N_9_nmax_2/boundary_periodic/energies_polfed_U7_L9_N9_nmax2_W7_boundaryperiodic_nreal300.txt
7.0,14.0,9,9,2,periodic,0.7225349491787214,0.02045498210293729,307.17139108507627,221.94206544681273,0.14114114114114118,283,283,100,pbs_bose_midpoint_L9/data/U_7/W_14/L_9/N_9_nmax_2/boundary_periodic/energies_polfed_U7_L9_N9_nmax2_W14_boundaryperiodic_nreal300.txt
7.0,15.0,9,9,2,periodic,0.7653919388230148,0.021747485089865428,288.91548982404504,221.13358691242684,0.11611611611611611,274,274,100,pbs_bose_midpoint_L9/data/U_7/W_15/L_9/N_9_nmax_2/boundary_periodic/energies_polfed_U7_L9_N9_nmax2_W15_boundaryperiodic_nreal300.txt
8.0,0.5,9,9,2,periodic,0.09839952296278226,0.01428525547747667,439.8370975644211,43.279760581673756,1.0070070070070072,300,300,100,pbs_bose_midpoint_L9/data/U_8/W_0p5/L_9/N_9_nmax_2/boundary_periodic/energies_polfed_U8_L9_N9_nmax2_W0.5_boundaryperiodic_nreal300.txt
8.0,1.0,9,9,2,periodic,0.09954008287621519,0.017223032736862293,364.812945732359,36.31351085251521,1.0020020020020022,298,298,100,pbs_bose_midpoint_L9/data/U_8/W_1/L_9/N_9_nmax_2/boundary_periodic/energies_polfed_U8_L9_N9_nmax2_W1_boundaryperiodic_nreal300.txt
8.0,3.0,9,9,2,periodic,0.5054796821191241,0.018792677890759307,334.3422019843771,169.0031899780709,0.2962962962962963,297,297,100,pbs_bose_midpoint_L9/data/U_8/W_3/L_9/N_9_nmax_2/boundary_periodic/energies_polfed_U8_L9_N9_nmax2_W3_boundaryperiodic_nreal300.txt
8.0,4.0,9,9,2,periodic,0.4827070965603183,0.014887611714071094,422.0411861790434,203.72227560935877,0.3163163163163163,298,298,100,pbs_bose_midpoint_L9/data/U_8/W_4/L_9/N_9_nmax_2/boundary_periodic/energies_polfed_U8_L9_N9_nmax2_W4_boundaryperiodic_nreal300.txt
8.0,6.0,9,9,2,periodic,0.5939826693920356,0.012774511640554468,491.8532687568845,292.15231752541257,0.22622622622622626,283,283,100,pbs_bose_midpoint_L9/data/U_8/W_6/L_9/N_9_nmax_2/boundary_periodic/energies_polfed_U8_L9_N9_nmax2_W6_boundaryperiodic_nreal300.txt
8.0,7.0,9,9,2,periodic,0.6008675891719687,0.013419649904656128,468.20784087664987,281.33091657896534,0.2212212212212212,287,287,100,pbs_bose_midpoint_L9/data/U_8/W_7/L_9/N_9_nmax_2/boundary_periodic/energies_polfed_U8_L9_N9_nmax2_W7_boundaryperiodic_nreal300.txt
8.0,8.0,9,9,2,periodic,0.6742622241778342,0.013962010092794047,450.02010924074676,303.43155978141783,0.17117117117117123,284,284,100,pbs_bose_midpoint_L9/data/U_8/W_8/L_9/N_9_nmax_2/boundary_periodic/energies_polfed_U8_L9_N9_nmax2_W8_boundaryperiodic_nreal300.txt
8.0,9.0,9,9,2,periodic,0.6365079081295572,0.015082561978245916,416.58607577691606,265.16033164866604,0.19619619619619616,284,284,100,pbs_bose_midpoint_L9/data/U_8/W_9/L_9/N_9_nmax_2/boundary_periodic/energies_polfed_U8_L9_N9_nmax2_W9_boundaryperiodic_nreal300.txt
8.0,13.0,9,9,2,periodic,0.7653919388230148,0.019590055467259768,320.73341076958525,245.48676711425128,0.11611611611611611,283,283,100,pbs_bose_midpoint_L9/data/U_8/W_13/L_9/N_9_nmax_2/boundary_periodic/energies_polfed_U8_L9_N9_nmax2_W13_boundaryperiodic_nreal300.txt
8.0,15.0,9,9,2,periodic,0.7653919388230148,0.022015051138148972,285.40407504626296,218.44597834764843,0.11611611611611611,286,286,100,pbs_bose_midpoint_L9/data/U_8/W_15/L_9/N_9_nmax_2/boundary_periodic/energies_polfed_U8_L9_N9_nmax2_W15_boundaryperiodic_nreal300.txt
9.0,0.5,9,9,2,periodic,0.08470868266557402,0.0143373743957862,438.23821110692586,37.122581556585416,1.0720720720720722,300,300,100,pbs_bose_midpoint_L9/data/U_9/W_0p5/L_9/N_9_nmax_2/boundary_periodic/energies_polfed_U9_L9_N9_nmax2_W0.5_boundaryperiodic_nreal300.txt
9.0,1.0,9,9,2,periodic,0.08870496889654403,0.017291824600812307,363.36161464906513,32.23198072564334,1.0520520520520522,300,300,100,pbs_bose_midpoint_L9/data/U_9/W_1/L_9/N_9_nmax_2/boundary_periodic/energies_polfed_U9_L9_N9_nmax2_W1_boundaryperiodic_nreal300.txt
9.0,2.0,9,9,2,periodic,0.2105345242766706,0.024984186923622503,251.48648328590778,52.94658712061147,0.6766766766766765,300,300,100,pbs_bose_midpoint_L9/data/U_9/W_2/L_9/N_9_nmax_2/boundary_periodic/energies_polfed_U9_L9_N9_nmax2_W2_boundaryperiodic_nreal300.txt
9.0,3.0,9,9,2,periodic,0.488302208687788,0.0249915480201549,251.4124095919306,122.76523489525854,0.3113113113113113,298,298,100,pbs_bose_midpoint_L9/data/U_9/W_3/L_9/N_9_nmax_2/boundary_periodic/energies_polfed_U9_L9_N9_nmax2_W3_boundaryperiodic_nreal300.txt
9.0,4.0,9,9,2,periodic,0.5871766390733255,0.018890489645191536,332.6110347160289,195.30142948325903,0.23123123123123127,296,296,100,pbs_bose_midpoint_L9/data/U_9/W_4/L_9/N_9_nmax_2/boundary_periodic/energies_polfed_U9_L9_N9_nmax2_W4_boundaryperiodic_nreal300.txt
9.0,5.0,9,9,2,periodic,0.6078323128297229,0.015745244681879683,399.0528844820399,242.55723771609055,0.21621621621621626,288,288,100,pbs_bose_midpoint_L9/data/U_9/W_5/L_9/N_9_nmax_2/boundary_periodic/energies_polfed_U9_L9_N9_nmax2_W5_boundaryperiodic_nreal300.txt
9.0,6.0,9,9,2,periodic,0.5939826693920356,0.01456816388804479,431.29562211582584,256.1821249214569,0.22622622622622626,288,288,100,pbs_bose_midpoint_L9/data/U_9/W_6/L_9/N_9_nmax_2/boundary_periodic/energies_polfed_U9_L9_N9_nmax2_W6_boundaryperiodic_nreal300.txt
9.0,7.0,9,9,2,periodic,0.643885742724042,0.014515088454986691,432.8726846319,278.7205500491609,0.19119119119119116,276,276,100,pbs_bose_midpoint_L9/data/U_9/W_7/L_9/N_9_nmax_2/boundary_periodic/energies_polfed_U9_L9_N9_nmax2_W7_boundaryperiodic_nreal300.txt
9.0,8.0,9,9,2,periodic,0.6820776732865685,0.014947261534632572,420.35695251745904,286.716092122941,0.16616616616616622,280,280,100,pbs_bose_midpoint_L9/data/U_9/W_8/L_9/N_9_nmax_2/boundary_periodic/energies_polfed_U9_L9_N9_nmax2_W8_boundaryperiodic_nreal300.txt
9.0,9.0,9,9,2,periodic,0.7393819919175866,0.015771304551761452,398.393505531401,294.5649836868373,0.13113113113113117,282,282,100,pbs_bose_midpoint_L9/data/U_9/W_9/L_9/N_9_nmax_2/boundary_periodic/energies_polfed_U9_L9_N9_nmax2_W9_boundaryperiodic_nreal300.txt
9.0,10.0,9,9,2,periodic,0.6742622241778342,0.016675543583828396,376.79043418248096,254.05555620081148,0.17117117117117117,279,279,100,pbs_bose_midpoint_L9/data/U_9/W_10/L_9/N_9_nmax_2/boundary_periodic/energies_polfed_U9_L9_N9_nmax2_W10_boundaryperiodic_nreal300.txt
9.0,11.0,9,9,2,periodic,0.7060717714137773,0.017888591654901913,351.2397973184121,248.00050588362734,0.15115115115115116,285,285,100,pbs_bose_midpoint_L9/data/U_9/W_11/L_9/N_9_nmax_2/boundary_periodic/energies_polfed_U9_L9_N9_nmax2_W11_boundaryperiodic_nreal300.txt
9.0,12.0,9,9,2,periodic,0.7479522515621821,0.019111526404772105,328.7641800087035,245.89990867050432,0.12612612612612617,279,279,100,pbs_bose_midpoint_L9/data/U_9/W_12/L_9/N_9_nmax_2/boundary_periodic/energies_polfed_U9_L9_N9_nmax2_W12_boundaryperiodic_nreal300.txt
9.0,13.0,9,9,2,periodic,0.7923168624866254,0.020314147807511656,309.3009545227501,245.06436185158375,0.10110110110110115,288,288,100,pbs_bose_midpoint_L9/data/U_9/W_13/L_9/N_9_nmax_2/boundary_periodic/energies_polfed_U9_L9_N9_nmax2_W13_boundaryperiodic_nreal300.txt
9.0,14.0,9,9,2,periodic,0.7832382599179196,0.021301609840450757,294.96293257836845,231.02625405296794,0.1061061061061062,282,282,100,pbs_bose_midpoint_L9/data/U_9/W_14/L_9/N_9_nmax_2/boundary_periodic/energies_polfed_U9_L9_N9_nmax2_W14_boundaryperiodic_nreal300.txt
9.0,15.0,9,9,2,periodic,0.7653919388230148,0.022420587034685382,280.2417839220397,214.49480233531034,0.11611611611611618,286,286,100,pbs_bose_midpoint_L9/data/U_9/W_15/L_9/N_9_nmax_2/boundary_periodic/energies_polfed_U9_L9_N9_nmax2_W15_boundaryperiodic_nreal300.txt
10.0,0.5,9,9,2,periodic,0.10915359353313911,0.014335199906710127,438.30468692930515,47.84253164075116,0.9619619619619622,299,299,100,pbs_bose_midpoint_L9/data/U_10/W_0p5/L_9/N_9_nmax_2/boundary_periodic/energies_polfed_U10_L9_N9_nmax2_W0.5_boundaryperiodic_nreal300.txt
10.0,1.0,9,9,2,periodic,0.12534242654613995,0.01760540103826014,356.8896438953556,44.73341397503165,0.9019019019019021,299,299,100,pbs_bose_midpoint_L9/data/U_10/W_1/L_9/N_9_nmax_2/boundary_periodic/energies_polfed_U10_L9_N9_nmax2_W1_boundaryperiodic_nreal300.txt
10.0,2.0,9,9,2,periodic,0.18124175473742377,0.026042083297254996,241.27045580266133,43.72828077597239,0.7417417417417416,300,300,100,pbs_bose_midpoint_L9/data/U_10/W_2/L_9/N_9_nmax_2/boundary_periodic/energies_polfed_U10_L9_N9_nmax2_W2_boundaryperiodic_nreal300.txt
10.0,3.0,9,9,2,periodic,0.46630349297427315,0.030270606876588294,207.567206458589,96.78931339855215,0.3313313313313313,295,295,100,pbs_bose_midpoint_L9/data/U_10/W_3/L_9/N_9_nmax_2/boundary_periodic/energies_polfed_U10_L9_N9_nmax2_W3_boundaryperiodic_nreal300.txt
10.0,4.0,9,9,2,periodic,0.5939826693920356,0.024535112082299127,256.0895294100814,152.11274228235035,0.22622622622622626,295,295,100,pbs_bose_midpoint_L9/data/U_10/W_4/L_9/N_9_nmax_2/boundary_periodic/energies_polfed_U10_L9_N9_nmax2_W4_boundaryperiodic_nreal300.txt
10.0,5.0,9,9,2,periodic,0.6148777653810024,0.01900566134811624,330.5954574320745,203.27579611094427,0.21121121121121117,288,288,100,pbs_bose_midpoint_L9/data/U_10/W_5/L_9/N_9_nmax_2/boundary_periodic/energies_polfed_U10_L9_N9_nmax2_W5_boundaryperiodic_nreal300.txt
10.0,6.0,9,9,2,periodic,0.6220048825634712,0.0169591316006584,370.48980190327995,230.44646572381336,0.20620620620620614,284,284,100,pbs_bose_midpoint_L9/data/U_10/W_6/L_9/N_9_nmax_2/boundary_periodic/energies_polfed_U10_L9_N9_nmax2_W6_boundaryperiodic_nreal300.txt
10.0,7.0,9,9,2,periodic,0.6820776732865685,0.01580301267426449,397.5941446539415,271.19008909792376,0.16616616616616622,281,281,100,pbs_bose_midpoint_L9/data/U_10/W_7/L_9/N_9_nmax_2/boundary_periodic/energies_polfed_U10_L9_N9_nmax2_W7_boundaryperiodic_nreal300.txt
10.0,8.0,9,9,2,periodic,0.7393819919175866,0.015917888438561855,394.72479854540666,291.8524078077709,0.13113113113113112,289,289,100,pbs_bose_midpoint_L9/data/U_10/W_8/L_9/N_9_nmax_2/boundary_periodic/energies_polfed_U10_L9_N9_nmax2_W8_boundaryperiodic_nreal300.txt
10.0,9.0,9,9,2,periodic,0.7060717714137773,0.016672305047036786,376.8636244030524,266.0927668636797,0.15115115115115116,278,278,100,pbs_bose_midpoint_L9/data/U_10/W_9/L_9/N_9_nmax_2/boundary_periodic/energies_polfed_U10_L9_N9_nmax2_W9_boundaryperiodic_nreal300.txt
10.0,10.0,9,9,2,periodic,0.7393819919175866,0.01754163161826327,358.18705146207265,264.83705558911436,0.13113113113113117,281,281,100,pbs_bose_midpoint_L9/data/U_10/W_10/L_9/N_9_nmax_2/boundary_periodic/energies_polfed_U10_L9_N9_nmax2_W10_boundaryperiodic_nreal300.txt
10.0,11.0,9,9,2,periodic,0.7225349491787214,0.018506171577626764,339.51837530652267,245.31389204734043,0.14114114114114112,283,283,100,pbs_bose_midpoint_L9/data/U_10/W_11/L_9/N_9_nmax_2/boundary_periodic/energies_polfed_U10_L9_N9_nmax2_W11_boundaryperiodic_nreal300.txt
10.0,12.0,9,9,2,periodic,0.8015006961565405,0.019537373741134432,321.5982552430179,257.76122546000767,0.0960960960960961,280,280,100,pbs_bose_midpoint_L9/data/U_10/W_12/L_9/N_9_nmax_2/boundary_periodic/energies_polfed_U10_L9_N9_nmax2_W12_boundaryperiodic_nreal300.txt
10.0,13.0,9,9,2,periodic,0.774263682681127,0.020605675524087555,304.9249853437073,236.0923420937075,0.11111111111111119,279,279,100,pbs_bose_midpoint_L9/data/U_10/W_13/L_9/N_9_nmax_2/boundary_periodic/energies_polfed_U10_L9_N9_nmax2_W13_boundaryperiodic_nreal300.txt
10.0,14.0,9,9,2,periodic,0.7923168624866254,0.022075642738911914,284.6207189294855,225.50979502089763,0.10110110110110115,279,279,100,pbs_bose_midpoint_L9/data/U_10/W_14/L_9/N_9_nmax_2/boundary_periodic/energies_polfed_U10_L9_N9_nmax2_W14_boundaryperiodic_nreal300.txt
10.0,15.0,9,9,2,periodic,0.7653919388230148,0.02322672572290563,270.5153271338311,207.05025071630507,0.11611611611611618,275,275,100,pbs_bose_midpoint_L9/data/U_10/W_15/L_9/N_9_nmax_2/boundary_periodic/energies_polfed_U10_L9_N9_nmax2_W15_boundaryperiodic_nreal300.txt
12.0,0.5,9,9,2,periodic,0.14899550728528538,0.014478188103212821,433.97594107686024,64.6604654903559,0.8268268268268271,300,300,100,pbs_bose_midpoint_L9/data/U_12/W_0p5/L_9/N_9_nmax_2/boundary_periodic/energies_polfed_U12_L9_N9_nmax2_W0.5_boundaryperiodic_nreal300.txt
12.0,1.0,9,9,2,periodic,0.12248646137509307,0.017521068783129434,358.6074220100943,43.92455414486112,0.9119119119119121,299,299,100,pbs_bose_midpoint_L9/data/U_12/W_1/L_9/N_9_nmax_2/boundary_periodic/energies_polfed_U12_L9_N9_nmax2_W1_boundaryperiodic_nreal300.txt
12.0,2.0,9,9,2,periodic,0.24175940791691308,0.0266861782878485,235.44717566548758,56.9215697845977,0.6166166166166165,300,300,100,pbs_bose_midpoint_L9/data/U_12/W_2/L_9/N_9_nmax_2/boundary_periodic/energies_polfed_U12_L9_N9_nmax2_W2_boundaryperiodic_nreal300.txt
12.0,3.0,9,9,2,periodic,0.40607720257003654,0.03707528609447265,169.47098644550476,68.81830409257516,0.3913913913913913,297,297,100,pbs_bose_midpoint_L9/data/U_12/W_3/L_9/N_9_nmax_2/boundary_periodic/energies_polfed_U12_L9_N9_nmax2_W3_boundaryperiodic_nreal300.txt
12.0,4.0,9,9,2,periodic,0.5939826693920356,0.037072131103254136,169.48540912524066,100.67139573521172,0.22622622622622626,288,288,100,pbs_bose_midpoint_L9/data/U_12/W_4/L_9/N_9_nmax_2/boundary_periodic/energies_polfed_U12_L9_N9_nmax2_W4_boundaryperiodic_nreal300.txt
12.0,5.0,9,9,2,periodic,0.5804485942768978,0.028808634799756826,218.1007656507424,126.59628283268854,0.23623623623623624,291,291,100,pbs_bose_midpoint_L9/data/U_12/W_5/L_9/N_9_nmax_2/boundary_periodic/energies_polfed_U12_L9_N9_nmax2_W5_boundaryperiodic_nreal300.txt
12.0,6.0,9,9,2,periodic,0.6665363268124913,0.023585960880538694,266.39513815033854,177.5620368634328,0.17617617617617626,293,293,100,pbs_bose_midpoint_L9/data/U_12/W_6/L_9/N_9_nmax_2/boundary_periodic/energies_polfed_U12_L9_N9_nmax2_W6_boundaryperiodic_nreal300.txt
12.0,7.0,9,9,2,periodic,0.7393819919175866,0.021115876381637817,297.5574015314557,220.00858425414884,0.13113113113113117,281,281,100,pbs_bose_midpoint_L9/data/U_12/W_7/L_9/N_9_nmax_2/boundary_periodic/energies_polfed_U12_L9_N9_nmax2_W7_boundaryperiodic_nreal300.txt
12.0,8.0,9,9,2,periodic,0.6742622241778342,0.01908307594254319,329.25432598484065,222.00375415871233,0.17117117117117123,286,286,100,pbs_bose_midpoint_L9/data/U_12/W_8/L_9/N_9_nmax_2/boundary_periodic/energies_polfed_U12_L9_N9_nmax2_W8_boundaryperiodic_nreal300.txt
12.0,9.0,9,9,2,periodic,0.697981390783066,0.01893275350573741,331.8685422738705,231.63806669346485,0.15615615615615622,278,278,100,pbs_bose_midpoint_L9/data/U_12/W_9/L_9/N_9_nmax_2/boundary_periodic/energies_polfed_U12_L9_N9_nmax2_W9_boundaryperiodic_nreal300.txt
12.0,10.0,9,9,2,periodic,0.8107909806731687,0.01901370495916753,330.4556014029304,267.9304211304237,0.09109109109109106,281,281,100,pbs_bose_midpoint_L9/data/U_12/W_10/L_9/N_9_nmax_2/boundary_periodic/energies_polfed_U12_L9_N9_nmax2_W10_boundaryperiodic_nreal300.txt
12.0,11.0,9,9,2,periodic,0.7653919388230148,0.019810774042945123,317.1600106870691,242.7517154969039,0.11611611611611611,278,278,100,pbs_bose_midpoint_L9/data/U_12/W_11/L_9/N_9_nmax_2/boundary_periodic/energies_polfed_U12_L9_N9_nmax2_W11_boundaryperiodic_nreal300.txt
12.0,12.0,9,9,2,periodic,0.7225349491787214,0.020500089836894022,306.4955011012554,221.45371131170234,0.14114114114114112,271,271,100,pbs_bose_midpoint_L9/data/U_12/W_12/L_9/N_9_nmax_2/boundary_periodic/energies_polfed_U12_L9_N9_nmax2_W12_boundaryperiodic_nreal300.txt
12.0,13.0,9,9,2,periodic,0.774263682681127,0.021790280616729732,288.3480675487768,223.25743667430228,0.1111111111111111,278,278,100,pbs_bose_midpoint_L9/data/U_12/W_13/L_9/N_9_nmax_2/boundary_periodic/energies_polfed_U12_L9_N9_nmax2_W13_boundaryperiodic_nreal300.txt
12.0,14.0,9,9,2,periodic,0.8015006961565405,0.023033736829597466,272.78184836712796,218.63484136512093,0.09609609609609616,284,284,100,pbs_bose_midpoint_L9/data/U_12/W_14/L_9/N_9_nmax_2/boundary_periodic/energies_polfed_U12_L9_N9_nmax2_W14_boundaryperiodic_nreal300.txt
12.0,15.0,9,9,2,periodic,0.7653919388230148,0.023821626013725804,263.75971579602805,201.87956025652926,0.11611611611611618,275,275,100,pbs_bose_midpoint_L9/data/U_12/W_15/L_9/N_9_nmax_2/boundary_periodic/energies_polfed_U12_L9_N9_nmax2_W15_boundaryperiodic_nreal300.txt
15.0,0.5,9,9,2,periodic,0.16913295170296488,0.014611883339134933,430.00516506666617,72.72804281524589,0.7717717717717716,300,300,100,pbs_bose_midpoint_L9/data/U_15/W_0p5/L_9/N_9_nmax_2/boundary_periodic/energies_polfed_U15_L9_N9_nmax2_W0.5_boundaryperiodic_nreal300.txt
15.0,1.0,9,9,2,periodic,0.18546769230846993,0.01790803744052904,350.8583968536738,65.0728971915002,0.7317317317317316,300,300,100,pbs_bose_midpoint_L9/data/U_15/W_1/L_9/N_9_nmax_2/boundary_periodic/energies_polfed_U15_L9_N9_nmax2_W1_boundaryperiodic_nreal300.txt
15.0,2.0,9,9,2,periodic,0.2651083601908539,0.02703872249306771,232.37729921561544,61.6051647406312,0.5765765765765765,298,298,100,pbs_bose_midpoint_L9/data/U_15/W_2/L_9/N_9_nmax_2/boundary_periodic/energies_polfed_U15_L9_N9_nmax2_W2_boundaryperiodic_nreal300.txt
15.0,3.0,9,9,2,periodic,0.3703126675869927,0.03875498321300397,162.1258683727492,60.037262801970414,0.43143143143143137,299,299,100,pbs_bose_midpoint_L9/data/U_15/W_3/L_9/N_9_nmax_2/boundary_periodic/energies_polfed_U15_L9_N9_nmax2_W3_boundaryperiodic_nreal300.txt
15.0,4.0,9,9,2,periodic,0.5293266058360562,0.049559565969684805,126.78047485369345,67.10827844058902,0.27627627627627627,293,293,100,pbs_bose_midpoint_L9/data/U_15/W_4/L_9/N_9_nmax_2/boundary_periodic/energies_polfed_U15_L9_N9_nmax2_W4_boundaryperiodic_nreal300.txt
15.0,5.0,9,9,2,periodic,0.6365079081295572,0.04847680587362257,129.61219688359094,82.49918830645078,0.19619619619619616,292,292,100,pbs_bose_midpoint_L9/data/U_15/W_5/L_9/N_9_nmax_2/boundary_periodic/energies_polfed_U15_L9_N9_nmax2_W5_boundaryperiodic_nreal300.txt
15.0,6.0,9,9,2,periodic,0.658898955079995,0.0395168194356138,159.00027879057956,104.76511755254076,0.18118118118118118,294,294,100,pbs_bose_midpoint_L9/data/U_15/W_6/L_9/N_9_nmax_2/boundary_periodic/energies_polfed_U15_L9_N9_nmax2_W6_boundaryperiodic_nreal300.txt
15.0,7.0,9,9,2,periodic,0.730909932860291,0.03299693451380112,190.41724329124014,139.17785450944203,0.13613613613613623,285,285,100,pbs_bose_midpoint_L9/data/U_15/W_7/L_9/N_9_nmax_2/boundary_periodic/energies_polfed_U15_L9_N9_nmax2_W7_boundaryperiodic_nreal300.txt
15.0,8.0,9,9,2,periodic,0.7142559285543126,0.028025678471962575,224.1938696850963,160.13180056811302,0.1461461461461462,285,285,100,pbs_bose_midpoint_L9/data/U_15/W_8/L_9/N_9_nmax_2/boundary_periodic/energies_polfed_U15_L9_N9_nmax2_W8_boundaryperiodic_nreal300.txt
15.0,9.0,9,9,2,periodic,0.7142559285543126,0.025192774856377775,249.40425749047418,178.1384695192575,0.1461461461461462,286,286,100,pbs_bose_midpoint_L9/data/U_15/W_9/L_9/N_9_nmax_2/boundary_periodic/energies_polfed_U15_L9_N9_nmax2_W9_boundaryperiodic_nreal300.txt
15.0,10.0,9,9,2,periodic,0.7479522515621821,0.02398749042988805,261.93591720419545,195.9155590378833,0.12612612612612617,278,278,100,pbs_bose_midpoint_L9/data/U_15/W_10/L_9/N_9_nmax_2/boundary_periodic/energies_polfed_U15_L9_N9_nmax2_W10_boundaryperiodic_nreal300.txt
15.0,11.0,9,9,2,periodic,0.7479522515621821,0.02355432673557477,266.7529145585771,199.51844305486216,0.1261261261261261,282,282,100,pbs_bose_midpoint_L9/data/U_15/W_11/L_9/N_9_nmax_2/boundary_periodic/energies_polfed_U15_L9_N9_nmax2_W11_boundaryperiodic_nreal300.txt
15.0,12.0,9,9,2,periodic,0.7393819919175866,0.0235070926392069,267.28891588660423,197.62861104572968,0.13113113113113117,284,284,100,pbs_bose_midpoint_L9/data/U_15/W_12/L_9/N_9_nmax_2/boundary_periodic/energies_polfed_U15_L9_N9_nmax2_W12_boundaryperiodic_nreal300.txt
15.0,13.0,9,9,2,periodic,0.697981390783066,0.024311245395151365,258.4476938574568,180.39168080330376,0.15615615615615613,277,277,100,pbs_bose_midpoint_L9/data/U_15/W_13/L_9/N_9_nmax_2/boundary_periodic/energies_polfed_U15_L9_N9_nmax2_W13_boundaryperiodic_nreal300.txt
15.0,14.0,9,9,2,periodic,0.7653919388230148,0.024544948638389043,255.98689977914617,195.93030953525349,0.11611611611611611,277,277,100,pbs_bose_midpoint_L9/data/U_15/W_14/L_9/N_9_nmax_2/boundary_periodic/energies_polfed_U15_L9_N9_nmax2_W14_boundaryperiodic_nreal300.txt
15.0,15.0,9,9,2,periodic,0.7923168624866254,0.025131470817772776,250.0126376501676,198.08922864498632,0.10110110110110115,280,280,100,pbs_bose_midpoint_L9/data/U_15/W_15/L_9/N_9_nmax_2/boundary_periodic/energies_polfed_U15_L9_N9_nmax2_W15_boundaryperiodic_nreal300.txt
20.0,0.5,9,9,2,periodic,0.19646866461804466,0.014666084674609283,428.4159983105358,84.17031908907745,0.7067067067067065,300,300,100,pbs_bose_midpoint_L9/data/U_20/W_0p5/L_9/N_9_nmax_2/boundary_periodic/energies_polfed_U20_L9_N9_nmax2_W0.5_boundaryperiodic_nreal300.txt
20.0,1.0,9,9,2,periodic,0.26818126094530154,0.018057300084282656,347.9581818905787,93.31586397564999,0.5715715715715715,300,300,100,pbs_bose_midpoint_L9/data/U_20/W_1/L_9/N_9_nmax_2/boundary_periodic/energies_polfed_U20_L9_N9_nmax2_W1_boundaryperiodic_nreal300.txt
20.0,2.0,9,9,2,periodic,0.326222200971167,0.02753265297231752,228.20849532723793,74.44667762596984,0.48648648648648635,299,299,100,pbs_bose_midpoint_L9/data/U_20/W_2/L_9/N_9_nmax_2/boundary_periodic/energies_polfed_U20_L9_N9_nmax2_W2_boundaryperiodic_nreal300.txt
20.0,3.0,9,9,2,periodic,0.45045732517594583,0.0407834989495986,154.06194831258895,69.39833314828364,0.3463463463463463,299,299,100,pbs_bose_midpoint_L9/data/U_20/W_3/L_9/N_9_nmax_2/boundary_periodic/energies_polfed_U20_L9_N9_nmax2_W3_boundaryperiodic_nreal300.txt
20.0,4.0,9,9,2,periodic,0.5232614239486661,0.05450113053195606,115.28541235480462,60.32440902928421,0.2812812812812813,296,296,100,pbs_bose_midpoint_L9/data/U_20/W_4/L_9/N_9_nmax_2/boundary_periodic/energies_polfed_U20_L9_N9_nmax2_W4_boundaryperiodic_nreal300.txt
20.0,5.0,9,9,2,periodic,0.5737976414214134,0.06568026777324092,95.66321088811769,54.891324778401206,0.24124124124124122,289,289,100,pbs_bose_midpoint_L9/data/U_20/W_5/L_9/N_9_nmax_2/boundary_periodic/energies_polfed_U20_L9_N9_nmax2_W5_boundaryperiodic_nreal300.txt
20.0,6.0,9,9,2,periodic,0.6665363268124913,0.07027441491091475,89.40928665353721,59.594537508973794,0.1761761761761762,283,283,100,pbs_bose_midpoint_L9/data/U_20/W_6/L_9/N_9_nmax_2/boundary_periodic/energies_polfed_U20_L9_N9_nmax2_W6_boundaryperiodic_nreal300.txt
20.0,7.0,9,9,2,periodic,0.7060717714137773,0.0650173186220541,96.63864090895174,68.23381637360349,0.15115115115115116,285,285,100,pbs_bose_midpoint_L9/data/U_20/W_7/L_9/N_9_nmax_2/boundary_periodic/energies_polfed_U20_L9_N9_nmax2_W7_boundaryperiodic_nreal300.txt
20.0,8.0,9,9,2,periodic,0.7142559285543126,0.05774627129755786,108.80677082686908,77.71588112994168,0.14614614614614613,289,289,100,pbs_bose_midpoint_L9/data/U_20/W_8/L_9/N_9_nmax_2/boundary_periodic/energies_polfed_U20_L9_N9_nmax2_W8_boundaryperiodic_nreal300.txt
20.0,9.0,9,9,2,periodic,0.7060717714137773,0.047831404955121656,131.36108615406246,92.7503547956367,0.15115115115115116,283,283,100,pbs_bose_midpoint_L9/data/U_20/W_9/L_9/N_9_nmax_2/boundary_periodic/energies_polfed_U20_L9_N9_nmax2_W9_boundaryperiodic_nreal300.txt
20.0,10.0,9,9,2,periodic,0.7479522515621821,0.04049535770790436,155.15816288130134,116.05089727532113,0.1261261261261261,283,283,100,pbs_bose_midpoint_L9/data/U_20/W_10/L_9/N_9_nmax_2/boundary_periodic/energies_polfed_U20_L9_N9_nmax2_W10_boundaryperiodic_nreal300.txt
20.0,11.0,9,9,2,periodic,0.774263682681127,0.037256142077092866,168.64830755095375,130.57825968234076,0.11111111111111119,284,284,100,pbs_bose_midpoint_L9/data/U_20/W_11/L_9/N_9_nmax_2/boundary_periodic/energies_polfed_U20_L9_N9_nmax2_W11_boundaryperiodic_nreal300.txt
20.0,12.0,9,9,2,periodic,0.7832382599179196,0.034145644575128316,184.0113251737019,144.12471013424076,0.10610610610610612,284,284,100,pbs_bose_midpoint_L9/data/U_20/W_12/L_9/N_9_nmax_2/boundary_periodic/energies_polfed_U20_L9_N9_nmax2_W12_boundaryperiodic_nreal300.txt
20.0,13.0,9,9,2,periodic,0.8296958520834906,0.03219775810618213,195.1435651655878,161.90980657867254,0.08108108108108117,288,288,100,pbs_bose_midpoint_L9/data/U_20/W_13/L_9/N_9_nmax_2/boundary_periodic/energies_polfed_U20_L9_N9_nmax2_W13_boundaryperiodic_nreal300.txt
20.0,14.0,9,9,2,periodic,0.8015006961565405,0.03162509677984058,198.6771882761416,159.23990471375157,0.09609609609609616,274,274,100,pbs_bose_midpoint_L9/data/U_20/W_14/L_9/N_9_nmax_2/boundary_periodic/energies_polfed_U20_L9_N9_nmax2_W14_boundaryperiodic_nreal300.txt
20.0,15.0,9,9,2,periodic,0.8015006961565405,0.0315622145723194,199.07301792093028,159.55716244960908,0.09609609609609616,275,275,100,pbs_bose_midpoint_L9/data/U_20/W_15/L_9/N_9_nmax_2/boundary_periodic/energies_polfed_U20_L9_N9_nmax2_W15_boundaryperiodic_nreal300.txt
30.0,0.5,9,9,2,periodic,0.30795587129142266,0.014962581331002091,419.9265600087991,129.3188496659196,0.5115115115115114,300,300,100,pbs_bose_midpoint_L9/data/U_30/W_0p5/L_9/N_9_nmax_2/boundary_periodic/energies_polfed_U30_L9_N9_nmax2_W0.5_boundaryperiodic_nreal300.txt
30.0,1.0,9,9,2,periodic,0.3789470919074668,0.018191706301486598,345.3873541629316,130.88353344165722,0.42142142142142136,300,300,100,pbs_bose_midpoint_L9/data/U_30/W_1/L_9/N_9_nmax_2/boundary_periodic/energies_polfed_U30_L9_N9_nmax2_W1_boundaryperiodic_nreal300.txt
30.0,2.0,9,9,2,periodic,0.4301635758106795,0.02768182055897926,226.97876007802833,97.63799506823896,0.3663663663663663,299,299,100,pbs_bose_midpoint_L9/data/U_30/W_2/L_9/N_9_nmax_2/boundary_periodic/energies_polfed_U30_L9_N9_nmax2_W2_boundaryperiodic_nreal300.txt
30.0,3.0,9,9,2,periodic,0.5416686911033152,0.03969342221928454,158.29285951884947,85.74228602657614,0.26626626626626626,296,296,100,pbs_bose_midpoint_L9/data/U_30/W_3/L_9/N_9_nmax_2/boundary_periodic/energies_polfed_U30_L9_N9_nmax2_W3_boundaryperiodic_nreal300.txt
30.0,4.0,9,9,2,periodic,0.5479472336900287,0.05323147548047202,118.03515214385847,64.67703509540891,0.26126126126126126,290,290,100,pbs_bose_midpoint_L9/data/U_30/W_4/L_9/N_9_nmax_2/boundary_periodic/energies_polfed_U30_L9_N9_nmax2_W4_boundaryperiodic_nreal300.txt
30.0,5.0,9,9,2,periodic,0.6365079081295572,0.06716784208293647,93.54454620443711,59.54184342151497,0.19619619619619622,289,289,100,pbs_bose_midpoint_L9/data/U_30/W_5/L_9/N_9_nmax_2/boundary_periodic/energies_polfed_U30_L9_N9_nmax2_W5_boundaryperiodic_nreal300.txt
30.0,6.0,9,9,2,periodic,0.6078323128297229,0.078239059109556,80.30752642847372,48.813509526653284,0.21621621621621626,285,285,100,pbs_bose_midpoint_L9/data/U_30/W_6/L_9/N_9_nmax_2/boundary_periodic/energies_polfed_U30_L9_N9_nmax2_W6_boundaryperiodic_nreal300.txt
30.0,7.0,9,9,2,periodic,0.658898955079995,0.09367337023687244,67.07546970170131,44.19595689795085,0.18118118118118123,288,288,100,pbs_bose_midpoint_L9/data/U_30/W_7/L_9/N_9_nmax_2/boundary_periodic/energies_polfed_U30_L9_N9_nmax2_W7_boundaryperiodic_nreal300.txt
30.0,8.0,9,9,2,periodic,0.643885742724042,0.10368104857288274,60.60109724645399,39.020182510424924,0.19119119119119116,288,288,100,pbs_bose_midpoint_L9/data/U_30/W_8/L_9/N_9_nmax_2/boundary_periodic/energies_polfed_U30_L9_N9_nmax2_W8_boundaryperiodic_nreal300.txt
30.0,9.0,9,9,2,periodic,0.7142559285543126,0.10797204768929691,58.19270303421714,41.56448314079013,0.14614614614614613,280,280,100,pbs_bose_midpoint_L9/data/U_30/W_9/L_9/N_9_nmax_2/boundary_periodic/energies_polfed_U30_L9_N9_nmax2_W9_boundaryperiodic_nreal300.txt
30.0,10.0,9,9,2,periodic,0.7225349491787214,0.10508733718493975,59.790127673727376,43.200456860125875,0.14114114114114118,286,286,100,pbs_bose_midpoint_L9/data/U_30/W_10/L_9/N_9_nmax_2/boundary_periodic/energies_polfed_U30_L9_N9_nmax2_W10_boundaryperiodic_nreal300.txt
30.0,11.0,9,9,2,periodic,0.730909932860291,0.09627726718353904,65.26135910361455,47.70017560079425,0.13613613613613623,285,285,100,pbs_bose_midpoint_L9/data/U_30/W_11/L_9/N_9_nmax_2/boundary_periodic/energies_polfed_U30_L9_N9_nmax2_W11_boundaryperiodic_nreal300.txt
30.0,12.0,9,9,2,periodic,0.7225349491787214,0.08637926395406918,72.73950968742419,52.55683793528815,0.14114114114114118,283,283,100,pbs_bose_midpoint_L9/data/U_30/W_12/L_9/N_9_nmax_2/boundary_periodic/energies_polfed_U30_L9_N9_nmax2_W12_boundaryperiodic_nreal300.txt
30.0,13.0,9,9,2,periodic,0.7923168624866254,0.07566082532578422,83.0441021509497,65.79724246425928,0.10110110110110115,280,280,100,pbs_bose_midpoint_L9/data/U_30/W_13/L_9/N_9_nmax_2/boundary_periodic/energies_polfed_U30_L9_N9_nmax2_W13_boundaryperiodic_nreal300.txt
30.0,14.0,9,9,2,periodic,0.7566218500481054,0.06965752663573697,90.20109686116923,68.24812078346622,0.12112112112112118,290,290,100,pbs_bose_midpoint_L9/data/U_30/W_14/L_9/N_9_nmax_2/boundary_periodic/energies_polfed_U30_L9_N9_nmax2_W14_boundaryperiodic_nreal300.txt
30.0,15.0,9,9,2,periodic,0.730909932860291,0.062069915643454376,101.22754706598644,73.9882196296121,0.13613613613613618,280,280,100,pbs_bose_midpoint_L9/data/U_30/W_15/L_9/N_9_nmax_2/boundary_periodic/energies_polfed_U30_L9_N9_nmax2_W15_boundaryperiodic_nreal300.txt
40.0,0.5,9,9,2,periodic,0.3376980310825091,0.01493684790308582,420.6500158498324,142.05268212731465,0.47147147147147145,300,300,100,pbs_bose_midpoint_L9/data/U_40/W_0p5/L_9/N_9_nmax_2/boundary_periodic/energies_polfed_U40_L9_N9_nmax2_W0.5_boundaryperiodic_nreal300.txt
40.0,1.0,9,9,2,periodic,0.4771760948938746,0.018141479685675838,346.3435957840125,165.26688452771768,0.3213213213213213,300,300,100,pbs_bose_midpoint_L9/data/U_40/W_1/L_9/N_9_nmax_2/boundary_periodic/energies_polfed_U40_L9_N9_nmax2_W1_boundaryperiodic_nreal300.txt
40.0,2.0,9,9,2,periodic,0.5416686911033152,0.028020126903173733,224.23828874479202,121.46286035963874,0.26626626626626626,295,295,100,pbs_bose_midpoint_L9/data/U_40/W_2/L_9/N_9_nmax_2/boundary_periodic/energies_polfed_U40_L9_N9_nmax2_W2_boundaryperiodic_nreal300.txt
40.0,3.0,9,9,2,periodic,0.5607234882852032,0.03938791541273111,159.52063574171055,89.44696732656521,0.2512512512512512,269,269,100,pbs_bose_midpoint_L9/data/U_40/W_3/L_9/N_9_nmax_2/boundary_periodic/energies_polfed_U40_L9_N9_nmax2_W3_boundaryperiodic_nreal300.txt
40.0,4.0,9,9,2,periodic,0.5542985515684669,0.05341706864321608,117.62504882374418,65.19939419117159,0.2562562562562563,271,271,100,pbs_bose_midpoint_L9/data/U_40/W_4/L_9/N_9_nmax_2/boundary_periodic/energies_polfed_U40_L9_N9_nmax2_W4_boundaryperiodic_nreal300.txt
40.0,5.0,9,9,2,periodic,0.6008675891719687,0.06708376224850576,93.66179082061754,56.278334447913686,0.2212212212212212,265,265,100,pbs_bose_midpoint_L9/data/U_40/W_5/L_9/N_9_nmax_2/boundary_periodic/energies_polfed_U40_L9_N9_nmax2_W5_boundaryperiodic_nreal300.txt
40.0,6.0,9,9,2,periodic,0.6665363268124913,0.08000451075606943,78.53538816500945,52.3466891522986,0.1761761761761762,278,278,100,pbs_bose_midpoint_L9/data/U_40/W_6/L_9/N_9_nmax_2/boundary_periodic/energies_polfed_U40_L9_N9_nmax2_W6_boundaryperiodic_nreal300.txt
40.0,7.0,9,9,2,periodic,0.7225349491787214,0.09465650870421068,66.3787983857901,47.961001718221446,0.14114114114114118,281,281,100,pbs_bose_midpoint_L9/data/U_40/W_7/L_9/N_9_nmax_2/boundary_periodic/energies_polfed_U40_L9_N9_nmax2_W7_boundaryperiodic_nreal300.txt
40.0,8.0,9,9,2,periodic,0.7832382599179196,0.10782796855479145,58.27045980178013,45.63965353976335,0.10610610610610612,282,282,100,pbs_bose_midpoint_L9/data/U_40/W_8/L_9/N_9_nmax_2/boundary_periodic/energies_polfed_U40_L9_N9_nmax2_W8_boundaryperiodic_nreal300.txt
40.0,9.0,9,9,2,periodic,0.7225349491787214,0.11977259764747533,52.459288940804136,37.90366966879578,0.14114114114114118,288,288,100,pbs_bose_midpoint_L9/data/U_40/W_9/L_9/N_9_nmax_2/boundary_periodic/energies_polfed_U40_L9_N9_nmax2_W9_boundaryperiodic_nreal300.txt
40.0,10.0,9,9,2,periodic,0.7653919388230148,0.1331879927699322,47.175313453616695,36.107604628847135,0.11611611611611618,285,285,100,pbs_bose_midpoint_L9/data/U_40/W_10/L_9/N_9_nmax_2/boundary_periodic/energies_polfed_U40_L9_N9_nmax2_W10_boundaryperiodic_nreal300.txt
40.0,11.0,9,9,2,periodic,0.7225349491787214,0.141001296298319,44.561188245291994,32.19701588415549,0.14114114114114112,286,286,100,pbs_bose_midpoint_L9/data/U_40/W_11/L_9/N_9_nmax_2/boundary_periodic/energies_polfed_U40_L9_N9_nmax2_W11_boundaryperiodic_nreal300.txt
40.0,12.0,9,9,2,periodic,0.7142559285543126,0.14255656765500252,44.07503218220967,31.480853037365378,0.1461461461461462,282,282,100,pbs_bose_midpoint_L9/data/U_40/W_12/L_9/N_9_nmax_2/boundary_periodic/energies_polfed_U40_L9_N9_nmax2_W12_boundaryperiodic_nreal300.txt
40.0,13.0,9,9,2,periodic,0.7479522515621821,0.14078525669413786,44.62956885343529,33.38078651017636,0.12612612612612617,285,285,100,pbs_bose_midpoint_L9/data/U_40/W_13/L_9/N_9_nmax_2/boundary_periodic/energies_polfed_U40_L9_N9_nmax2_W13_boundaryperiodic_nreal300.txt
40.0,14.0,9,9,2,periodic,0.730909932860291,0.13651606757225332,46.02524390657612,33.64030793363407,0.13613613613613623,282,282,100,pbs_bose_midpoint_L9/data/U_40/W_14/L_9/N_9_nmax_2/boundary_periodic/energies_polfed_U40_L9_N9_nmax2_W14_boundaryperiodic_nreal300.txt
40.0,15.0,9,9,2,periodic,0.7832382599179196,0.12740841642360073,49.315308074229456,38.62563608337561,0.1061061061061062,278,278,100,pbs_bose_midpoint_L9/data/U_40/W_15/L_9/N_9_nmax_2/boundary_periodic/energies_polfed_U40_L9_N9_nmax2_W15_boundaryperiodic_nreal300.txt
