L,N,nmax,filling,U,W,r_mean,r_mean_stderr,r_mean_n,onsite_pair_density,onsite_pair_density_stderr,onsite_pair_density_n,onsite_pair_variance,onsite_pair_variance_stderr,onsite_pair_variance_n,charge_fluctuation,charge_fluctuation_stderr,charge_fluctuation_n,fock_entropy_normalized,fock_entropy_normalized_stderr,fock_entropy_normalized_n,ipr,ipr_stderr,ipr_n,pr,pr_stderr,pr_n,pr_normalized,pr_normalized_stderr,pr_normalized_n,entanglement_entropy,entanglement_entropy_stderr,entanglement_entropy_n,diag_std,diag_std_stderr,diag_std_n,disorder_diag_std,disorder_diag_std_stderr,disorder_diag_std_n,interaction_diag_std,interaction_diag_std_stderr,interaction_diag_std_n,connectivity_mean,connectivity_mean_stderr,connectivity_mean_n,Nres_mean_l1.0,Nres_mean_l1.0_stderr,Nres_mean_l1.0_n,Nres_mean_l2.0,Nres_mean_l2.0_stderr,Nres_mean_l2.0_n,fres_l1.0,fres_l1.0_stderr,fres_l1.0_n,fres_l2.0,fres_l2.0_stderr,fres_l2.0_n,Wstar,relative_offset,target_W,sampled_W_minus_Wstar
8,4,3,0.5,1.0,3.0,0.51300833842362,0.0025288399585349747,150,0.27845721994329997,0.0006763519617842259,150,3.1243792923868665,0.01763365750746863,150,0.4777215391677,0.002619467666882641,150,0.78781984851694,0.003442885176629061,150,0.022385073851403335,0.0007975979673834134,150,58.095868277582,1.2125993062673677,150,0.18042195117262538,0.0037658363548683745,150,nan,nan,0,4.112337133480601,0.04384536596745953,150,3.605231730321867,0.05031608986922787,150,1.9552074686399998,1.8190602813362498e-17,150,5.863354037270001,7.276241125344999e-17,150,1.8705590062114668,0.0364922901070464,150,3.4357349896482,0.0504054029222729,150,0.3190254237288253,0.006223791003430843,150,0.5859675141242667,0.008596684184838792,150,4.727593261925564,-2.0,2.7275932619255636,-1.7275932619255636
8,4,3,0.5,2.0,3.0,0.5117240349968066,0.0023878265186999415,150,0.2717516969217466,0.0004944047140548419,150,2.109744583288467,0.02007106801395736,150,0.4467845384635267,0.002092715923114746,150,0.7262642847465001,0.003377262887647384,150,0.038022250972662666,0.0010242414082819442,150,38.31308565392733,0.772851747952236,150,0.11898473805568732,0.002400160707926279,150,nan,nan,0,5.419249983478533,0.03602672860803913,150,3.7189613631276006,0.054319625300835804,150,3.9104149372799997,3.6381205626724996e-17,150,5.863354037270001,7.276241125344999e-17,150,1.3978467908903132,0.03359892797972017,150,2.578716356108,0.03436511864945333,150,0.2384039548022433,0.005730325640612126,150,0.43980225988702654,0.005861000108632023,150,5.2451584170397965,-2.0,3.2451584170397965,-2.2451584170397965
8,4,3,0.5,3.0,3.0,0.49173053690647994,0.002187426839668386,150,0.2594184631976534,0.000412948451939593,150,1.0822076831958334,0.01491579924857762,150,0.39500129594518,0.0020385898997142787,150,0.6523812505082733,0.003480233309743431,150,0.06408865404011733,0.0014728048051419662,150,24.571536205803998,0.5565282326253707,150,0.07630911865155866,0.0017283485485236115,150,nan,nan,0,6.867004702950867,0.028044888839623486,150,3.5167462782773327,0.05792345379501963,150,5.865622405920001,7.276241125344999e-17,150,5.863354037270001,7.276241125344999e-17,150,1.079834368529922,0.04041692482461246,150,2.0778053830231995,0.03684799147460159,150,0.18416666666666595,0.006893140780471233,150,0.3543714689266,0.006284456173102417,150,5.030725755320161,-2.0,3.0307257553201614,-2.0307257553201614
8,4,3,0.5,4.0,2.0,0.4931644717388,0.002197578204018821,150,0.25257088940343997,0.00010622830297506307,150,0.4196604936864266,0.003959235573054419,150,0.3915845058459267,0.001926657866807305,150,0.6545483845947467,0.0029266636260745224,150,0.06205270558322132,0.0011305473835002793,150,25.987824972991337,0.5195362480814362,150,0.080707530972042,0.0016134666089495243,150,nan,nan,0,8.193222838662068,0.010525706033916454,150,2.4061020007689335,0.035775352548615455,150,7.820829874559999,7.276241125344999e-17,150,5.863354037270001,7.276241125344999e-17,150,1.4395031055901935,0.040725646258089006,150,2.373416149068333,0.039052949128493275,150,0.24550847457629735,0.006945793482578419,150,0.4047881355932867,0.006660513569606644,150,3.8907709580805383,-2.0,1.8907709580805383,-1.8907709580805383
8,4,3,0.5,5.0,1.0,0.5183115953559533,0.0020990097958284363,150,0.25309613653779334,9.55855228494055e-06,150,0.21918923685155334,0.0001384390901858052,150,0.43795567134903346,0.0009669590823716366,150,0.7195472598856,0.0012552305611463548,150,0.039564530422250666,0.00033307205142480084,150,40.55605760842266,0.3389897437568519,150,0.125950489467162,0.0010527631793699594,150,nan,nan,0,9.849655476788866,0.002186986622971757,150,1.1812188517009934,0.018362778549588638,150,9.776037343199999,1.4552482250689998e-16,150,5.863354037270001,7.276241125344999e-17,150,2.40828157349932,0.03846534978666923,150,3.0807453416100006,3.6381205626724996e-17,150,0.41073446327686,0.006560298003887002,150,0.525423728814,0.0,150,3.0629369486646927,-2.0,1.0629369486646927,-2.0629369486646927
8,5,3,0.625,1.0,3.0,0.5241058682505868,0.0017520194982220242,150,0.44096552907762665,0.0006723253553289518,150,4.187229336925,0.01200869349419254,150,0.6296920006521266,0.0032128400083151648,150,0.8218947322116401,0.0033112039407275735,150,0.010012336601134002,0.0004980006440677878,150,136.62801567444734,3.0246883449900506,150,0.18767584570664733,0.004154791682677839,150,nan,nan,0,4.502057307696799,0.057928265782038565,150,3.9039422744202,0.06818390654200632,150,2.19887332757,0.0,150,6.76923076923,0.0,150,2.2252014652017533,0.04283907102343531,150,4.072509157509066,0.058460387677217895,150,0.32872294372291333,0.006328499128460705,150,0.6016206709956933,0.008636193634133739,150,5.431394929503288,-2.0,3.4313949295032877,-2.4313949295032877
8,5,3,0.625,2.0,4.0,0.4971050152505933,0.002617202220711708,150,0.43883425122243996,0.0007482546769309393,150,3.3080391096997332,0.019799878943818953,150,0.5550156508554733,0.00490679530299842,150,0.70734271315836,0.005099010434034749,150,0.03145289222854267,0.001329278234260027,150,59.37139089462401,1.8566296935592563,150,0.081554108371704,0.0025503155131281516,150,nan,nan,0,6.9387521958470675,0.06772441138946408,150,5.319251694110133,0.08955784738074968,150,4.39774665514,0.0,150,6.76923076923,0.0,150,1.3699084249084532,0.0295396805283523,150,2.6061355311354,0.030856811627647147,150,0.202372835497884,0.00436381644169557,150,0.3849972943723067,0.0045583926268100185,150,5.722616713450657,-2.0,3.722616713450657,-1.7226167134506571
8,5,3,0.625,3.0,3.0,0.49530598628536004,0.0014480074149099387,150,0.43577046704977335,0.0003031311261561818,150,1.7877091603083999,0.022099516808893015,150,0.52627538506682,0.002058627630846414,150,0.6638495538791734,0.002601095074088893,150,0.043307151831787995,0.0009239193928103806,150,43.253024479798675,0.8320244294595166,150,0.05941349516455266,0.0011428906998076091,150,nan,nan,0,7.707666041142065,0.03350842440701499,150,3.9251061235434674,0.06622930908216425,150,6.596619982710002,1.4552482250689998e-16,150,6.76923076923,0.0,150,1.1506776556780267,0.038186477028305923,150,2.2816300366306668,0.032964899594401735,150,0.169986471861472,0.005641184106448095,150,0.33705898268400664,0.004869814712813387,150,5.003395178912922,-2.0,3.003395178912922,-2.003395178912922
8,5,3,0.625,4.0,2.0,0.48271677450278655,0.0012420137831878942,150,0.4267951666754334,0.00019484550339921998,150,0.7699701648259598,0.007807471911466503,150,0.4761049010500934,0.0025765422567829246,150,0.61179955406966,0.0023488037517566235,150,0.057643369904026,0.0011427872727458976,150,35.32818948930866,0.6343986790511302,150,0.048527732814981996,0.0008714267569377165,150,nan,nan,0,9.217317563801467,0.012852963001514306,150,2.702876369117987,0.04614788266508661,150,8.79549331028,0.0,150,6.76923076923,0.0,150,1.5183882783889173,0.0432815249550327,150,2.4078021978026465,0.03946057348481052,150,0.224307359307362,0.006393861641075559,150,0.35569805194802,0.005829402901162818,150,3.7351533995808968,-2.0,1.7351533995808968,-1.7351533995808968
8,6,3,0.75,1.0,4.0,0.5077632722340399,0.002194880164261717,150,0.6104654230546334,0.0006525012367648975,150,5.1142241454335995,0.014058139718550815,150,0.7036944384011068,0.005166874789118932,150,0.7840208992466601,0.0047027103664728995,150,0.010564400823154801,0.0006062303757192342,150,173.35733829015535,6.294936341661402,150,0.1213986962816,0.004408218726650592,150,nan,nan,0,6.403367521711266,0.08047002504943955,150,5.911403190194533,0.08846305642132637,150,2.42017253837,0.0,150,7.529411764709997,2.1828723376035e-16,150,2.0505322128851535,0.0374927815170779,150,3.8896545284779993,0.05599569417159603,150,0.2723363095238333,0.004979510045230002,150,0.5165947420634466,0.007436928132168557,150,6.163415899745872,-2.0,4.163415899745872,-2.163415899745872
8,6,3,0.75,2.0,4.0,0.5088353960143334,0.002025507673355428,150,0.6214668106492134,0.0006017739745607528,150,4.0678233191986,0.024210194415989445,150,0.7008334550993599,0.004696571097361273,150,0.7458196578419867,0.0041314801761962085,150,0.0160967507857212,0.0007210270394651657,150,119.44958706247067,3.4793018012972743,150,0.08364817021180267,0.0024364858552504715,150,nan,nan,0,7.678407219458933,0.07318631499085136,150,5.9086378808408675,0.09745329728361657,150,4.84034507674,0.0,150,7.529411764709997,2.1828723376035e-16,150,1.58937441643316,0.029361432729668874,150,3.011008403361333,0.02925051872275737,150,0.21108878968255798,0.003899565284405742,150,0.3998995535713934,0.0038848345178687633,150,6.374195435811082,-2.0,4.374195435811082,-2.3741954358110817
8,6,3,0.75,3.0,4.0,0.4901164253167266,0.001765894706346516,150,0.62830975827126,0.0004038108059131792,150,2.717327289090867,0.027169479231449918,150,0.6251070517323398,0.004622283236594339,150,0.6477029723941934,0.0037245715159913285,150,0.037981261836826,0.0011753801184569027,150,55.14792455127667,1.3600162252664518,150,0.03861899478380867,0.0009523923146113105,150,nan,nan,0,9.291463124013733,0.0583273561807043,150,5.719556225762,0.0972700357099522,150,7.2605176151199995,7.276241125344999e-17,150,7.529411764709997,2.1828723376035e-16,150,1.1632399626514667,0.034700054551774086,150,2.2688702147524666,0.02695097102674535,150,0.15449280753967734,0.004608600995157897,150,0.30133432539682664,0.003579425839489069,150,5.939417806259772,-2.0,3.9394178062597716,-1.9394178062597716
8,6,3,0.75,4.0,2.0,0.4828431956616534,0.0010044986519341709,150,0.6289918011996533,0.00015725946028209443,150,1.0113374076184267,0.008680911477547034,150,0.6135763314478601,0.002665279305111528,150,0.6250409367510801,0.0019737177495579663,150,0.04646332162972666,0.0005991317536843724,150,52.04292400259467,0.9072167161959858,150,0.03644462465168,0.0006353058236666464,150,nan,nan,0,10.129261423248199,0.012576688573368177,150,2.9362312378118003,0.04398665462364319,150,9.68069015349,0.0,150,7.529411764709997,2.1828723376035e-16,150,1.6855275443517534,0.03720209331639133,150,2.5380952380954,0.03053650714013871,150,0.22385912698414864,0.004940903018579211,150,0.3370907738094468,0.004055629854536381,150,4.155390439915549,-2.0,2.155390439915549,-2.155390439915549
8,7,3,0.875,1.0,5.0,0.5000490477962334,0.0025199240759607913,150,0.7976889097391999,0.0005910011665780681,150,5.838996049272733,0.02338678996203694,150,0.76991785547704,0.007887156859501898,150,0.7585040988421266,0.0066222891606788565,150,0.011570486135019466,0.0009418872286130605,150,227.96136220048405,11.176480836617406,150,0.092217379530948,0.0045212301119007614,150,nan,nan,0,8.101399204571802,0.10683143973669608,150,7.667143019260332,0.11352455311201833,150,2.57445755747,0.0,150,8.161812297729998,1.4552482250689998e-16,150,2.025852211434473,0.04419313659050263,150,3.8744768069042674,0.06864314956215554,150,0.2482110758657553,0.005414623000181483,150,0.47470790378011335,0.008410282797263009,150,6.818391114905082,-2.0,4.818391114905082,-1.818391114905082
8,7,3,0.875,2.0,5.0,0.49776577283324663,0.002311581755408601,150,0.8091436092793933,0.0006133546383110826,150,4.888144187835667,0.021644334920513892,150,0.7615644254366732,0.007756040140839285,150,0.72042558741172,0.0059556278264139085,150,0.016665218204916735,0.0010454399164358957,150,151.64785085210667,6.289496060384839,150,0.061346217982263314,0.0025442945228113414,150,nan,nan,0,9.451395989190065,0.09867755786865356,150,7.883782068355799,0.11912407906999803,150,5.14891511494,0.0,150,8.161812297729998,1.4552482250689998e-16,150,1.6124217907225333,0.023808735576058036,150,3.0222114347356666,0.030682086973256167,150,0.19755683320113998,0.0029170893310864485,150,0.37028680941049336,0.003759224771901937,150,6.858475548233997,-2.0,4.858475548233997,-1.8584755482339972
8,7,3,0.875,3.0,5.0,0.4882379675882,0.0019411757863922769,150,0.81990092106342,0.0004657232155645783,150,3.4879387514169338,0.02959624142113971,150,0.7109901237349799,0.006490826685384474,150,0.6471727378059468,0.004572329175983547,150,0.03144630856949287,0.0011707714793218263,150,76.36536054897734,2.347649633482901,150,0.030892136144399802,0.0009496964536734484,150,nan,nan,0,10.880579477280532,0.08225872743922169,150,7.586340762380733,0.12129520258452314,150,7.723372672410002,1.4552482250689998e-16,150,8.161812297729998,1.4552482250689998e-16,150,1.1791370010789866,0.03443069920182462,150,2.3050053937435995,0.023800093179833223,150,0.14446999735661,0.004218511519967948,150,0.28241342849587336,0.002916030449073651,150,6.553456738483532,-2.0,4.553456738483532,-1.5534567384835318
8,7,3,0.875,4.0,3.0,0.48059666118821337,0.0009405878843274554,150,0.8296539289733267,0.00011240494137540599,150,1.6310021959224665,0.01647296837675571,150,0.6948177223979267,0.0037699308183856703,150,0.6052465447071133,0.002536157417090969,150,0.039283950126226666,0.000877783407932143,150,48.12849411776533,0.9706572540749383,150,0.019469455549254663,0.0003926607014866666,150,nan,nan,0,11.370137461178668,0.028578248114666905,150,4.756298271178068,0.07018842912348622,150,10.2978302299,0.0,150,8.161812297729998,1.4552482250689998e-16,150,1.1547303128371535,0.03660465202303895,150,2.1081337648328002,0.0329392670069958,150,0.14147964578379732,0.004484868150327148,150,0.2582923605603467,0.004035778550819969,150,4.977133819094176,-2.0,2.977133819094176,-1.9771338190941758
8,8,3,1.0,1.0,5.0,0.5061655047781799,0.00227154918062337,150,1.0017429033622267,0.0005801057767929904,150,6.496698332651,0.021270400859148636,150,0.8621618713436332,0.00833405026755092,150,0.77114329821376,0.006412477736795161,150,0.008049925016538614,0.0006797668514748143,150,348.2115793500067,18.430437673127607,150,0.09108333229139293,0.004820935828703028,150,nan,nan,0,8.858344499080133,0.11674224417126032,150,8.425553341234465,0.12372368673424464,150,2.6888988628599995,3.6381205626724996e-17,150,8.671723777139999,1.4552482250689998e-16,150,2.16991193652442,0.04632136842207171,150,4.060950388002667,0.07232819708868807,150,0.25022844272843203,0.00534165635489557,150,0.4682979407979866,0.008340694301098924,150,7.143291341532231,-2.0,5.143291341532231,-2.1432913415322314
8,8,3,1.0,2.0,6.0,0.49183820047217996,0.002746302588722433,150,1.0089573427977332,0.000676447239429001,150,5.51692515062,0.02473850359895535,150,0.8059924079247,0.010358822494953525,150,0.6998930494007133,0.0073485551984027505,150,0.017929153244055862,0.0013790620791126393,150,185.12060094840868,10.125995951901155,150,0.0484228618750688,0.0026487041464565457,150,nan,nan,0,11.126280589166866,0.13664477739638975,150,9.690218648170132,0.1587529295621564,150,5.377797725719999,7.276241125344999e-17,150,8.671723777139999,1.4552482250689998e-16,150,1.5635051007060132,0.024537165989301366,150,3.033987270032533,0.03446152153752916,150,0.18029922779925334,0.002829560375755573,150,0.3498712998713666,0.003974010522383919,150,7.72261406009018,-2.0,5.72261406009018,-1.72261406009018
8,8,3,1.0,3.0,5.0,0.49925251609834675,0.0019206729513437132,150,1.0240172825797333,0.00036596440578206743,150,4.016916919991466,0.028363287110673697,150,0.8296511845274867,0.006696045227125755,150,0.6825058188190932,0.004367521210298413,150,0.019407007551624264,0.0008044302501855208,150,126.75364446387401,3.8463375815341996,150,0.03315554393510466,0.0010061045204122602,150,nan,nan,0,11.524719830084,0.07696182477632255,150,8.175237027457136,0.1097776307335817,150,8.066696588580001,1.4552482250689998e-16,150,8.671723777139999,1.4552482250689998e-16,150,1.2877565611647666,0.03092630263286338,150,2.5259046124335334,0.021891899071115658,150,0.14850064350067865,0.0035663385305706873,150,0.29128056628060667,0.0025245152675282606,150,7.369953412685345,-2.0,5.369953412685345,-2.369953412685345
8,8,3,1.0,4.0,4.0,0.4868659267592,0.0013640621385612873,150,1.0279107721320668,0.00017238067781938135,150,2.269385839417,0.026661025817770658,150,0.7677809751473734,0.0052148537348496015,150,0.61178190932356,0.0034880221429433693,150,0.035079041729351994,0.0009204595404620963,150,65.361931588518,1.8614103247803904,150,0.01709702631140847,0.00048689780925471356,150,nan,nan,0,12.626485936727999,0.05181255298099171,150,6.5241647200637995,0.10299491279767704,150,10.755595451400001,1.4552482250689998e-16,150,8.671723777139999,1.4552482250689998e-16,150,1.0593286249890792,0.030668588915767923,150,2.0967268288431335,0.024997715646549627,150,0.12215894465892535,0.003536619673773408,150,0.24178893178892003,0.00288266973083892,150,6.177647310326783,-2.0,4.177647310326783,-2.1776473103267833
8,8,3,1.0,5.0,2.0,0.4814471606535667,0.0009277990902869754,150,1.025060951781133,2.8391033042657626e-05,150,0.8976166561051468,0.007871622991915458,150,0.7786874485015133,0.004079245741611487,150,0.6091867403745134,0.0026868227562579076,150,0.037107112040222,0.000695284164809874,150,75.259224120784,2.2064538569696253,150,0.019685907434158465,0.0005771524606252709,150,nan,nan,0,13.867256915706669,0.01198563071962327,150,3.3414309526180666,0.051982885298830384,150,13.4444943143,0.0,150,8.671723777139999,1.4552482250689998e-16,150,1.7306338826396532,0.03950641968916106,150,2.5410829191738666,0.027814691681818732,150,0.19957207207210334,0.004555774688458204,150,0.29303088803079336,0.0032075158753742494,150,3.611979087973677,-2.0,1.611979087973677,-1.611979087973677
8,4,3,0.5,1.0,5.0,0.44968347236368006,0.00285697260363832,150,0.26603021450868664,0.0008843143371649176,150,2.7620760424175335,0.027194889478772157,150,0.35030494417156,0.004989025221911345,150,0.60487229510778,0.006832157220885833,150,0.08238890577458867,0.003185722536414737,150,21.137358532255796,0.9823975163704539,150,0.06564397059705533,0.003050923963881837,150,nan,nan,0,6.427602237772732,0.08010970519159867,150,6.113809890648267,0.08469368682541127,150,1.9552074686399998,1.8190602813362498e-17,150,5.863354037270001,7.276241125344999e-17,150,1.23204968944102,0.034494242035041096,150,2.3095652173912202,0.05095045181256542,150,0.21012711864405864,0.005883022211485399,150,0.39389830508476,0.008689642734984142,150,4.727593261925564,0.0,4.727593261925564,0.2724067380744364
8,4,3,0.5,2.0,5.0,0.4628365770665933,0.0030966256674671996,150,0.2734325272128,0.0008591496724133572,150,2.416160080754667,0.022030593751483616,150,0.3590707898129267,0.0047375966475122705,150,0.5957041255883534,0.006708164730829992,150,0.091195423691532,0.003420535854187694,150,19.590683498968733,0.7292390778387837,150,0.060840631984363326,0.002264717633037857,150,nan,nan,0,7.131639376941466,0.08530711027348349,150,5.9209398420107995,0.10348701454502304,150,3.9104149372799997,3.6381205626724996e-17,150,5.863354037270001,7.276241125344999e-17,150,1.0755693581780001,0.03090001683131111,150,2.058550724637433,0.036838277025164394,150,0.183439265536714,0.005270024057041238,150,0.3510875706215067,0.0062827993655221615,150,5.2451584170397965,0.0,5.2451584170397965,-0.24515841703979646
8,4,3,0.5,3.0,5.0,0.45916843696450665,0.002951681154574379,150,0.27033277836664665,0.0007033739998161867,150,1.53277938507472,0.019844608286783905,150,0.3213331771813933,0.004156633590120953,150,0.5339311902309799,0.0059572028953035466,150,0.1273988457170427,0.0037707254215988066,150,13.574546820169932,0.4522044369704858,150,0.042156977702382005,0.00140436160549783,150,nan,nan,0,8.330712461598601,0.07061422724598342,150,5.844485924233068,0.10298228116184927,150,5.865622405920001,7.276241125344999e-17,150,5.863354037270001,7.276241125344999e-17,150,0.8781780538299161,0.033228844835020796,150,1.69871635610728,0.030435236138954647,150,0.14977401129944734,0.005667207646651135,150,0.2897175141242733,0.00519075531607505,150,5.030725755320161,0.0,5.030725755320161,-0.03072575532016142
8,4,3,0.5,4.0,4.0,0.45698543883476,0.002526626129010806,150,0.25906692737209996,0.0004120520704566971,150,0.7360991947712333,0.012347485210681661,150,0.31103045426956666,0.0030190523000324897,150,0.5198152071096668,0.004558920270021209,150,0.13519018691975734,0.003237350444695714,150,11.966343436835002,0.32761154914779,150,0.03716255725725,0.0010174271712664724,150,nan,nan,0,9.174705260982334,0.037866918608229695,150,4.731751330573,0.0748160011363791,150,7.820829874559999,7.276241125344999e-17,150,5.863354037270001,7.276241125344999e-17,150,0.779627329192672,0.03549064673834631,150,1.5687784679089531,0.03499181513286801,150,0.13296610169491196,0.006052959878041464,150,0.2675564971751733,0.005967883724991865,150,3.8907709580805383,0.0,3.8907709580805383,0.1092290419194617
8,4,3,0.5,5.0,3.0,0.45977301295103984,0.0023410686416172823,150,0.25310722492351334,0.0001676334155817171,150,0.30889078950046,0.004871934907597536,150,0.31399013429202,0.0033361219676689346,150,0.5329459106748468,0.004853120793132751,150,0.12305239011622467,0.0031231088258095573,150,13.574917575164466,0.4315402723736281,150,0.04215812911541133,0.0013401871812844374,150,nan,nan,0,10.440685778964799,0.019962875715557486,150,3.605454679454801,0.057759562877097076,150,9.776037343199999,1.4552482250689998e-16,150,5.863354037270001,7.276241125344999e-17,150,0.9845134575570118,0.04084994144427954,150,1.8148240165635532,0.04180525697434884,150,0.1679096045197986,0.006966992131915565,150,0.30951977401133995,0.007129922005157051,150,3.0629369486646927,0.0,3.0629369486646927,-0.06293694866469268
8,4,3,0.5,6.0,3.0,0.45441363188378003,0.002725215473252919,150,0.25452610544765336,0.00013157815139120188,150,0.18695040007185332,0.0024223247963063507,150,0.3012094347435333,0.004346268770526444,150,0.51383134947426,0.006124474906747582,150,0.13347166868514335,0.004087605821557868,150,13.149155779769135,0.5294658240704347,150,0.040835887514822,0.0016443038014617546,150,nan,nan,0,12.294705408786667,0.01784382740906021,150,3.608209233652933,0.06163021920402911,150,11.731244811799998,1.4552482250689998e-16,150,5.863354037270001,7.276241125344999e-17,150,1.0672463768117628,0.046192920937491694,150,1.8718012422364132,0.04760989810246118,150,0.18201977401129996,0.00787824181243238,150,0.3192372881355934,0.008119908468752577,150,2.8633556676608105,0.0,2.8633556676608105,0.1366443323391895
8,4,3,0.5,7.0,3.0,0.4511248142758667,0.002310819647929733,150,0.2544243383568134,0.0001232901272494428,150,0.12453023628316001,0.0007352842448641288,150,0.2980194524348733,0.003922276930477666,150,0.5106829456444666,0.005453990687610503,150,0.12917561136421668,0.0036747736742707635,150,12.7076454577826,0.42136454733624346,150,0.03946473744652867,0.0013085855507333534,150,nan,nan,0,14.128720821467335,0.014421373983300066,150,3.4375446312097333,0.05885092994755631,150,13.686452280499992,5.820992900275999e-16,150,5.863354037270001,7.276241125344999e-17,150,1.1108902691512865,0.0394613587234623,150,1.919420289855487,0.04044798539469385,150,0.18946327683616135,0.006730168172120818,150,0.3273587570621487,0.006898438187012223,150,2.710094529782401,0.0,2.710094529782401,0.28990547021759916
8,4,3,0.5,8.0,3.0,0.4436954521798399,0.0022577806159429377,150,0.25442959054574005,9.480763091184695e-05,150,0.09400543462870933,0.0003432562525242962,150,0.2722698543735667,0.0039057545891747853,150,0.47486749014318663,0.005237412303286714,150,0.15157888924759735,0.004002106020407125,150,10.472204625959266,0.3656218877957732,150,0.032522374614783335,0.0011354717012298338,150,nan,nan,0,16.07806322143667,0.011860501101707053,150,3.6665952227728,0.053069333462972025,150,15.641659749099999,1.4552482250689998e-16,150,5.863354037270001,7.276241125344999e-17,150,0.9786335403728651,0.03865697246618535,150,1.7345755693586,0.04371623748122634,150,0.16690677966101722,0.0065929794142550666,150,0.29583333333338,0.007455841350084554,150,2.5333138228511656,0.0,2.5333138228511656,0.4666861771488344
8,4,3,0.5,9.0,3.0,0.4443371708632866,0.0026243410162982033,150,0.25410702931813334,4.222271212501686e-05,150,0.07285634317730867,0.00019327436262759335,150,0.28019930622875333,0.00423577623209961,150,0.48366875266819326,0.0057858723089024774,150,0.14402688044878,0.004124372730728526,150,11.303127411545267,0.42604184823043284,150,0.03510288016008333,0.0013231113299082679,150,nan,nan,0,17.95826398507267,0.01132216704461523,150,3.5142542247021993,0.058997625397696346,150,17.596867217800003,2.9104964501379997e-16,150,5.863354037270001,7.276241125344999e-17,150,1.0173913043478708,0.04381914489057992,150,1.841076604555053,0.04424308538080462,150,0.17351694915253515,0.007473392295958167,150,0.31399717514130604,0.007545695705840162,150,2.52174903512885,0.0,2.52174903512885,0.47825096487115015
8,4,3,0.5,10.0,2.0,0.4717608608212066,0.002291147753102065,150,0.2541441814057067,3.129117733317374e-06,150,0.05737282876011266,3.891335669681264e-05,150,0.35321594507806,0.003224338768045886,150,0.5859575480519467,0.0042442747463745075,150,0.08327648402578733,0.0018765849364297716,150,20.019541534869997,0.5450886592692976,150,0.06217248923872399,0.0016928219231951657,150,nan,nan,0,19.69496449015133,0.004459180204749223,150,2.3194261640669667,0.03939362141561578,150,19.552074686399997,2.9104964501379997e-16,150,5.863354037270001,7.276241125344999e-17,150,1.4856314699791249,0.04583446922122642,150,2.433788819875387,0.039761194934270265,150,0.2533757062147274,0.007817107568456579,150,0.41508474576276,0.006781305491988395,150,2.43972280994148,0.0,2.43972280994148,-0.43972280994147983
8,5,3,0.625,1.0,5.0,0.47000246032719334,0.002839527118894687,150,0.4250898641765867,0.0007710429420248778,150,3.900936665914867,0.026314482357763628,150,0.49074065641692,0.006875169392703734,150,0.66589678956864,0.007413637285817918,150,0.04273702477374207,0.002362827780413166,150,51.30883781725319,2.6246441080945915,150,0.070479172825928,0.0036052803682675412,150,nan,nan,0,7.041462121606933,0.09337368193768118,150,6.676866131145999,0.0991805889142463,150,2.19887332757,0.0,150,6.76923076923,0.0,150,1.5289926739931066,0.039545409245178006,150,2.8916483516488,0.061597629191510045,150,0.22587391774896134,0.005841935456677409,150,0.4271753246753134,0.009099649766926404,150,5.431394929503288,0.0,5.431394929503288,-0.4313949295032877
8,5,3,0.625,2.0,6.0,0.4521550563119399,0.002743074881119041,150,0.43047197992498665,0.0010448852575014379,150,3.2731526208063335,0.02410283585863467,150,0.42593313667731325,0.007140644832814596,150,0.5654164016188866,0.007405538612884083,150,0.08309509755817066,0.0036601213753652416,150,26.276416737097534,1.3184690680450848,150,0.0360939790344712,0.001811083884676688,150,nan,nan,0,9.420175183865267,0.10788960389525483,150,8.297508280765467,0.12384407847504415,150,4.39774665514,0.0,150,6.76923076923,0.0,150,1.1355677655676069,0.029479944514715754,150,2.1513003663002666,0.03722255460296882,150,0.167754329004356,0.004354991803314776,150,0.31780573593072664,0.005498786475434989,150,5.722616713450657,0.0,5.722616713450657,0.27738328654934286
8,5,3,0.625,3.0,5.0,0.45854912421971333,0.0022846753856889017,150,0.43788275725062004,0.0006246579251464628,150,2.3818724155582003,0.021406252226411196,150,0.4404881653695467,0.004679430221127023,150,0.5626163714973333,0.004713710177347303,150,0.08306353908804401,0.00222273647010444,150,22.86006989505553,0.7197665147489567,150,0.03140119491079027,0.0009886902675120181,150,nan,nan,0,9.424427701805735,0.07256078363911084,150,6.6687060341249325,0.10418418034671331,150,6.596619982710002,1.4552482250689998e-16,150,6.76923076923,0.0,150,1.0379120879124533,0.03496972562899409,150,1.9204761904762002,0.029634351449793088,150,0.15332792207793333,0.00516598219518872,150,0.2837067099567267,0.004377801918718675,150,5.003395178912922,0.0,5.003395178912922,-0.00339517891292207
8,5,3,0.625,4.0,4.0,0.4555863407670667,0.001495695059865768,150,0.43594344689156,0.00032237203957758933,150,1.2379410443477468,0.01885781126132386,150,0.3984402542877133,0.0029323344512181366,150,0.5168221328711265,0.003393235861594143,150,0.10924865871687733,0.002147047809670447,150,17.639815211022135,0.4513714351937356,150,0.024230515399756,0.0006200157076833257,150,nan,nan,0,10.348121818774734,0.04331790775071241,150,5.3826147846228,0.08314176516195726,150,8.79549331028,0.0,150,6.76923076923,0.0,150,0.8871062271063673,0.03661859115138945,150,1.7848534798535198,0.034655311787054534,150,0.13104978354978708,0.005409564601905961,150,0.26367153679655997,0.005119534695816073,150,3.7351533995808968,0.0,3.7351533995808968,0.26484660041910324
8,5,3,0.625,5.0,2.0,0.46975139173867336,0.001462413124800448,150,0.42423523289691994,0.00012285199826978185,150,0.42850920976361334,0.003766678444594096,150,0.42284582841394,0.0029653496148416363,150,0.5549501279301133,0.002712606232527315,150,0.08032715379824867,0.001488670612635337,150,27.868121990916006,0.5702747044018165,150,0.03828038735015933,0.0007833443741784264,150,nan,nan,0,11.334608373512665,0.01018024458260845,150,2.7056896134663333,0.04426392008865307,150,10.9943666378,0.0,150,6.76923076923,0.0,150,1.4913736263744397,0.03999243120275212,150,2.4461538461553998,0.036145428731636425,150,0.2203165584414947,0.0059079727913017716,150,0.3613636363636133,0.0053396656080920875,150,2.4926873793521325,0.0,2.4926873793521325,-0.49268737935213247
8,5,3,0.625,6.0,2.0,0.4684645818725867,0.0015774979439626628,150,0.4231825929388666,4.0569792373015445e-05,150,0.2671331283724667,0.001294633128478843,150,0.40106441127512,0.003676502212056562,150,0.5294550767512133,0.003187033738590372,150,0.091894676970098,0.001946667713059239,150,25.934484060538665,0.5739594451022714,150,0.035624291291955996,0.0007884058311843806,150,nan,nan,0,13.46975401244267,0.008094442969725675,150,2.6686995177277333,0.04181276062101652,150,13.1932399654,0.0,150,6.76923076923,0.0,150,1.54106227106296,0.04208448164658256,150,2.4637362637378004,0.034935920594033706,150,0.22765692640688268,0.006217025697781446,150,0.36396103896101334,0.005160988269582836,150,2.3825662383002766,0.0,2.3825662383002766,-0.3825662383002766
8,5,3,0.625,7.0,2.0,0.4653149556890933,0.0016987136326151004,150,0.42302027535479997,9.243856645507737e-06,150,0.19223091722415334,0.0004161551009874082,150,0.37839912750388,0.0036575456739468145,150,0.50754530921426,0.0031038083779983726,150,0.104168963253764,0.002042789467310077,150,23.859571017976002,0.5146578217144365,150,0.03277413601370133,0.0007069475573000453,150,nan,nan,0,15.628834506863335,0.006750195236913286,150,2.6664414146820667,0.040150372232075314,150,15.392113292999996,2.9104964501379997e-16,150,6.76923076923,0.0,150,1.50368131868186,0.03789590744015245,150,2.439560439562,0.03220849694270676,150,0.2221347402597226,0.0055982590536524,150,0.3603896103895467,0.0047580734120024355,150,2.259290090075603,0.0,2.259290090075603,-0.259290090075603
8,5,3,0.625,8.0,2.0,0.46476343051579344,0.0018008997754822662,150,0.4230254388059867,3.6721912956877192e-06,150,0.14667481742628,0.00018564926905209129,150,0.37507689752733336,0.00414306800061899,150,0.4992862426539466,0.0035958440783785484,150,0.10842947387409135,0.0025459681744123747,150,23.668135089091532,0.5628992855631264,150,0.03251117457292667,0.0007732133043446015,150,nan,nan,0,17.801346213261997,0.006722365365378901,150,2.6773669317991335,0.04362410911202549,150,17.590986620600003,2.9104964501379997e-16,150,6.76923076923,0.0,150,1.5513919413928,0.04242471550593419,150,2.4879120879136,0.0369679328852634,150,0.2291829004328867,0.006267287517913493,150,0.36753246753245333,0.005461171903518092,150,2.2362637653182973,0.0,2.2362637653182973,-0.2362637653182973
8,5,3,0.625,9.0,2.0,0.4647255921318134,0.0019256340699724042,150,0.4230339283507133,2.945573627878756e-06,150,0.11590373462361332,7.979227532252083e-05,150,0.37016115990557996,0.004092087664387735,150,0.49246195001048665,0.003421746821303775,150,0.11134191350849666,0.002272397060734006,150,23.271928717604,0.5604140708149636,150,0.031966935051660005,0.0007697995478229178,150,nan,nan,0,19.972303473747335,0.005471157924177284,150,2.6430645209711594,0.04280589251824313,150,19.7898599481,0.0,150,6.76923076923,0.0,150,1.5606776556785402,0.04588788035748426,150,2.5010989011004003,0.03415088057818442,150,0.23055465367962868,0.006778891416437334,150,0.3694805194805133,0.005045016449062479,150,2.2398593931183544,0.0,2.2398593931183544,-0.23985939311835436
8,5,3,0.625,10.0,2.0,0.46133032801477325,0.001806043661418635,150,0.42304192390432,2.3701226356209336e-06,150,0.09415140988054332,5.945460335883591e-05,150,0.3609801993709333,0.004248313394085521,150,0.48207899663641995,0.003641981479090376,150,0.11746339635792064,0.002563977281212524,150,22.3750937645172,0.5705083914758347,150,0.030735018907302666,0.000783665372906654,150,nan,nan,0,22.157857949578,0.0053959841585772385,150,2.6763418272946664,0.04545154859907883,150,21.9887332757,0.0,150,6.76923076923,0.0,150,1.56386446886572,0.04327412775807317,150,2.4967032967048,0.036786841406129776,150,0.23102543290035868,0.006392768873340589,150,0.36883116883118,0.005434419753190659,150,2.1148793103625314,0.0,2.1148793103625314,-0.1148793103625314
8,6,3,0.75,1.0,6.0,0.46181482661044,0.003078497678281614,150,0.6000602384585467,0.0007429836990385108,150,4.6989679252907335,0.03774279692216938,150,0.55832087207126,0.009718965903417162,150,0.64280748187318,0.009053319410745699,150,0.0408025791131384,0.0027266240056686795,150,74.65415365744326,5.508779102458075,150,0.05227881908784593,0.003857688447100548,150,nan,nan,0,8.8419183647586,0.14030754020102695,150,8.485970576919598,0.14754895197137352,150,2.42017253837,0.0,150,7.529411764709997,2.1828723376035e-16,150,1.5515592903828535,0.04266848184839059,150,3.038832866480087,0.0689718230289079,150,0.206066468253932,0.005666907745488846,150,0.40359499007932664,0.009160320246031351,150,6.163415899745872,0.0,6.163415899745872,-0.16341589974587212
8,6,3,0.75,2.0,6.0,0.4684949907832999,0.002978589807697841,150,0.6100613497890399,0.0007961514400429414,150,4.137085508830666,0.022141445723100266,150,0.5652918110379667,0.008797389723835565,150,0.62370287124966,0.00760989220976977,150,0.046546294454717675,0.0024295332611664142,150,56.4492755249,2.8465351728640265,150,0.03953030498942887,0.001993371969792729,150,nan,nan,0,9.794237619807667,0.11824761825613987,150,8.470238807616933,0.13797667873941866,150,4.84034507674,0.0,150,7.529411764709997,2.1828723376035e-16,150,1.2895144724553866,0.028260619941004924,150,2.5250233426706004,0.03328386948422701,150,0.1712636408730007,0.003753363585916307,150,0.33535466269837333,0.004420513915872683,150,6.374195435811082,0.0,6.374195435811082,-0.3741954358110817
8,6,3,0.75,3.0,6.0,0.4577711995993601,0.002096792127482467,150,0.6207830248119067,0.0007437743655647822,150,3.1382183031746007,0.021932266768892223,150,0.5150675792799734,0.0067921590541949635,150,0.5537895750495266,0.005481906486400127,150,0.07188050578383133,0.002366289453901723,150,31.194310647509003,1.159109449717563,150,0.02184475535540153,0.0008117012953203271,150,nan,nan,0,11.322044333010734,0.1046954549248048,150,8.612633390858067,0.1402138232415824,150,7.2605176151199995,7.276241125344999e-17,150,7.529411764709997,2.1828723376035e-16,150,1.02360410830998,0.028268097372027515,150,2.021643323996533,0.024021148469960587,150,0.1359474206348653,0.0037543566822149767,150,0.26849950396822,0.0031903087811686434,150,5.939417806259772,0.0,5.939417806259772,0.06058219374022844
8,6,3,0.75,4.0,4.0,0.46041337945198657,0.0012851133135644626,150,0.6314585797372,0.00023162614583400413,150,1.6436323224204465,0.02365692683629546,150,0.5083941585774867,0.0038174749653338835,150,0.5333172099029533,0.003216423653268991,150,0.081403651850254,0.0016444400710030683,150,25.456340222648002,0.6676087891939914,150,0.01782656878336807,0.0004675131576990183,150,nan,nan,0,11.333622394332734,0.048639865929781534,150,5.800031993566466,0.09855919252310943,150,9.68069015349,0.0,150,7.529411764709997,2.1828723376035e-16,150,0.9133986928103667,0.03310031231348599,150,1.8425023342671663,0.03301597998551931,150,0.12131076388886801,0.0043961352291306864,150,0.24470734126986665,0.0043849348418248555,150,4.155390439915549,0.0,4.155390439915549,-0.15539043991554902
8,6,3,0.75,5.0,2.0,0.46507605780667327,0.0013151251969060844,150,0.6281771443047001,0.0001855584146128258,150,0.5637012040673467,0.0052308713706829425,150,0.5317191997633999,0.003992164808434326,150,0.5565676730244,0.0029400119638472526,150,0.07608436649836733,0.0012723563459741598,150,36.358957648404,0.8977129732478105,150,0.025461454935858,0.0006286505414901499,150,nan,nan,0,12.460885011314,0.010861255943076112,150,2.921269552239733,0.04681382850636375,150,12.100862691900003,2.9104964501379997e-16,150,7.529411764709997,2.1828723376035e-16,150,1.599327731092353,0.03856630147381411,150,2.4916526610658,0.03315557534419101,150,0.21241071428577002,0.0051220869144947955,150,0.33092261904753334,0.004403474850391959,150,2.3064975633393607,0.0,2.3064975633393607,-0.30649756333936073
8,6,3,0.75,6.0,2.0,0.46090170235599337,0.0013963542551172269,150,0.62627178471276,0.0001778989835174537,150,0.34920019685902,0.0016448360491756117,150,0.49360460932638006,0.005147696616800865,150,0.5268662581130932,0.0034450350419973183,150,0.09226668661146799,0.0016745660368798435,150,31.936087413738665,0.8888540408826293,150,0.022364206872368,0.0006224468073407852,150,nan,nan,0,14.809054174037332,0.008168822117508042,150,2.858889641109467,0.04368235791045059,150,14.521035230199999,1.4552482250689998e-16,150,7.529411764709997,2.1828723376035e-16,150,1.6045564892624664,0.04135959898613924,150,2.560224089637467,0.030744401080853242,150,0.213105158730104,0.00549307174034037,150,0.34002976190461337,0.004083240768539913,150,2.100818089536613,0.0,2.100818089536613,-0.10081808953661309
8,6,3,0.75,7.0,2.0,0.4585015563708532,0.0015588739554762811,150,0.6245736561990933,0.00015750413581599567,150,0.2519690925321067,0.0006204406601001574,150,0.4624163300752599,0.005647073689488288,150,0.5011236158954601,0.0038526058940255977,150,0.10747730623969533,0.001982970491430746,150,27.840042772346,0.8611877094735007,150,0.0194958282719504,0.0006030726256817196,150,nan,nan,0,17.19436014756733,0.007829175420222477,150,2.8816144808555335,0.04825347720516842,150,16.941207768600005,2.9104964501379997e-16,150,7.529411764709997,2.1828723376035e-16,150,1.5348459383754731,0.04227617600270166,150,2.479551820729734,0.03478528118061817,150,0.2038467261904847,0.005614804625358578,150,0.32931547619038004,0.004619920156785881,150,2.0001596057068673,0.0,2.0001596057068673,-0.00015960570686734954
8,6,3,0.75,8.0,2.0,0.45406000316583334,0.0014686434362080087,150,0.6232966052359533,0.0001051816018257826,150,0.19312631152926665,0.0002626242793435476,150,0.4457590827132133,0.005786977334374842,150,0.4851014360361733,0.003924293435742775,150,0.11553715900557733,0.0021915047233487116,150,25.294610370142667,0.7916539499495049,150,0.017713312584131398,0.0005543795167713003,150,nan,nan,0,19.592091373982,0.0071759711356153555,150,2.9380690358692663,0.04931885335710204,150,19.361380307,0.0,150,7.529411764709997,2.1828723376035e-16,150,1.55124183006546,0.04404353966185652,150,2.483585434174867,0.03373185393320181,150,0.20602430555552667,0.005849532611336174,150,0.32985119047610006,0.004480011850499111,150,1.8547317255346183,0.0,1.8547317255346183,0.1452682744653817
8,6,3,0.75,9.0,2.0,0.45097084181380676,0.0013794203651378274,150,0.6225809984594668,5.416739063523802e-05,150,0.15319029069821335,0.00014389340738910067,150,0.4329850730729601,0.00505445276572842,150,0.47388291912212005,0.0035068957125610656,150,0.12087546607581333,0.00199442717510672,150,23.517644197762735,0.6345860895394243,150,0.016468938513839,0.00044438801788484724,150,nan,nan,0,21.988956591084,0.006252548070008637,150,2.9606335820809333,0.04624427856789043,150,21.781552845299995,2.9104964501379997e-16,150,7.529411764709997,2.1828723376035e-16,150,1.6162464985994598,0.03838890760343105,150,2.5098039215696666,0.033739541275194046,150,0.21465773809527935,0.005098526791081915,150,0.33333333333322007,0.004481032825607052,150,1.7245969911511758,0.0,1.7245969911511758,0.2754030088488242
8,6,3,0.75,10.0,2.0,0.4471759597650267,0.0014600470846305054,150,0.6223425728600133,1.2792689648816265e-05,150,0.12465477007239334,9.166123851398152e-05,150,0.41935872226585996,0.005396982789116302,150,0.46241316584427333,0.0036895410027798655,150,0.12728087372723265,0.002252671166253755,150,22.087426431731462,0.640400744514294,150,0.0154673854563952,0.00044845990512197727,150,nan,nan,0,24.388993055878668,0.005262556666206987,150,2.9689857831655333,0.044019567881561826,150,24.201725383699998,2.9104964501379997e-16,150,7.529411764709997,2.1828723376035e-16,150,1.5927170868350133,0.04410233079277935,150,2.479551820729667,0.032345377779894845,150,0.21153273809520867,0.00585734080840803,150,0.3293154761904067,0.00429587048638375,150,1.603860149392092,0.0,1.603860149392092,0.3961398506079079
8,7,3,0.875,1.0,7.0,0.45431822523884,0.0034425054015407553,150,0.7881929318049333,0.0006866106683974856,150,5.231980591558999,0.057396803141039995,150,0.59575342297298,0.013216481566234067,150,0.6124387641539666,0.010723741086176727,150,0.044980327204299675,0.0033248285236787654,150,96.67965373205332,8.75978369985952,150,0.03910989228642493,0.003543601820330043,150,nan,nan,0,11.090429627381466,0.1863707775592968,150,10.770530055110534,0.19283918743046055,150,2.57445755747,0.0,150,8.161812297729998,1.4552482250689998e-16,150,1.6088565264293002,0.0477297735145427,150,3.0347950377567265,0.07683157760481708,150,0.19712001057367334,0.00584793815067391,150,0.3718285752048727,0.00941354380645831,150,6.818391114905082,0.0,6.818391114905082,0.18160888509491802
8,7,3,0.875,2.0,7.0,0.45492687915311997,0.002993394373497579,150,0.79827440974284,0.0007123669653580492,150,4.7130015913688,0.039275028366757773,150,0.58649337574498,0.01180551090193408,150,0.5806590101492666,0.008928702672809272,150,0.054271972726742536,0.0032707226849778143,150,62.39297927701533,4.249316269854603,150,0.0252398783483008,0.0017189790735651924,150,nan,nan,0,12.389093049822334,0.15281694070157525,150,11.230538818347535,0.1705281407908723,150,5.14891511494,0.0,150,8.161812297729998,1.4552482250689998e-16,150,1.2976860841420603,0.029046448344224873,150,2.5025188781016663,0.03878080850851364,150,0.1589948453608227,0.0035588233696934053,150,0.3066131377214067,0.004751494777610262,150,6.858475548233997,0.0,6.858475548233997,0.1415244517660028
8,7,3,0.875,3.0,7.0,0.4529550663899334,0.002264286367287979,150,0.8107813723366799,0.0007002341043262563,150,3.8763818458346,0.0207957074084073,150,0.5740887084435133,0.008535554683396656,150,0.5468604280214067,0.005861584039085646,150,0.06335419253680868,0.0023086495698631106,150,39.525025737198,1.6317846090864194,150,0.015989088081390268,0.0006601070425101942,150,nan,nan,0,13.277291891586332,0.11792023383336113,150,10.746015364196134,0.14725725971837397,150,7.723372672410002,1.4552482250689998e-16,150,8.161812297729998,1.4552482250689998e-16,150,1.1201995685007133,0.030152662249101358,150,2.114093851132667,0.02334533033505799,150,0.13724887655301798,0.003694358697449189,150,0.2590226011102467,0.0028603120830811065,150,6.553456738483532,0.0,6.553456738483532,0.44654326151646817
8,7,3,0.875,4.0,5.0,0.4582373794466133,0.0015173033076602014,150,0.8256954151196866,0.0003521008615372203,150,2.2849031103910002,0.0310931953673913,150,0.5880227338535333,0.006076724344869233,150,0.5338799011368865,0.003927364151714512,150,0.06846577398386398,0.0017479320294448968,150,32.142691163743336,0.8612851182352351,150,0.013002706781447401,0.00034841630996576865,150,nan,nan,0,12.969897432144668,0.07918519200738082,150,7.771524255349065,0.13487793651085336,150,10.2978302299,0.0,150,8.161812297729998,1.4552482250689998e-16,150,1.0701294498381733,0.03208940532645217,150,1.9394768069044002,0.029087388457397004,150,0.13111419508330466,0.003931651961091823,150,0.23762820512820004,0.0035638394263816367,150,4.977133819094176,0.0,4.977133819094176,0.02286618090582415
8,7,3,0.875,5.0,2.0,0.4588131738844866,0.0009733224892673921,150,0.83530708783018,8.039190746475038e-05,150,0.7214552792374,0.006585837836227242,150,0.6626369839559599,0.0047892300745016065,150,0.5650112044252866,0.0029211696993600243,150,0.04481820084166933,0.0010833261817997182,150,40.16809975231334,1.0396561279955243,150,0.016249231291388333,0.0004205728673120344,150,nan,nan,0,13.255535285016,0.011681368295432882,150,3.1060360706936,0.0509173853861498,150,12.872287787299998,1.4552482250689998e-16,150,8.161812297729998,1.4552482250689998e-16,150,1.6658252427181532,0.03528082412257227,150,2.5817475728154,0.026851592442664416,150,0.20409992069790803,0.004322670362364312,150,0.31632038065016,0.0032899056561236308,150,2.0256620604885547,0.0,2.0256620604885547,-0.025662060488554683
8,7,3,0.875,6.0,2.0,0.4446052568014867,0.0011789570099562713,150,0.8370575801741467,2.6534163003653503e-05,150,0.4310411593399467,0.00282339368685093,150,0.6061144484071133,0.00645385163434522,150,0.5204157211983733,0.0037155301217406803,150,0.05780472525173334,0.0015701905751763674,150,32.61946499802333,1.0464542698376251,150,0.013195576455510932,0.0004233229246916327,150,nan,nan,0,15.741664419587336,0.009097155564433997,150,2.9740201855374,0.04953419704857573,150,15.446745344800007,5.820992900275999e-16,150,8.161812297729998,1.4552482250689998e-16,150,1.7572653721685068,0.03754937511889568,150,2.592621359223133,0.02685651753303513,150,0.21530333068990865,0.004600617332174183,150,0.3176526566216133,0.0032905090871032426,150,1.505595235207759,0.0,1.505595235207759,0.49440476479224094
8,7,3,0.875,7.0,1.0,0.4692246195232466,0.0009612218942545974,150,0.8377254801810933,3.4711213242603254e-06,150,0.28918063491549995,0.00014409854193477752,150,0.7443376153421334,0.004235257896102041,150,0.5918238714177,0.002294721511860787,150,0.031595861192521335,0.0006270871941014947,150,56.89602359993666,0.9625092297296387,150,0.023016190776673336,0.00038936457513366265,150,nan,nan,0,18.091125679008,0.002244343590925565,150,1.5557898887057666,0.02658942556721575,150,18.0212029023,0.0,150,8.161812297729998,1.4552482250689998e-16,150,2.5346278317147335,0.03153878952253681,150,3.0873786407799995,3.6381205626724996e-17,150,0.3105471847739,0.003864189517221553,150,0.378271213323,0.0,150,1.3414671909263656,0.0,1.3414671909263656,-0.34146719092636557
8,7,3,0.875,8.0,1.0,0.46368001063333336,0.0009392598878408395,150,0.8380103357295132,2.1945889601299923e-06,150,0.22413830322497333,7.491246894318104e-05,150,0.7243592440483199,0.004225081429464979,150,0.5724680852313333,0.002230673357538129,150,0.035363164508592,0.0006697283966933799,150,50.52063304222467,0.7768500724015429,150,0.020437149288923998,0.000314259738026465,150,nan,nan,0,20.656531648081334,0.0018492836935398611,150,1.55687786502138,0.024262383645218582,150,20.5956604598,0.0,150,8.161812297729998,1.4552482250689998e-16,150,2.5654368932036005,0.031654249529350365,150,3.0873786407799995,3.6381205626724996e-17,150,0.314321966693,0.003878335886019044,150,0.378271213323,0.0,150,1.18197417441014,0.0,1.18197417441014,-0.18197417441013997
8,8,3,1.0,1.0,7.0,0.46042800082040664,0.0030891014038054413,150,0.9924597482037067,0.0005677917153532968,150,5.8975022937064,0.061638700230614456,150,0.6732626627653667,0.014122889322346496,150,0.6265615649031935,0.010320227872527003,150,0.0356606758424164,0.0031816154319228938,150,133.46283566793534,12.445862364427729,150,0.034910498474478864,0.003255522459960278,150,nan,nan,0,11.932087890735065,0.16043289417667486,150,11.614340579232799,0.16561266292009016,150,2.6888988628599995,3.6381205626724996e-17,150,8.671723777139999,1.4552482250689998e-16,150,1.62589240561514,0.050033191880724893,150,3.1083442322781933,0.07908199032611635,150,0.18749356499358666,0.005769693911682449,150,0.35844594594594403,0.009119523679317289,150,7.143291341532231,0.0,7.143291341532231,-0.14329134153223144
8,8,3,1.0,2.0,8.0,0.4538981403354933,0.0029660997014510954,150,0.99914903467714,0.0007339280668044826,150,5.2576627485238,0.04958504717186132,150,0.6330445410371599,0.013588800471597627,150,0.5750760199263601,0.00932389276461079,150,0.050666911557400336,0.003542471740731964,150,79.64372009395399,6.781509906167113,150,0.02083278056342047,0.0017738712807128239,150,nan,nan,0,14.0971540987486,0.17809794460931316,150,12.994229475134667,0.19533413905168515,150,5.377797725719999,7.276241125344999e-17,150,8.671723777139999,1.4552482250689998e-16,150,1.2947318859533734,0.02683159066578021,150,2.5560101142208667,0.045018793405792186,150,0.14930501930501067,0.003094147294740885,150,0.2947522522522599,0.0051914468867728224,150,7.72261406009018,0.0,7.72261406009018,0.27738593990981997
8,8,3,1.0,3.0,7.0,0.46552767248385996,0.002559503607006089,150,1.0161460477911268,0.0006414983121715638,150,4.435412971515933,0.023990699335236686,150,0.6929868492979534,0.010325464378713284,150,0.5905981224235668,0.006516881652824137,150,0.042306853754071796,0.002032569942467791,150,69.93895360932399,3.4615044769842647,150,0.01829425937989433,0.0009054419244014202,150,nan,nan,0,13.83240254780873,0.13959513872185134,150,11.165246257211136,0.17387367201016304,150,8.066696588580001,1.4552482250689998e-16,150,8.671723777139999,1.4552482250689998e-16,150,1.20550353125818,0.028456953483161004,150,2.299680878891,0.02116866484819816,150,0.13901544401547933,0.003281579789035874,150,0.26519305019305334,0.0024411138306826576,150,7.369953412685345,0.0,7.369953412685345,-0.3699534126853452
8,8,3,1.0,4.0,6.0,0.4611291418893133,0.0018775204787287072,150,1.026474730677,0.00034385149103145025,150,2.8972349958041335,0.034457554283764985,150,0.6595352526200801,0.007878973579719537,150,0.54291250299644,0.004706925597192359,150,0.058391260710302005,0.001758184796145841,150,42.878419965788666,1.5286941167722843,150,0.011215908963058732,0.00039986767375658165,150,nan,nan,0,14.441399368513332,0.10829525950259127,150,9.506236536540133,0.16889098860240365,150,10.755595451400001,1.4552482250689998e-16,150,8.671723777139999,1.4552482250689998e-16,150,1.0682291394191532,0.033095827118644686,150,1.9992396895987334,0.023941764167976522,150,0.12318532818531333,0.0038165222935148163,150,0.23054697554694664,0.0027609002296702595,150,6.177647310326783,0.0,6.177647310326783,-0.17764731032678327
8,8,3,1.0,5.0,4.0,0.45365182249972674,0.0011094024209251522,150,1.0280289409593333,0.0001833382958884712,150,1.3344592136376268,0.01634771248584785,150,0.6231363337141933,0.005687575799755518,150,0.5033965599424333,0.003638935143775111,150,0.073880206787808,0.0016440851837885217,150,29.853410944984002,1.098830832827953,150,0.007808896402037668,0.00028742632299985166,150,nan,nan,0,14.961478219982666,0.04212332318254675,150,6.467624638542933,0.10118812547379748,150,13.4444943143,0.0,150,8.671723777139999,1.4552482250689998e-16,150,1.0115895021360066,0.035766484761891135,150,1.8244659516962265,0.03144800226413038,150,0.11665379665377133,0.0041244953922781255,150,0.21039253539258865,0.003626499537157709,150,3.611979087973677,0.0,3.611979087973677,0.38802091202632294
8,8,3,1.0,6.0,2.0,0.46441612606480664,0.0010987378853115235,150,1.0262931258811334,2.3915509308792498e-05,150,0.5278728817450267,0.004570383447962312,150,0.7062669045347466,0.005255975779339582,150,0.5582797757061534,0.003191750428935968,150,0.05300331785058401,0.0010527898826935159,150,59.55425766264799,1.8538412976896874,150,0.015577885865195268,0.00048491794341870196,150,nan,nan,0,16.46217795921333,0.01088344189826399,150,3.2008111568298667,0.05731021421775245,150,16.1333931772,0.0,150,8.671723777139999,1.4552482250689998e-16,150,1.8234336036275598,0.03643123685901425,150,2.6190112477114,0.024336067870690904,150,0.21027348777353333,0.004201152826731037,150,0.30201737451735333,0.002806370278428237,150,2.264209374258406,0.0,2.264209374258406,-0.2642093742584062
8,8,3,1.0,7.0,2.0,0.4547144494129134,0.0012684950922343993,150,1.0270926024252667,1.172442167424473e-05,150,0.34841539251270004,0.0014745109567984574,150,0.6406709714802734,0.0061535052612159144,150,0.5161680855259,0.0034549387678974664,150,0.06923065000875467,0.001386756858689722,150,46.06385859173267,1.491337038687785,150,0.012049139050938134,0.0003900960080275625,150,nan,nan,0,19.101299844230663,0.008220692643944864,150,3.195750096593133,0.05038301675757348,150,18.822292040000008,5.820992900275999e-16,150,8.671723777139999,1.4552482250689998e-16,150,1.730605981341573,0.0369938744876807,150,2.5713000261578003,0.025877608988842966,150,0.199568854568922,0.004266034693724628,150,0.29651544401541335,0.0029841366784865305,150,1.8808939232715733,0.0,1.8808939232715733,0.11910607672842666
8,8,3,1.0,8.0,2.0,0.4496842150373801,0.0014110929702080912,150,1.0275606667349333,5.2437262756005015e-06,150,0.25714639722856,0.0005189432432992913,150,0.60705773150256,0.006903934988256309,150,0.4925585591758533,0.003735038489748913,150,0.07904952847512066,0.0016675533089669872,150,40.318944600583336,1.3066615806531885,150,0.0105464150145414,0.0003417895842671169,150,nan,nan,0,21.758180005079335,0.007698592194016325,150,3.2078138174761333,0.05218864632361337,150,21.5111909029,0.0,150,8.671723777139999,1.4552482250689998e-16,150,1.787998953701533,0.041449903075527775,150,2.5808422704682665,0.028752465200019322,150,0.20618725868728266,0.004779891996189729,150,0.29761583011579335,0.0033156574101202807,150,1.7251123788764566,0.0,1.7251123788764566,0.27488762112354337
8,8,3,1.0,9.0,2.0,0.44329034140991347,0.0013508263011189734,150,1.0278530289953336,3.2385068174501943e-06,150,0.20245303812626,0.00020752488339995925,150,0.56247083109154,0.006922337099925465,150,0.4639668399114934,0.0037038523425105114,150,0.09145039275398534,0.0017897005981095738,150,32.90648404237933,1.15222063408611,150,0.008607503019195,0.0003013917431560874,150,nan,nan,0,24.434955675843334,0.006715951745587576,150,3.321190478766467,0.051756302477976426,150,24.200089765699996,2.9104964501379997e-16,150,8.671723777139999,1.4552482250689998e-16,150,1.7013654198277466,0.03841504306710628,150,2.5299503008116666,0.02840319594083912,150,0.19619691119691468,0.004429920054461736,150,0.2917471042470334,0.003275380613007748,150,1.536190751022921,0.0,1.536190751022921,0.4638092489770791
8,8,3,1.0,10.0,1.0,0.4699935998189333,0.0009238309190279371,150,1.0280992117770666,1.0754595712575113e-06,150,0.16215643553050668,2.6016981677036758e-05,150,0.7289845348690934,0.0034054329853705507,150,0.5493281119355,0.0016876045277324713,150,0.057004477212342,0.0006154580503626191,150,66.73113750184133,0.9394211056455163,150,0.017455175909450667,0.0002457287746917107,150,nan,nan,0,26.941164065198667,0.0014928748870742235,150,1.6471702727947537,0.025353061967900263,150,26.8889886286,0.0,150,8.671723777139999,1.4552482250689998e-16,150,2.5665289040024004,0.02602380671334487,150,3.0468218676399994,3.6381205626724996e-17,150,0.29596525096526005,0.0030009958091783643,150,0.351351351351,0.0,150,1.3939671605614987,0.0,1.3939671605614987,-0.3939671605614987
8,4,3,0.5,1.0,7.0,0.4229354310313066,0.0028351107538691456,150,0.26064633636403334,0.0011062766251503096,150,2.3368359448164,0.03995931370812443,150,0.27895939764597333,0.006884233370523705,150,0.4919026568927733,0.009689658875087239,150,0.15655190051064602,0.0075369788124560145,150,12.760128457116865,0.7476839087385525,150,0.03962772812768293,0.002321999716576957,150,nan,nan,0,8.761131479019,0.1303315468271322,150,8.5310997202394,0.1342612552169532,150,1.9552074686399998,1.8190602813362498e-17,150,5.863354037270001,7.276241125344999e-17,150,0.9975155279500953,0.03760248510093942,150,1.923892339544187,0.06228220643716483,150,0.17012711864404928,0.006413135700477594,150,0.3281214689265433,0.010622283089388448,150,4.727593261925564,2.0,6.727593261925564,2.2724067380744364
8,4,3,0.5,2.0,7.0,0.43136424040220667,0.003030625173435224,150,0.26451562008218665,0.0012126050305741173,150,2.1817045754359334,0.028078722164313865,150,0.27595838454874666,0.005622451401920887,150,0.4802738084466666,0.007767007962334114,150,0.16484489649569534,0.005843560104249979,150,11.005527296290532,0.5342814392755186,150,0.034178656199655336,0.001659259128184902,150,nan,nan,0,9.280384026902398,0.12438017377340163,150,8.381767290865598,0.13915501238749772,150,3.9104149372799997,3.6381205626724996e-17,150,5.863354037270001,7.276241125344999e-17,150,0.8211594202897866,0.02897410871040398,150,1.7226501035198536,0.03675654517165664,150,0.140049435028242,0.004941558794889687,150,0.29379943502826666,0.006268859928639122,150,5.2451584170397965,2.0,7.2451584170397965,1.7548415829602035
8,4,3,0.5,3.0,7.0,0.43236780296097344,0.002517007110366101,150,0.2707778832090533,0.0009979709355140663,150,1.7134041235589665,0.019762569366087827,150,0.2563701864858666,0.004143794602806012,150,0.44161024316672665,0.00570256456944779,150,0.19496715144173066,0.004841806057053106,150,8.3967616013938,0.26053204707113026,150,0.026076899383208667,0.0008091057362450497,150,nan,nan,0,10.229188736880134,0.10778397403428748,150,8.325193856073598,0.13343458891603655,150,5.865622405920001,7.276241125344999e-17,150,5.863354037270001,7.276241125344999e-17,150,0.6748240165630599,0.028471760862223326,150,1.4474948240163,0.030963907640863386,150,0.11509180790961186,0.004855882943663927,150,0.2468714689265633,0.005280920688752432,150,5.030725755320161,2.0,7.030725755320161,1.9692742446798386
8,4,3,0.5,4.0,6.0,0.42589520472358,0.002326496716628201,150,0.2697141201689733,0.0007112124896899121,150,1.0804961740072934,0.017283175077613906,150,0.24560215804210003,0.00353393895633291,150,0.42051398360080666,0.004986268719036118,150,0.2145360100417247,0.004691790555889994,150,7.397053106822534,0.22906441909748132,150,0.022972214617458,0.0007113801835318148,150,nan,nan,0,10.746424388709201,0.07748073917598379,150,7.294400032955534,0.11604419000892176,150,7.820829874559999,7.276241125344999e-17,150,5.863354037270001,7.276241125344999e-17,150,0.67349896480313,0.03304854998888209,150,1.3591304347825799,0.03417640941640129,150,0.1148658192090356,0.00563645820785423,150,0.23180084745765933,0.005828815589029227,150,3.8907709580805383,2.0,5.890770958080538,2.1092290419194617
8,4,3,0.5,5.0,5.0,0.42744104623486,0.0021687498868331327,150,0.25894143832596006,0.00048037075339903146,150,0.52372726407488,0.011103948989368919,150,0.24351200561779998,0.0032646615747218533,150,0.42000951799259995,0.0048993139942971175,150,0.21451545758187,0.004795875629318542,150,7.310224143161534,0.24738154031617693,150,0.022702559450808932,0.0007682656531554798,150,nan,nan,0,11.472079114534333,0.047997481632817265,150,5.915244412039867,0.09661508068110376,150,9.776037343199999,1.4552482250689998e-16,150,5.863354037270001,7.276241125344999e-17,150,0.6729192546585223,0.033958831289042105,150,1.2903933747412333,0.03810544385209147,150,0.11476694915252501,0.005791707455009866,150,0.22007768361581795,0.006498915741723275,150,3.0629369486646927,2.0,5.062936948664692,1.9370630513353073
8,4,3,0.5,6.0,5.0,0.42255296316077334,0.0022974887611428604,150,0.25539642620301334,0.00028123932877486944,150,0.30289776071880004,0.006572514006871292,150,0.21904286570235332,0.0036621303322449997,150,0.38547511966219333,0.00532353977265835,150,0.24648687189631804,0.005735195253924996,150,6.2341479760997345,0.22994434730376456,150,0.019360708000312733,0.0007141128798253605,150,nan,nan,0,13.209382173148667,0.04057762648824786,150,5.9838023393088,0.09359046683706092,150,11.731244811799998,1.4552482250689998e-16,150,5.863354037270001,7.276241125344999e-17,150,0.6722153209112366,0.032419020778139296,150,1.2392132505178268,0.03900610571174143,150,0.11464689265534446,0.005529091467450996,150,0.2113488700564987,0.006652524385158846,150,2.8633556676608105,2.0,4.8633556676608105,2.1366443323391895
8,4,3,0.5,7.0,5.0,0.41404838965997326,0.00234216703198585,150,0.25411158565388,0.00021428496804155246,150,0.19541313106278,0.004337533731516245,150,0.19441398288396664,0.003268359563354638,150,0.35073740776817997,0.004831117260556262,150,0.2794593403490467,0.006019012488611544,150,5.1992596334093335,0.1566643979009991,150,0.016146769047854264,0.00048653539720812573,150,nan,nan,0,15.062152118130667,0.039156337114875095,150,6.194846636376067,0.09699426216990435,150,13.686452280499992,5.820992900275999e-16,150,5.863354037270001,7.276241125344999e-17,150,0.6406625258804007,0.03630674440161026,150,1.19026915113884,0.039738368206631895,150,0.10926553672316108,0.0061921460261117655,150,0.20300141242937803,0.006777412374226261,150,2.710094529782401,2.0,4.710094529782401,2.289905470217599
8,4,3,0.5,8.0,5.0,0.41667183959669335,0.0025008238503954057,150,0.2550399417139734,0.00021837554524670936,150,0.12520721904586002,0.002569190253704807,150,0.19388215497350667,0.003949812071072318,150,0.35178102172525333,0.005627190197795626,150,0.2763972719936307,0.006832353517713432,150,5.449859574912534,0.19936008930296742,150,0.016925029735752266,0.0006191307121206042,150,nan,nan,0,16.770724106666666,0.03376975267987287,150,5.947755254469134,0.09657885538295692,150,15.641659749099999,1.4552482250689998e-16,150,5.863354037270001,7.276241125344999e-17,150,0.6117598343688747,0.033474678803675446,150,1.2135817805386353,0.04126527005011708,150,0.10433615819208661,0.005709134838332,150,0.20697740112996796,0.007037826777616721,150,2.5333138228511656,2.0,4.533313822851166,2.4666861771488344
8,4,3,0.5,9.0,5.0,0.41878512689558667,0.0022624482255030986,150,0.25568136378164,0.00017538593906608337,150,0.08809383116384066,0.001382503672888165,150,0.18507472758304933,0.004188902698576751,150,0.34006296037665995,0.006000827437294138,150,0.2891793364267126,0.007561302594629115,150,5.199970232974334,0.2048405786884479,150,0.016148975878802863,0.0006361508654928292,150,nan,nan,0,18.598005623636666,0.028866221763859348,150,5.920205498611534,0.09381545880771412,150,17.596867217800003,2.9104964501379997e-16,150,5.863354037270001,7.276241125344999e-17,150,0.6000828157352561,0.03566835829534757,150,1.16231884057978,0.04294131446377116,150,0.10234463276835873,0.006083268734687828,150,0.19823446327689068,0.007323677572744526,150,2.52174903512885,2.0,4.52174903512885,2.47825096487115
8,4,3,0.5,10.0,4.0,0.41943083786395996,0.002368260087700729,150,0.25501034610135337,0.00012436817749082393,150,0.062070534136839335,0.0003705009886611618,150,0.21184354143940665,0.004214074739529475,150,0.3823925685451667,0.005835887059413228,150,0.232182312124586,0.00633117939975185,150,6.547564851231467,0.23498776394486245,150,0.0203340523330158,0.0007297756644246417,150,nan,nan,0,20.18730913620867,0.017624867872071973,150,4.9491175079456005,0.07310681115175668,150,19.552074686399997,2.9104964501379997e-16,150,5.863354037270001,7.276241125344999e-17,150,0.795279503105708,0.036928811563286305,150,1.403478260869598,0.041862383007257045,150,0.13563559322029978,0.006298240107717101,150,0.239364406779684,0.0071396648984862485,150,2.43972280994148,2.0,4.43972280994148,1.5602771900585202
8,5,3,0.625,1.0,7.0,0.4370998588207068,0.003176744169501656,150,0.41878033341066667,0.001002702551189613,150,3.4062645677270664,0.04909876848699871,150,0.38577382591228665,0.009334629016660378,150,0.5395177204440333,0.010420990775846755,150,0.09952656195033839,0.005813085080411879,150,26.961499963105535,2.003829779141939,150,0.037035027421837265,0.0027525134328863178,150,nan,nan,0,9.602148907578533,0.15724681547928304,150,9.333790121065334,0.16242374141139534,150,2.19887332757,0.0,150,6.76923076923,0.0,150,1.1822527472525401,0.03580443113764674,150,2.3584432234433264,0.06408973017109094,150,0.17465097402602933,0.005289290963519622,150,0.34840638528140333,0.009467801048003408,150,5.431394929503288,2.0,7.431394929503288,1.5686050704967123
8,5,3,0.625,2.0,8.0,0.4230031845387667,0.0022108693489120475,150,0.4211539626673999,0.0009977474872827196,150,2.914671475945133,0.031213150942081134,150,0.32100342562844003,0.006878505064624701,150,0.45340143100154656,0.007360398276358359,150,0.14996022462996866,0.0053836719539724145,150,13.374394443434864,0.7070235468390952,150,0.018371420938784463,0.0009711861907130612,150,nan,nan,0,11.7610778553604,0.14374431049838884,150,10.881404120714933,0.15665382328295321,150,4.39774665514,0.0,150,6.76923076923,0.0,150,0.8866666666667467,0.024141132982573477,150,1.7173076923077932,0.036165675415578254,150,0.13098484848484465,0.0035663037360584527,150,0.2536931818181667,0.005342656595485526,150,5.722616713450657,2.0,7.722616713450657,2.277383286549343
8,5,3,0.625,3.0,7.0,0.42935136766675336,0.0021658311357483757,150,0.4324646524759867,0.001051239829245646,150,2.480450369201667,0.018961341849437853,150,0.3372045254019867,0.0056872182106505135,150,0.4561995535542732,0.005748638345000448,150,0.14578684525629065,0.003909483329902331,150,12.623090300655933,0.5099961782898735,150,0.017339409753646062,0.0007005442009475599,150,nan,nan,0,11.645174056855467,0.11793942926398236,150,9.540659295085266,0.14523876362725646,150,6.596619982710002,1.4552482250689998e-16,150,6.76923076923,0.0,150,0.85710622710612,0.028406654707798646,150,1.6769963369965668,0.027923316180683024,150,0.12661796536795336,0.004196437627291205,150,0.24773809523808665,0.0041250353448744614,150,5.003395178912922,2.0,7.003395178912922,1.996604821087078
8,5,3,0.625,4.0,6.0,0.43362905959518,0.0017526420237566284,150,0.4391605700549734,0.0006250523203467333,150,1.6219743160697866,0.022802408041178283,150,0.3334657379998333,0.0037802978688887177,150,0.4405087096206865,0.004026338446362952,150,0.15963254689556602,0.002944935232911922,150,10.9533968388626,0.3214957146436318,150,0.0150458747786616,0.00044161499264217533,150,nan,nan,0,11.904284090795,0.08009817683195894,150,7.940035302147201,0.1232408705974086,150,8.79549331028,0.0,150,6.76923076923,0.0,150,0.79060439560449,0.03048500399135121,150,1.4946153846157932,0.03151003331549798,150,0.11679383116881346,0.004503466498719888,150,0.22079545454544,0.004654891285242472,150,3.7351533995808968,2.0,5.735153399580897,2.2648466004191032
8,5,3,0.625,5.0,4.0,0.43642899129036,0.0015635839693070004,150,0.4329812988540467,0.00030459409020977703,150,0.69596825526512,0.010379007027344676,150,0.32691551690374004,0.0031001730710772256,150,0.44157274554116005,0.0035101645223567703,150,0.16007889833747269,0.003065542724986093,150,11.6963560709786,0.3359373418500862,150,0.016066423174422195,0.00046145239265138336,150,nan,nan,0,12.256947180748,0.03300006968188699,150,5.350477581324534,0.07734294591867433,150,10.9943666378,0.0,150,6.76923076923,0.0,150,0.818791208791352,0.03543017471513254,150,1.5238461538468466,0.03745488778456496,150,0.12095779220779074,0.0052340030829151046,150,0.225113636363648,0.005533108422719207,150,2.4926873793521325,2.0,4.492687379352132,1.5073126206478675
8,5,3,0.625,6.0,4.0,0.42539159086898,0.00167260021660482,150,0.43003256982014665,0.00030038745170177944,150,0.42141780880188,0.005916496505906001,150,0.27800019409766663,0.003354791608451316,150,0.3919750599191534,0.0037199434846930998,150,0.20083891621144798,0.0039183668320731425,150,9.086119315906933,0.2884598493856381,150,0.012480933126244934,0.00039623605684850876,150,nan,nan,0,14.271066821308668,0.026782226722659338,150,5.378881871097599,0.07217954461316382,150,13.1932399654,0.0,150,6.76923076923,0.0,150,0.762912087912555,0.035039105175755245,150,1.4624358974364866,0.03983430647991508,150,0.11270292207789921,0.0051762314464110365,150,0.21604166666663,0.0058846134572515954,150,2.3825662383002766,2.0,4.382566238300276,1.6174337616997234
8,5,3,0.625,7.0,4.0,0.42136649635569334,0.0016193827014912153,150,0.42791160232464664,0.000275359601620358,150,0.2680938390849867,0.004646816338256351,150,0.2535871315332333,0.004200068702642746,150,0.3655573889256533,0.0045903009912312475,150,0.22456335546911532,0.005070211482141821,150,8.492025993703132,0.3730242475241693,150,0.011664870870472799,0.0005123959444016943,150,nan,nan,0,16.352615368832,0.026727449383014443,150,5.435511204574399,0.08404755955325569,150,15.392113292999996,2.9104964501379997e-16,150,6.76923076923,0.0,150,0.83025641025674,0.03655529521029391,150,1.5151831501842468,0.042148384689474884,150,0.12265151515152174,0.00540021406515292,150,0.22383387445885267,0.00622646592002672,150,2.259290090075603,2.0,4.259290090075603,1.740709909924397
8,5,3,0.625,8.0,4.0,0.41937195114334,0.0017261777966656976,150,0.4255331393442933,0.00018859887117305972,150,0.17799911641896665,0.0022487318513925046,150,0.24037521097522,0.004213053415899411,150,0.35286900620767997,0.004490655432703368,150,0.23428555624292666,0.0052024144029950686,150,8.104794584749934,0.3143693193964844,150,0.011132959594434666,0.0004318259881817972,150,nan,nan,0,18.404926984066666,0.020323442359282153,150,5.3467432286748,0.07199958775486157,150,17.590986620600003,2.9104964501379997e-16,150,6.76923076923,0.0,150,0.8311721611724477,0.03457468588341649,150,1.5500549450559666,0.04097072014807045,150,0.12278679653676657,0.005107624050952601,150,0.22898538961034062,0.006052492749131234,150,2.2362637653182973,2.0,4.236263765318297,1.7637362346817027
8,5,3,0.625,9.0,4.0,0.4179683390537067,0.0018409842840477638,150,0.42426225423474,0.0001365530602865555,150,0.13194475938551997,0.0012092477633182585,150,0.22071155300419334,0.0042361102495633764,150,0.33373411876504,0.004633844107858865,150,0.25740436598165334,0.005652135475089454,150,7.337762164836601,0.30556746774615734,150,0.010079343633013934,0.00041973553261780155,150,nan,nan,0,20.497175700714,0.020201546076911336,150,5.251024397748534,0.08123232821120392,150,19.7898599481,0.0,150,6.76923076923,0.0,150,0.7605311355315854,0.036501702722891056,150,1.4684798534804466,0.039438584518876135,150,0.11235119047619667,0.005392296993146135,150,0.216934523809502,0.005826154531187834,150,2.2398593931183544,2.0,4.239859393118355,1.7601406068816456
8,5,3,0.625,10.0,4.0,0.41995569169504665,0.0016671075463804011,150,0.4236764575682133,9.887023915373542e-05,150,0.10107750388663202,0.0006192367740839764,150,0.2240635198764133,0.00467475335361532,150,0.3343942950656,0.004998733129858997,150,0.253144169239962,0.006268725642654349,150,7.650904288028,0.31368500004161604,150,0.010509483912126335,0.0004308859890679872,150,nan,nan,0,22.637940516919333,0.02009340609559381,150,5.283530113233866,0.08656096585540833,150,21.9887332757,0.0,150,6.76923076923,0.0,150,0.8623626373631136,0.03980077489266766,150,1.55109890109962,0.04521919302483491,150,0.12739448051944555,0.005879659927317858,150,0.22913961038955866,0.00668010806047802,150,2.1148793103625314,2.0,4.114879310362531,1.8851206896374686
8,6,3,0.75,1.0,8.0,0.42523178317494,0.002848271516319499,150,0.5928716101612,0.0007080164379557408,150,3.9805232530829335,0.06065692423653025,150,0.40905052541004666,0.01136919291835913,150,0.49766475146747335,0.010548958521803804,150,0.10534933606565272,0.006124614418079144,150,31.607934041837336,3.322067548140058,150,0.022134407592324934,0.0023263778348332517,150,nan,nan,0,11.97146724878233,0.17948737569551257,150,11.7127371122648,0.18447684598946829,150,2.42017253837,0.0,150,7.529411764709997,2.1828723376035e-16,150,1.1631559290381535,0.041730902498314675,150,2.248767507002613,0.072046679564342,150,0.15448164682536467,0.005542385488056328,150,0.29866443452381664,0.009568699629639084,150,6.163415899745872,2.0,8.163415899745871,1.8365841002541279
8,6,3,0.75,2.0,8.0,0.43344763692073324,0.0025607861517973752,150,0.60062102566236,0.0008171202469732621,150,3.7856869733139336,0.03702533708613235,150,0.42477630061228,0.009610824306022314,150,0.49604854799514003,0.008413824715144087,150,0.10193611272246667,0.004566179403846876,150,25.281717715679733,1.7687494252892288,150,0.0177042841146172,0.001238620045719938,150,nan,nan,0,12.6853743090362,0.17019561271068226,150,11.686867059209401,0.18722513956825307,150,4.84034507674,0.0,150,7.529411764709997,2.1828723376035e-16,150,1.0520634920633267,0.028579351959720372,150,2.08400560224098,0.036467184319069486,150,0.13972718253964198,0.0037956951821465825,150,0.2767819940475867,0.0048432979173726465,150,6.374195435811082,2.0,8.374195435811082,1.6258045641889183
8,6,3,0.75,3.0,8.0,0.42959341637612664,0.00214639521270368,150,0.61163744243444,0.0010257927398736658,150,3.1365341132845335,0.022343656843331193,150,0.39699266793960003,0.007949356183314946,150,0.45486679456755336,0.006468396602907774,150,0.1262776883366533,0.004011961261486078,150,17.105577236181734,0.8191594817468272,150,0.011978695543542334,0.0005736410936600571,150,nan,nan,0,13.961483086223136,0.15425252394731154,150,11.859875636302531,0.18494559601825405,150,7.2605176151199995,7.276241125344999e-17,150,7.529411764709997,2.1828723376035e-16,150,0.9175816993463066,0.02763066174939064,150,1.7967600373480002,0.027039307396302545,150,0.12186631944444935,0.0036696972635917847,150,0.23863219246030667,0.0035911580135697357,150,5.939417806259772,2.0,7.939417806259772,2.0605821937402284
8,6,3,0.75,4.0,6.0,0.43640102893004,0.0015113895759136353,150,0.6270861483724133,0.0005801467268756739,150,2.128935530205866,0.02328364450794669,150,0.4310368563993067,0.005193248797215558,150,0.46696753298447335,0.003978377660586808,150,0.11803314789059731,0.0026606230703716807,150,16.906913820224332,0.4601257032104032,150,0.011839575504356267,0.0003222168789987489,150,nan,nan,0,13.184473591748,0.09076054169685725,150,8.862381913043935,0.13708746006911107,150,9.68069015349,0.0,150,7.529411764709997,2.1828723376035e-16,150,0.8867693744164641,0.03188950154672573,150,1.7067413632122999,0.030454964876870817,150,0.11777405753967406,0.004235324424174081,150,0.22667658730160203,0.004044800022711381,150,4.155390439915549,2.0,6.155390439915549,1.844609560084451
8,6,3,0.75,5.0,4.0,0.4318808741314333,0.0011578927525539569,150,0.6332451977482333,0.00014916362995992042,150,0.9246150394552933,0.013374235107095933,150,0.40240960257614,0.004285355157773276,150,0.44157365054952674,0.003640783585341677,150,0.13690015837386202,0.00271920919680661,150,14.414441460214535,0.4743824813332783,150,0.010094146680824534,0.00033220061718049985,150,nan,nan,0,13.455328218558668,0.039610201089135585,150,5.791525363401002,0.09365758652461559,150,12.100862691900003,2.9104964501379997e-16,150,7.529411764709997,2.1828723376035e-16,150,0.8411858076561761,0.03615874622509493,150,1.6110364145658664,0.041287342867417594,150,0.11171999007936748,0.004802333483022761,150,0.21396577380952334,0.005483475224576983,150,2.3064975633393607,2.0,4.306497563339361,1.6935024366606393
8,6,3,0.75,6.0,4.0,0.42239007374266674,0.0012522438391213214,150,0.6342320724351599,0.00014320490703796643,150,0.5587338567171733,0.008840172176256005,150,0.3336480808282601,0.004214181474532767,150,0.38406865456626,0.0036756170677036556,150,0.18215418679605466,0.003579329648330211,150,10.274133024077468,0.3368182955738793,150,0.007194771025263866,0.00023586715376318237,150,nan,nan,0,15.754874142342668,0.03359225327221017,150,6.0305333737004005,0.08809694913148677,150,14.521035230199999,1.4552482250689998e-16,150,7.529411764709997,2.1828723376035e-16,150,0.8776844070962025,0.03820282064310605,150,1.5636041083104866,0.03890993221066794,150,0.11656746031742932,0.005073812116661777,150,0.20766617063493933,0.005167725371727093,150,2.100818089536613,2.0,4.100818089536613,1.899181910463387
8,6,3,0.75,7.0,4.0,0.4193690863757133,0.0014570523903953017,150,0.6334924749663666,0.0002478343197647298,150,0.3418408635025067,0.005337471177610419,150,0.30546978135174,0.00565255645051717,150,0.3620326365356267,0.004837471073678149,150,0.20410284037493664,0.004550022949941224,150,9.817796916283735,0.4862224105759213,150,0.006875207924568067,0.0003404918841569569,150,nan,nan,0,17.910151059183995,0.028066110802239145,150,5.704718811797267,0.09492285323724084,150,16.941207768600005,2.9104964501379997e-16,150,7.529411764709997,2.1828723376035e-16,150,0.903734827264149,0.038089362040962374,150,1.6250046685340331,0.04535127706047805,150,0.12002728174600383,0.005058743396060806,150,0.21582093253969872,0.006023216484593135,150,2.0001596057068673,2.0,4.000159605706868,1.9998403942931327
8,6,3,0.75,8.0,4.0,0.41202972832866663,0.0013048555754485108,150,0.6334504079749667,0.00023065343681232442,150,0.24283129962104666,0.003233332339157268,150,0.2686243284013066,0.005329640461721616,150,0.33024882306593334,0.004502010890401415,150,0.2356049632953867,0.005322700892823027,150,7.8565822543329995,0.29469640828726085,150,0.0055018083013534,0.0002063700338145377,150,nan,nan,0,20.297086111509998,0.025812646313811034,150,6.008308784100533,0.08623988688319424,150,19.361380307,0.0,150,7.529411764709997,2.1828723376035e-16,150,0.8849859943976177,0.03895599564376188,150,1.56726423902954,0.04254547012037857,150,0.11753720238095314,0.005173843171439093,150,0.20815228174602202,0.005650570250354659,150,1.8547317255346183,2.0,3.8547317255346183,2.1452682744653817
8,6,3,0.75,9.0,4.0,0.41446107155718,0.001514137656824921,150,0.6312175384769868,0.00033485758856123494,150,0.17063139652561332,0.0014029399403831136,150,0.26472523362567335,0.005590570320207482,150,0.32798253807466,0.004904130973289127,150,0.23770387911190463,0.005422751535604095,150,8.232329164604133,0.3867094880073973,150,0.005764936389778067,0.00027080496359030654,150,nan,nan,0,22.57447493899,0.02565072417915352,150,5.808492020398933,0.10134434798785362,150,21.781552845299995,2.9104964501379997e-16,150,7.529411764709997,2.1828723376035e-16,150,0.9280298786179355,0.0357748351090699,150,1.660504201680913,0.04042968386743854,150,0.12325396825395624,0.004751345287924313,150,0.220535714285728,0.005369567388640399,150,1.7245969911511758,2.0,3.724596991151176,2.275403008848824
8,6,3,0.75,10.0,4.0,0.41257790137940664,0.001395171394641271,150,0.6299030731458267,0.00034257637766149575,150,0.13404549325908666,0.0007645155380346216,150,0.25058300447876,0.005570737482492577,150,0.31516579346598,0.0049411009823783145,150,0.25020191920364004,0.005813284634932482,150,7.614831778120533,0.32305930978285585,150,0.005332515250786266,0.00022623200965212265,150,nan,nan,0,24.943023053026664,0.023033003487138486,150,5.910684282692267,0.10277185762541029,150,24.201725383699998,2.9104964501379997e-16,150,7.529411764709997,2.1828723376035e-16,150,0.90263305322102,0.03783694505389123,150,1.6212885154062666,0.040704066072548124,150,0.11988095238091574,0.005025219264971832,150,0.21532738095233134,0.005406008775258281,150,1.603860149392092,2.0,3.603860149392092,2.396139850607908
8,7,3,0.875,1.0,9.0,0.42550055588487334,0.0026231934986375546,150,0.78282972825394,0.0005724545854922064,150,4.556832262823534,0.07731973414021814,150,0.4647866556252133,0.013301621400619882,150,0.49856709917941333,0.01105559972047678,150,0.09328490046441919,0.006427951444881463,150,42.80832837292033,4.851723277231652,150,0.01731728494050127,0.001962671228653283,150,nan,nan,0,14.173877551645864,0.23880744744216897,150,13.926402363466668,0.2433492655417428,150,2.57445755747,0.0,150,8.161812297729998,1.4552482250689998e-16,150,1.2999514563105652,0.04660363130273889,150,2.465086299892047,0.07530880578470912,150,0.15927240285488933,0.005709961170717323,150,0.3020268305577433,0.009226971049753748,150,6.818391114905082,2.0,8.818391114905083,2.181608885094918
8,7,3,0.875,2.0,9.0,0.4271444270647534,0.0024670525783209883,150,0.7909020241530933,0.0007119203563014812,150,4.279951359569133,0.052849397877967025,150,0.45568908270984004,0.01206659377745477,150,0.4766365852597865,0.009235312932680834,150,0.1018771757569904,0.005358076288670092,150,31.637822300242462,3.2717259842969026,150,0.012798471804304,0.0013235137476922511,150,nan,nan,0,15.1273497407996,0.21023992077366394,150,14.186254492339401,0.2267584472555747,150,5.14891511494,0.0,150,8.161812297729998,1.4552482250689998e-16,150,1.0825620280472534,0.027504050160274966,150,2.1333279395900537,0.0412485988037148,150,0.13263745704468466,0.003369845955403213,150,0.261379196404994,0.005053852906559977,150,6.858475548233997,2.0,8.858475548233997,2.141524451766003
8,7,3,0.875,3.0,9.0,0.43184674985438004,0.0024299123587565516,150,0.8033168322780734,0.0009230998284427653,150,3.7244862723876,0.028096857556503964,150,0.46307914747832,0.011075082546666044,150,0.4648906909165733,0.007914332278534632,150,0.107526386239032,0.004508217154268429,150,25.020784845147535,1.5624482069249641,150,0.010121676717290933,0.0006320583361342592,150,nan,nan,0,15.789421789518334,0.21488447153169776,150,13.680738793294601,0.25080897514286693,150,7.723372672410002,1.4552482250689998e-16,150,8.161812297729998,1.4552482250689998e-16,150,0.9753182308526334,0.028727967634455044,150,1.9054854368932002,0.02662213249288951,150,0.11949775310598534,0.003519802537285231,150,0.23346352101509335,0.0032617918082104604,150,6.553456738483532,2.0,8.553456738483533,2.446543261516468
8,7,3,0.875,4.0,7.0,0.43529525364739335,0.0016298283522705001,150,0.8193397194058066,0.0005918449121278289,150,2.7233658764650666,0.027370038706895517,150,0.48742554431508,0.007065842497197156,150,0.46499468923029996,0.004627079123195764,150,0.10419400770510266,0.0026603596892167632,150,20.93023969170207,0.6902668614253279,150,0.008466925441625799,0.0002792341672433247,150,nan,nan,0,15.041626819811336,0.12371499550855267,150,10.858776703524468,0.1751835674449636,150,10.2978302299,0.0,150,8.161812297729998,1.4552482250689998e-16,150,0.93745954692524,0.0313121191447789,150,1.7917637540456,0.028231238678131862,150,0.11485923869946935,0.0038364174527146014,150,0.2195301348136467,0.0034589424074268453,150,4.977133819094176,2.0,6.977133819094176,2.022866180905824
8,7,3,0.875,5.0,4.0,0.4379587588986333,0.0009928282770716754,150,0.8309538353656001,0.00014937563464110167,150,1.1325162016927668,0.016499085281834473,150,0.5142563109108601,0.005813204145593132,150,0.46662094102004004,0.0037570138909339265,150,0.09900537520002399,0.002457619471305629,150,19.64671296836247,0.6633395101121041,150,0.007947699420858066,0.0002683412257735128,150,nan,nan,0,14.29779630174,0.039129143906321065,150,6.131437617879533,0.09570618276349965,150,12.872287787299998,1.4552482250689998e-16,150,8.161812297729998,1.4552482250689998e-16,150,0.9696170442282515,0.03836197508756452,150,1.7297572815535136,0.03802805916408688,150,0.11879923341264799,0.004700178549587566,150,0.21193298969069332,0.004659266566896349,150,2.0256620604885547,2.0,4.025662060488555,1.9743379395114453
8,7,3,0.875,6.0,4.0,0.42021910349339997,0.0009587892458101881,150,0.8328663876305401,0.00014717140678078002,150,0.6897421311690534,0.010753960270181937,150,0.41289863210940664,0.006093676657844123,150,0.39438180383029336,0.0038940693202305443,150,0.14430539072947599,0.0035495487514530613,150,12.518562811641532,0.4449697911977623,150,0.0050641435322177995,0.00018000396084030245,150,nan,nan,0,16.696128836089997,0.03572360632863094,150,6.2372347796542,0.09850659701266938,150,15.446745344800007,5.820992900275999e-16,150,8.161812297729998,1.4552482250689998e-16,150,0.9702588996765267,0.0379143004791737,150,1.708225458468286,0.03926052358996533,150,0.11887787470259506,0.004645328647125666,150,0.20929487179490602,0.00481027033675293,150,1.505595235207759,2.0,3.505595235207759,2.494404764792241
8,7,3,0.875,7.0,3.0,0.41935322616448,0.0011661044958329386,150,0.8368195473463667,7.045949757219694e-05,150,0.35602688956681333,0.003940563780280703,150,0.4203024888418066,0.007530967584679573,150,0.40030594943506664,0.004488038163011714,150,0.12872177944677,0.0037549047993848074,150,14.307833463704398,0.5692379328185476,150,0.0057879585209164005,0.00023027424466771625,150,nan,nan,0,18.635745512379334,0.018976339413178746,150,4.6583982245402,0.07686115153438568,150,18.0212029023,0.0,150,8.161812297729998,1.4552482250689998e-16,150,1.2393527508092952,0.04046620920102864,150,2.0315857605175136,0.04004986815660727,150,0.1518477398889786,0.004957993117808117,150,0.24891356066611736,0.004906982260269543,150,1.3414671909263656,2.0,3.3414671909263656,1.6585328090736344
8,7,3,0.875,8.0,3.0,0.41660113212953337,0.0011836372958613011,150,0.83775434649672,3.5507943442035606e-05,150,0.2504520798020667,0.001810688897348497,150,0.3856210219629466,0.007760596457162268,150,0.3769464910555334,0.0045623834226368055,150,0.14326063657150664,0.004138041630549994,150,12.609017147336866,0.5017571682659404,150,0.005100735091964067,0.0002029762007547437,150,nan,nan,0,21.132231357719334,0.015873019481587636,150,4.651128647602933,0.073022734597198,150,20.5956604598,0.0,150,8.161812297729998,1.4552482250689998e-16,150,1.2601618122978402,0.039656854696820856,150,2.041812297734507,0.03737113786410749,150,0.15439730372720933,0.004858829540572868,150,0.25016653449641996,0.004578779381448097,150,1.18197417441014,2.0,3.18197417441014,1.81802582558986
8,8,3,1.0,1.0,9.0,0.4294401910827999,0.0028548170964343375,150,0.9870634246902402,0.0005139387619666682,150,5.266340929524133,0.07340411779266005,150,0.5398091812380534,0.014117389217044609,150,0.5239875147911134,0.010453841994974497,150,0.06704766123595561,0.004386203613289844,150,66.1683651872788,8.4923403123616,150,0.017307968921600796,0.0022213811960157433,150,nan,nan,0,14.908269932430867,0.21415534447482948,150,14.654070957130001,0.2185684647002973,150,2.6888988628599995,3.6381205626724996e-17,150,8.671723777139999,1.4552482250689998e-16,150,1.3750597262185533,0.043422128725728586,150,2.7163309791609533,0.0733391240579534,150,0.15856821106821734,0.005007323784940286,150,0.31324002574004195,0.00845727169623284,150,7.143291341532231,2.0,9.143291341532231,1.8567086584677686
8,8,3,1.0,2.0,10.0,0.42826095304254,0.0028986302057272505,150,0.9946968708822933,0.000622209344510376,150,4.758889566556133,0.06639187344392632,150,0.50154467009422,0.014775748580712832,150,0.47764517365300674,0.010404748046728937,150,0.0928242979235298,0.005129185058356913,150,45.87089626766394,5.75425891494272,150,0.011998664992851934,0.0015051684318453714,150,nan,nan,0,16.975261551609464,0.255556683826157,150,16.057959754418402,0.27308575331474627,150,5.377797725719999,7.276241125344999e-17,150,8.671723777139999,1.4552482250689998e-16,150,1.1243107507193069,0.027732640439003767,150,2.236847153195907,0.04593232489346171,150,0.129652509652502,0.0031980539454108045,150,0.2579472329472066,0.005296792895382377,150,7.72261406009018,2.0,9.72261406009018,2.27738593990982
8,8,3,1.0,3.0,9.0,0.43405107281114663,0.0025405302552706076,150,1.00799257012278,0.0007930860880910215,150,4.404037636335733,0.02974104686517104,150,0.5374230013109266,0.0124765071313217,150,0.48526432047982665,0.007926464807025918,150,0.08567796642140733,0.0037178296659628415,150,35.35298094226526,2.331878068100339,150,0.009247444661854865,0.0006099602584620529,150,nan,nan,0,16.911799764414663,0.19560867603121077,150,14.798313776848069,0.22656520681694073,150,8.066696588580001,1.4552482250689998e-16,150,8.671723777139999,1.4552482250689998e-16,150,1.0853047345019664,0.027923863491961517,150,2.0834179091466,0.02785466210524529,150,0.1251544401544347,0.003220105276594718,150,0.24025418275418,0.003212125157707552,150,7.369953412685345,2.0,9.369953412685344,1.6300465873146548
8,8,3,1.0,4.0,8.0,0.43417463608172663,0.001965595588148585,150,1.0199156260751332,0.000612656559545726,150,3.3220125857803335,0.02852854307371225,150,0.53038335291584,0.009317272249141256,150,0.4641972654383132,0.0054596442472965075,150,0.09504082047925398,0.002936826996596772,150,25.62616044943087,1.0736953468946444,150,0.0067031547081942006,0.0002808515163209077,150,nan,nan,0,16.958127618886664,0.15949399670623146,150,12.995699318603869,0.21358823140819008,150,10.755595451400001,1.4552482250689998e-16,150,8.671723777139999,1.4552482250689998e-16,150,0.96890051443018,0.029312965006210247,150,1.854236637893467,0.022414297589057396,150,0.11173101673103798,0.0033802927491209745,150,0.2138256113255867,0.0025847568678516028,150,6.177647310326783,2.0,8.177647310326783,1.8223526896732167
8,8,3,1.0,5.0,6.0,0.4364297415167,0.0011986524616139829,150,1.0293698753064,0.00025325852491688987,150,1.87874581537136,0.02891810934701901,150,0.5283454684309534,0.005944577439353576,150,0.44457604703428,0.003470331347343854,150,0.10446927953522268,0.0021281254361197933,150,19.801096845270465,0.5937458914786954,150,0.0051794655624562,0.00015530889130996442,150,nan,nan,0,16.71683018785666,0.08972553729762459,150,9.805501710191868,0.15863660952569875,150,13.4444943143,0.0,150,8.671723777139999,1.4552482250689998e-16,150,0.9103356875054733,0.03268724275679129,150,1.6775656116489999,0.029776026492995784,150,0.10497747747746786,0.003769405437352064,150,0.193452380952396,0.003433691761663,150,3.611979087973677,2.0,5.611979087973677,2.388020912026323
8,8,3,1.0,6.0,4.0,0.42858909112666,0.0011170644858796619,150,1.0277609858084666,0.0001700256608736638,150,0.8404074466926332,0.011950811167025406,150,0.49832858586872003,0.0063760064991181436,150,0.4208653726544466,0.004011335753202463,150,0.119374507448478,0.0028839045362299815,150,17.5635003410258,0.7692461125279462,150,0.004594166973849067,0.00020121530539574684,150,nan,nan,0,17.50409882237467,0.03814449486975768,150,6.689254058363534,0.10290334581523472,150,16.1333931772,0.0,150,8.671723777139999,1.4552482250689998e-16,150,0.9715232365505521,0.03682081200500532,150,1.7267556020576202,0.03659980287228592,150,0.11203346203346401,0.004246077590952863,150,0.19912483912483467,0.004220591408689047,150,2.264209374258406,2.0,4.264209374258407,1.7357906257415938
8,8,3,1.0,7.0,4.0,0.41757617814796,0.0009684344848848538,150,1.0272263816132665,0.00013479330867574563,150,0.5259546469137799,0.008308099106321023,150,0.41746440562551995,0.006860542562871421,150,0.3718078375706267,0.004328550606184947,150,0.1559139976681747,0.003883118125852107,150,13.298296874623134,0.5883487429023698,150,0.0034784977438194666,0.0001538971339008593,150,nan,nan,0,19.977412117186667,0.031462649213477675,150,6.599429311941534,0.09739371639780554,150,18.822292040000008,5.820992900275999e-16,150,8.671723777139999,1.4552482250689998e-16,150,0.9589397506317933,0.03748350981609384,150,1.6712320167407602,0.04201804048409067,150,0.11058236808231295,0.0043224981306399166,150,0.192722007722002,0.004845408083092902,150,1.8808939232715733,2.0,3.8808939232715733,2.1191060767284267
8,8,3,1.0,8.0,4.0,0.4106360570733267,0.001015415066131546,150,1.0272756665798666,7.849300202426722e-05,150,0.3449874463305267,0.004685584285616062,150,0.36625146927164,0.006558526608790487,150,0.34091444605017995,0.004095669052128244,150,0.17980429827190333,0.003976975374652857,150,11.065397358547667,0.4766385034410241,150,0.0028944277683884004,0.00012467656380872692,150,nan,nan,0,22.56598136478067,0.028408550547922223,150,6.720356310780133,0.09862279057167826,150,21.5111909029,0.0,150,8.671723777139999,1.4552482250689998e-16,150,0.9802842444848666,0.03450157972098161,150,1.6874426715492734,0.03557054210372767,150,0.11304375804373867,0.0039786299249959444,150,0.19459137709140065,0.004101899808836338,150,1.7251123788764566,2.0,3.7251123788764566,2.2748876211235434
8,8,3,1.0,9.0,4.0,0.41074950313293335,0.0012338226479187788,150,1.0275590410170665,3.0403909722669324e-05,150,0.24455191505701998,0.0027716383892554047,150,0.3468254887513933,0.008317381732858235,150,0.32917627628353996,0.005124537508323882,150,0.19292977528231,0.00510945825251752,150,11.330977844794932,0.7131587582245406,150,0.002963896898978753,0.00018654427366588075,150,nan,nan,0,25.067215462586,0.02730993173424014,150,6.400859958190534,0.11176038598060052,150,24.200089765699996,2.9104964501379997e-16,150,8.671723777139999,1.4552482250689998e-16,150,0.9735042287908994,0.04049810897410083,150,1.7172412590463804,0.041641638813768915,150,0.11226190476191093,0.004670133645269834,150,0.19802767052768733,0.004802002448872729,150,1.536190751022921,2.0,3.5361907510229207,2.4638092489770793
8,8,3,1.0,10.0,3.0,0.42174848301783335,0.0013442768576552746,150,1.0280287304270666,6.128192684039466e-06,150,0.1686640425298933,0.00040628899000684737,150,0.4171868416267133,0.007598267805211065,150,0.3756980434751,0.004340398134713168,150,0.14566811476848868,0.0034207621434162476,150,16.323061263916735,0.6660462986630441,150,0.004269699519726733,0.0001742208471522613,150,nan,nan,0,27.336947287203337,0.013157557075581094,150,4.8441619032648005,0.07556800774563321,150,26.8889886286,0.0,150,8.671723777139999,1.4552482250689998e-16,150,1.2767634492982334,0.037197217476517254,150,2.1212241695006004,0.034804809887075176,150,0.1472329472329687,0.004289483663514426,150,0.24461389961392002,0.0040135976169837695,150,1.3939671605614987,2.0,3.3939671605614987,1.6060328394385013
