L,N,nmax,filling,U,W,r_mean,r_mean_stderr,r_mean_n,onsite_pair_density,onsite_pair_density_stderr,onsite_pair_density_n,onsite_pair_variance,onsite_pair_variance_stderr,onsite_pair_variance_n,charge_fluctuation,charge_fluctuation_stderr,charge_fluctuation_n,fock_entropy_normalized,fock_entropy_normalized_stderr,fock_entropy_normalized_n,ipr,ipr_stderr,ipr_n,pr,pr_stderr,pr_n,pr_normalized,pr_normalized_stderr,pr_normalized_n,entanglement_entropy,entanglement_entropy_stderr,entanglement_entropy_n,diag_std,diag_std_stderr,diag_std_n,disorder_diag_std,disorder_diag_std_stderr,disorder_diag_std_n,interaction_diag_std,interaction_diag_std_stderr,interaction_diag_std_n,connectivity_mean,connectivity_mean_stderr,connectivity_mean_n,Nres_mean_l1.0,Nres_mean_l1.0_stderr,Nres_mean_l1.0_n,Nres_mean_l2.0,Nres_mean_l2.0_stderr,Nres_mean_l2.0_n,fres_l1.0,fres_l1.0_stderr,fres_l1.0_n,fres_l2.0,fres_l2.0_stderr,fres_l2.0_n
8,4,1,0.5,1.0,1.0,0.376729669993306,0.0030576344687145676,1000,0.0,0.0,1000,0.0,0.0,1000,0.220342955820023,0.00017028096141269745,1000,0.809323010221771,0.0004777817507655521,1000,0.0487009145761447,0.00018185875408318765,1000,23.1897142980439,0.06504059746888682,1000,0.33128163282919504,0.0009291513924121681,1000,nan,nan,0,0.803911828308697,0.005161675681538421,1000,0.803911828308697,0.005161675681538421,1000,0.0,0.0,1000,4.57142857143,0.0,1000,3.41714285714174,0.02405009310602666,1000,4.57142857143,0.0,1000,0.7475,0.00526095786693618,1000,1.0,0.0,1000
8,5,1,0.625,1.0,1.0,0.379799760176102,0.0027780927044420882,1000,0.0,0.0,1000,0.0,0.0,1000,0.2097925559861,0.0001187748347440524,1000,0.814843211390584,0.00033998738878691074,1000,0.053936396450169594,0.00012360156314579346,1000,20.0068755067346,0.04159343568754738,1000,0.357265634048803,0.0007427399229928879,1000,nan,nan,0,0.772366919252913,0.004580906746906196,1000,0.772366919252913,0.004580906746906196,1000,0.0,0.0,1000,4.28571428571,0.0,1000,3.2582142857147782,0.02226279945067445,1000,4.28571428571,0.0,1000,0.76025,0.005194653205164125,1000,1.0,0.0,1000
8,6,1,0.75,1.0,1.0,0.408658955513577,0.00336708741572834,1000,0.0,0.0,1000,0.0,0.0,1000,0.167137688029659,0.00012130734406290289,1000,0.804883304778592,0.0004974636192421482,1000,0.092155634748897,0.00024281267741299882,1000,11.54677134562831,0.028867797889678765,1000,0.412384690915258,0.0010309927817735802,1000,nan,nan,0,0.7080227684130229,0.004300055196335307,1000,0.7080227684130229,0.004300055196335307,1000,0.0,0.0,1000,3.4285714285700006,1.4050360811886545e-17,1000,2.589000000001076,0.018076866986773316,1000,3.4285714285700006,1.4050360811886545e-17,1000,0.755125,0.005272419537819689,1000,1.0,0.0,1000
8,7,1,0.875,1.0,1.0,0.31122231132424505,0.006379683712380522,1000,0.0,0.0,1000,0.0,0.0,1000,0.0996693355799714,7.025373310100634e-05,1000,0.8300004577619841,0.0011034335868939755,1000,0.20264531536029198,0.0005620298648069913,1000,5.022190776501669,0.013793211209179822,1000,0.627773847062705,0.0017241514011483933,1000,nan,nan,0,0.564672387850456,0.003524309001706133,1000,0.564672387850456,0.003524309001706133,1000,0.0,0.0,1000,2.0,0.0,1000,1.50675,0.010630378283130024,1000,2.0,0.0,1000,0.753375,0.005315189141565012,1000,1.0,0.0,1000
8,8,1,1.0,1.0,1.0,nan,nan,0,0.0,0.0,1000,0.0,0.0,1000,0.0,0.0,1000,nan,nan,0,1.0,0.0,1000,1.0,0.0,1000,1.0,0.0,1000,nan,nan,0,nan,nan,0,nan,nan,0,nan,nan,0,0.0,0.0,1000,0.0,0.0,1000,0.0,0.0,1000,nan,nan,0,nan,nan,0
8,4,1,0.5,1.0,2.0,0.3881264995424108,0.0029790382230655303,1000,0.0,0.0,1000,0.0,0.0,1000,0.202027295683163,0.0004288459850096836,1000,0.750546159981037,0.0014097130401478054,1000,0.07204562130788261,0.0006820454707945501,1000,16.78136413545775,0.1233040116827227,1000,0.23973377336369997,0.0017614858811816241,1000,nan,nan,0,1.6055986187293152,0.009950123164686136,1000,1.6055986187293152,0.009950123164686136,1000,0.0,0.0,1000,4.57142857143,0.0,1000,2.01257142857131,0.02508723355915954,1000,3.4405714285704097,0.0236593047547547,1000,0.44025,0.005487832341080019,1000,0.752625,0.005175472915096252,1000
8,5,1,0.625,1.0,2.0,0.392381419861639,0.002712478692983854,1000,0.0,0.0,1000,0.0,0.0,1000,0.19186051085072597,0.00038445660702783466,1000,0.7555856181885751,0.0013126985601145588,1000,0.0795276500149132,0.0006586229805789028,1000,14.699118516463132,0.09944661022082711,1000,0.26248425922256596,0.0017758323253723963,1000,nan,nan,0,1.5554864142045681,0.009819119738324302,1000,1.5554864142045681,0.009819119738324302,1000,0.0,0.0,1000,4.28571428571,0.0,1000,1.913035714286072,0.024869574982117195,1000,3.24053571428611,0.022756215952916985,1000,0.446375,0.005802900829157175,1000,0.756125,0.005309783722354252,1000
8,6,1,0.75,1.0,2.0,0.403716355275895,0.0031078019883800235,1000,0.0,0.0,1000,0.0,0.0,1000,0.153803723735061,0.00034125422064465314,1000,0.74606642182994,0.0016040548200804128,1000,0.1266999112969682,0.0010169293898491917,1000,9.059276831525489,0.05889393435168205,1000,0.32354560112586295,0.0021033547982744253,1000,nan,nan,0,1.410424552635855,0.008486051007663477,1000,1.410424552635855,0.008486051007663477,1000,0.0,0.0,1000,3.4285714285700006,1.4050360811886545e-17,1000,1.5231428571433718,0.01980361385957478,1000,2.583428571429623,0.018418916389664367,1000,0.44425,0.005776054042363203,1000,0.7535,0.005372183946995892,1000
8,7,1,0.875,1.0,2.0,0.5277926117703438,0.007639726252693659,1000,0.0,0.0,1000,0.0,0.0,1000,0.0938238037286312,0.00020094678398533577,1000,0.7783622060690809,0.0019582223284835346,1000,0.24940957017097098,0.0016075742718822256,1000,4.2734834596614,0.022730953200185748,1000,0.534185432457685,0.0028413691500232896,1000,nan,nan,0,1.135768448412725,0.006993427022711198,1000,1.135768448412725,0.006993427022711198,1000,0.0,0.0,1000,2.0,0.0,1000,0.87525,0.011407456665162817,1000,1.4905,0.010944383469594325,1000,0.437625,0.0057037283325814085,1000,0.74525,0.005472191734797163,1000
8,8,1,1.0,1.0,2.0,nan,nan,0,0.0,0.0,1000,0.0,0.0,1000,0.0,0.0,1000,nan,nan,0,1.0,0.0,1000,1.0,0.0,1000,1.0,0.0,1000,nan,nan,0,nan,nan,0,nan,nan,0,nan,nan,0,0.0,0.0,1000,0.0,0.0,1000,0.0,0.0,1000,nan,nan,0,nan,nan,0
8,4,1,0.5,1.0,3.0,0.38998281107514593,0.002973889400435081,1000,0.0,0.0,1000,0.0,0.0,1000,0.180065019023596,0.0006978033192510106,1000,0.6670224356551271,0.0024081880429739884,1000,0.11501723173455063,0.0015357001915162576,1000,11.566093693916141,0.13305837149481575,1000,0.16522990991308012,0.0019008338784970514,1000,nan,nan,0,2.4167470003303952,0.015505292991809133,1000,2.4167470003303952,0.015505292991809133,1000,0.0,0.0,1000,4.57142857143,0.0,1000,1.4028571428582126,0.023627619152893395,1000,2.5594285714273775,0.027055805070535625,1000,0.306875,0.005168541689703025,1000,0.559875,0.005918457359186811,1000
8,5,1,0.625,1.0,3.0,0.39853954806596803,0.002678371288943257,1000,0.0,0.0,1000,0.0,0.0,1000,0.16839244245861398,0.000656046350976739,1000,0.6625197426963529,0.002420229898990755,1000,0.1312081231416403,0.001607235553470392,1000,9.94029107226871,0.11152329985173191,1000,0.17750519771906728,0.001991487497351993,1000,nan,nan,0,2.344738612510211,0.014369063627079374,1000,2.344738612510211,0.014369063627079374,1000,0.0,0.0,1000,4.28571428571,0.0,1000,1.3023214285714921,0.02232698772473955,1000,2.34428571428665,0.02595297131324392,1000,0.303875,0.005209630469104754,1000,0.547,0.006055693306420118,1000
8,6,1,0.75,1.0,3.0,0.411801133357464,0.003025170579057524,1000,0.0,0.0,1000,0.0,0.0,1000,0.13589199787733913,0.0005303666178321998,1000,0.6543836200339851,0.0025344045602111766,1000,0.1893177718530419,0.0019800322048216246,1000,6.571755435146899,0.06371368445073021,1000,0.2347055512552485,0.002275488730383146,1000,nan,nan,0,2.131218719414218,0.013131039906501808,1000,2.131218719414218,0.013131039906501808,1000,0.0,0.0,1000,3.4285714285700006,1.4050360811886545e-17,1000,1.0289999999997559,0.017845937282145126,1000,1.8934285714300108,0.02003525115492033,1000,0.300125,0.005205065040619289,1000,0.55225,0.005843614920178718,1000
8,7,1,0.875,1.0,3.0,0.5450703440737938,0.007121263277820812,1000,0.0,0.0,1000,0.0,0.0,1000,0.0848400145931513,0.00031572386743018515,1000,0.688198635239816,0.00294021170369262,1000,0.321279883254812,0.00252579093944068,1000,3.4404216501864804,0.02468958973502861,1000,0.430052706273326,0.0030861987168778323,1000,nan,nan,0,1.683591214810886,0.010508893465834845,1000,1.683591214810886,0.010508893465834845,1000,0.0,0.0,1000,2.0,0.0,1000,0.6185,0.010550785234714479,1000,1.12375,0.011874950608400523,1000,0.30925,0.005275392617357239,1000,0.561875,0.0059374753042002616,1000
8,8,1,1.0,1.0,3.0,nan,nan,0,0.0,0.0,1000,0.0,0.0,1000,0.0,0.0,1000,nan,nan,0,1.0,0.0,1000,1.0,0.0,1000,1.0,0.0,1000,nan,nan,0,nan,nan,0,nan,nan,0,nan,nan,0,0.0,0.0,1000,0.0,0.0,1000,0.0,0.0,1000,nan,nan,0,nan,nan,0
8,4,1,0.5,1.0,4.0,0.3918544671678917,0.002970033488919168,1000,0.0,0.0,1000,0.0,0.0,1000,0.1574551435968994,0.0008666639093884148,1000,0.579138375993989,0.0030097339525288146,1000,0.1727316290333708,0.002427307283680298,1000,8.07670674916706,0.11588012020604439,1000,0.1153815249881037,0.0016554302886577566,1000,nan,nan,0,3.228168638289256,0.019472093390147396,1000,3.228168638289256,0.019472093390147396,1000,0.0,0.0,1000,4.57142857143,0.0,1000,1.0765714285729417,0.021532805263574067,1000,2.026857142857013,0.02537402021996959,1000,0.2355,0.004710301151406027,1000,0.443375,0.005550566923132102,1000
8,5,1,0.625,1.0,4.0,0.398490018270837,0.0026586769919360984,1000,0.0,0.0,1000,0.0,0.0,1000,0.14965559126718322,0.0007991976099741619,1000,0.582603338751146,0.0030061555234847954,1000,0.18514479234749312,0.0024509912628785783,1000,7.34166694887813,0.09814661850015098,1000,0.13110119551567867,0.0017526181875024789,1000,nan,nan,0,3.11863946776618,0.01981356730972148,1000,3.11863946776618,0.01981356730972148,1000,0.0,0.0,1000,4.28571428571,0.0,1000,1.002857142857236,0.020477163186615403,1000,1.9023214285719459,0.024860563299280245,1000,0.234,0.004778004743544039,1000,0.443875,0.005800798103160774,1000
8,6,1,0.75,1.0,4.0,0.41578501995374995,0.0031042352377861704,1000,0.0,0.0,1000,0.0,0.0,1000,0.12006619124579189,0.0006511141013162797,1000,0.571618424001481,0.003087108379413377,1000,0.2551316257863421,0.002786883554135147,1000,5.032412250034979,0.057639041577257265,1000,0.1797290089298306,0.002058537199187325,1000,nan,nan,0,2.81270149619289,0.018135114517031564,1000,2.81270149619289,0.018135114517031564,1000,0.0,0.0,1000,3.4285714285700006,1.4050360811886545e-17,1000,0.7958571428565999,0.0168625244992435,1000,1.5240000000006197,0.020097500894313666,1000,0.232125,0.004918236312279375,1000,0.4445,0.005861771094162613,1000
8,7,1,0.875,1.0,4.0,0.521080726666183,0.006536384208248344,1000,0.0,0.0,1000,0.0,0.0,1000,0.07475547991595231,0.00040839639856421125,1000,0.590677500314154,0.0034747367429407883,1000,0.40195616067238,0.0032671711885129797,1000,2.80523017296927,0.02310981600789903,1000,0.350653771621144,0.002888727000987483,1000,nan,nan,0,2.282607026019681,0.013041841469118425,1000,2.282607026019681,0.013041841469118425,1000,0.0,0.0,1000,2.0,0.0,1000,0.4615,0.009564739109575037,1000,0.8625,0.011498955429776045,1000,0.23075,0.004782369554787519,1000,0.43125,0.005749477714888022,1000
8,8,1,1.0,1.0,4.0,nan,nan,0,0.0,0.0,1000,0.0,0.0,1000,0.0,0.0,1000,nan,nan,0,1.0,0.0,1000,1.0,0.0,1000,1.0,0.0,1000,nan,nan,0,nan,nan,0,nan,nan,0,nan,nan,0,0.0,0.0,1000,0.0,0.0,1000,0.0,0.0,1000,nan,nan,0,nan,nan,0
8,4,1,0.5,1.0,5.0,0.39661593146056495,0.0030432355771879906,1000,0.0,0.0,1000,0.0,0.0,1000,0.13797220551217898,0.0009638997582342616,1000,0.503083562549555,0.003309940177175967,1000,0.2345619285243348,0.0032423611851241114,1000,5.980873246620329,0.09360909494896366,1000,0.08544104638028989,0.0013372727849852739,1000,nan,nan,0,4.0537212138876,0.02482012899475171,1000,4.0537212138876,0.02482012899475171,1000,0.0,0.0,1000,4.57142857143,0.0,1000,0.8622857142871281,0.01960504804712963,1000,1.641142857143703,0.02356973027516401,1000,0.188625,0.004288604260304452,1000,0.359,0.005155878497703673,1000
8,5,1,0.625,1.0,5.0,0.39575278479276504,0.0026989281331692245,1000,0.0,0.0,1000,0.0,0.0,1000,0.1313252533527652,0.0009109003876146157,1000,0.506443997282494,0.00339021787804329,1000,0.24894127018263748,0.003331595533893341,1000,5.57369900350176,0.08216338979611144,1000,0.09953033934824129,0.0014672033892159896,1000,nan,nan,0,3.9123677304090503,0.02515514437931654,1000,3.9123677304090503,0.02515514437931654,1000,0.0,0.0,1000,4.28571428571,0.0,1000,0.831428571428598,0.019065427646596907,1000,1.5262500000001942,0.02336415217425102,1000,0.194,0.004448599784206266,1000,0.356125,0.005451635507322983,1000
8,6,1,0.75,1.0,5.0,0.415136642623623,0.0030808056619116477,1000,0.0,0.0,1000,0.0,0.0,1000,0.1049655556124271,0.0007139495501188014,1000,0.492498041835589,0.003314047304134454,1000,0.325762449378537,0.0034166406440989425,1000,3.9611994930230097,0.0484205286803953,1000,0.14147141046510342,0.0017293045957281921,1000,nan,nan,0,3.5500255898509803,0.02089664217936427,1000,3.5500255898509803,0.02089664217936427,1000,0.0,0.0,1000,3.4285714285700006,1.4050360811886545e-17,1000,0.642428571428035,0.01485357223699952,1000,1.220142857142765,0.018420787916632812,1000,0.187375,0.004332291902460882,1000,0.355875,0.005372729809007763,1000
8,7,1,0.875,1.0,5.0,0.4921870795203462,0.006421338015081502,1000,0.0,0.0,1000,0.0,0.0,1000,0.06587283348704968,0.0004925533558413657,1000,0.511695139226414,0.003992841576637606,1000,0.473017332103612,0.003940426846731595,1000,2.41262377644617,0.021924384473936104,1000,0.301577972055801,0.0027405480592423833,1000,nan,nan,0,2.8369818389077732,0.01789728948191464,1000,2.8369818389077732,0.01789728948191464,1000,0.0,0.0,1000,2.0,0.0,1000,0.37625,0.008836091557584384,1000,0.7075,0.011183417135152335,1000,0.188125,0.004418045778792192,1000,0.35375,0.005591708567576167,1000
8,8,1,1.0,1.0,5.0,nan,nan,0,0.0,0.0,1000,0.0,0.0,1000,0.0,0.0,1000,nan,nan,0,1.0,0.0,1000,1.0,0.0,1000,1.0,0.0,1000,nan,nan,0,nan,nan,0,nan,nan,0,nan,nan,0,0.0,0.0,1000,0.0,0.0,1000,0.0,0.0,1000,nan,nan,0,nan,nan,0
8,4,1,0.5,1.0,6.0,0.39235483004610294,0.003102942794789816,1000,0.0,0.0,1000,0.0,0.0,1000,0.124821698651078,0.0010260177256977187,1000,0.452085339719218,0.0034948396463655605,1000,0.28175300756109767,0.003821404356316887,1000,4.97307221153745,0.08345064360081618,1000,0.0710438887362446,0.0011921520514396634,1000,nan,nan,0,4.81973748209977,0.030882591869964667,1000,4.81973748209977,0.030882591869964667,1000,0.0,0.0,1000,4.57142857143,0.0,1000,0.752000000001236,0.01850928674308133,1000,1.3862857142871672,0.023478776953918562,1000,0.1645,0.004048906475042816,1000,0.30325,0.005135982458674856,1000
8,5,1,0.625,1.0,6.0,0.397451669606189,0.0028630449782386788,1000,0.0,0.0,1000,0.0,0.0,1000,0.11474808991593051,0.0009368046146047914,1000,0.440214576544001,0.0034174759225777626,1000,0.3126265369141863,0.0038268138762289593,1000,4.3568088120732,0.06715752357287033,1000,0.0778001573584514,0.0011992414923724603,1000,nan,nan,0,4.647918182621121,0.029468544751874715,1000,4.647918182621121,0.029468544751874715,1000,0.0,0.0,1000,4.28571428571,0.0,1000,0.655178571428602,0.017477224627399247,1000,1.287857142857228,0.022311188127181695,1000,0.152875,0.004078019079726652,1000,0.3005,0.005205943896341166,1000
8,6,1,0.75,1.0,6.0,0.411751558883028,0.003077738018457475,1000,0.0,0.0,1000,0.0,0.0,1000,0.0928573598775151,0.0007476131639912382,1000,0.43105632880664907,0.003362304687260942,1000,0.38776037383041595,0.0038504403648779383,1000,3.27729647542147,0.041353611278348586,1000,0.1170463026936247,0.001476914688512777,1000,nan,nan,0,4.24181758090782,0.025537387941356234,1000,4.24181758090782,0.025537387941356234,1000,0.0,0.0,1000,3.4285714285700006,1.4050360811886545e-17,1000,0.5365714285710199,0.013963522462155695,1000,1.035857142856715,0.01737038518002365,1000,0.1565,0.004072694051464809,1000,0.302125,0.0050663623441678934,1000
8,7,1,0.875,1.0,6.0,0.4876676300712208,0.006663147884556566,1000,0.0,0.0,1000,0.0,0.0,1000,0.0592750095049789,0.000519646994135206,1000,0.452388289278059,0.00402859624296452,1000,0.525799923960187,0.004157175953081512,1000,2.16545272931786,0.019374494484350583,1000,0.270681591164701,0.0024218118105445237,1000,nan,nan,0,3.42213971161228,0.020800064369628495,1000,3.42213971161228,0.020800064369628495,1000,0.0,0.0,1000,2.0,0.0,1000,0.32575,0.008457006471468402,1000,0.62,0.01080355111603202,1000,0.162875,0.004228503235734201,1000,0.31,0.00540177555801601,1000
8,8,1,1.0,1.0,6.0,nan,nan,0,0.0,0.0,1000,0.0,0.0,1000,0.0,0.0,1000,nan,nan,0,1.0,0.0,1000,1.0,0.0,1000,1.0,0.0,1000,nan,nan,0,nan,nan,0,nan,nan,0,nan,nan,0,0.0,0.0,1000,0.0,0.0,1000,0.0,0.0,1000,nan,nan,0,nan,nan,0
8,4,1,0.5,1.0,7.0,0.39656743327952204,0.0030830547349764083,1000,0.0,0.0,1000,0.0,0.0,1000,0.1105794503035714,0.0010613328318526177,1000,0.39797256762151595,0.003555272841342301,1000,0.33922346964750977,0.004374787158274404,1000,4.09217438566501,0.07027226913705016,1000,0.0584596340809236,0.001003889559100419,1000,nan,nan,0,5.641295803814329,0.03442837745443889,1000,5.641295803814329,0.03442837745443889,1000,0.0,0.0,1000,4.57142857143,0.0,1000,0.6440000000009761,0.018050892850292762,1000,1.240000000001287,0.02382822088701616,1000,0.140875,0.003948632810996241,1000,0.27125,0.005212423319038551,1000
8,5,1,0.625,1.0,7.0,0.39701408477419103,0.0028321682054504474,1000,0.0,0.0,1000,0.0,0.0,1000,0.10431355065970431,0.0009929199496137367,1000,0.396197916921576,0.0035374694813792604,1000,0.35949386677003586,0.004408275337638745,1000,3.76719713339196,0.05910478268300733,1000,0.06727137738199492,0.0010554425479105012,1000,nan,nan,0,5.48823512571432,0.034326050109347056,1000,5.48823512571432,0.034326050109347056,1000,0.0,0.0,1000,4.28571428571,0.0,1000,0.6080357142857761,0.01675127048826908,1000,1.154464285714278,0.021645824634834995,1000,0.141875,0.003908629780595978,1000,0.269375,0.0050506924147951104,1000
8,6,1,0.75,1.0,7.0,0.41544928156414895,0.0032701699315862286,1000,0.0,0.0,1000,0.0,0.0,1000,0.0837535952201264,0.0007880158498953104,1000,0.3859620272452551,0.003461472580401458,1000,0.43737311804411105,0.00429180024867192,1000,2.8998394602696598,0.037948257190626014,1000,0.1035656950096324,0.001355294899666128,1000,nan,nan,0,4.97107912004496,0.030681211748155003,1000,4.97107912004496,0.030681211748155003,1000,0.0,0.0,1000,3.4285714285700006,1.4050360811886545e-17,1000,0.48728571428537093,0.013668998316779615,1000,0.9171428571424189,0.01720708688132082,1000,0.142125,0.003986791175730035,1000,0.2675,0.0050187336737156805,1000
8,7,1,0.875,1.0,7.0,0.47346659036631833,0.006532404139856794,1000,0.0,0.0,1000,0.0,0.0,1000,0.0529997727210964,0.0005338270245692665,1000,0.400169038691127,0.0040055447893622975,1000,0.5760018182312221,0.004270616196554071,1000,1.96313626071274,0.01725498998701925,1000,0.24539203258907702,0.0021568737483774673,1000,nan,nan,0,3.94069437356679,0.025404441809494215,1000,3.94069437356679,0.025404441809494215,1000,0.0,0.0,1000,2.0,0.0,1000,0.26475,0.007551619989410515,1000,0.5175,0.00971020278047982,1000,0.132375,0.0037758099947052576,1000,0.25875,0.00485510139023991,1000
8,8,1,1.0,1.0,7.0,nan,nan,0,0.0,0.0,1000,0.0,0.0,1000,0.0,0.0,1000,nan,nan,0,1.0,0.0,1000,1.0,0.0,1000,1.0,0.0,1000,nan,nan,0,nan,nan,0,nan,nan,0,nan,nan,0,0.0,0.0,1000,0.0,0.0,1000,0.0,0.0,1000,nan,nan,0,nan,nan,0
8,4,1,0.5,1.0,8.0,0.3888641077437895,0.00320376626992939,1000,0.0,0.0,1000,0.0,0.0,1000,0.10066432419233459,0.0010365512787511681,1000,0.35973911334466047,0.0034473813250407116,1000,0.38226711360149307,0.00466639932807937,1000,3.52466527415191,0.0556370284301838,1000,0.050352361059314496,0.000794814691859808,1000,nan,nan,0,6.4904160033070895,0.040087668389316926,1000,6.4904160033070895,0.040087668389316926,1000,0.0,0.0,1000,4.57142857143,0.0,1000,0.545142857143677,0.016290191832591498,1000,1.074285714287145,0.02123517283231519,1000,0.11925,0.0035634794633736685,1000,0.235,0.0046451940570688575,1000
8,5,1,0.625,1.0,8.0,0.400429068427591,0.002894691888124476,1000,0.0,0.0,1000,0.0,0.0,1000,0.0929879949268571,0.0010154603305986005,1000,0.3516936628955687,0.0035149495085778377,1000,0.41376906214289577,0.0047987333790337,1000,3.22669578615346,0.05221734005710741,1000,0.057619567609880205,0.0009324525010199375,1000,nan,nan,0,6.25765319244454,0.037497493680639656,1000,6.25765319244454,0.037497493680639656,1000,0.0,0.0,1000,4.28571428571,0.0,1000,0.512142857142854,0.01586420819559193,1000,0.977142857142824,0.020261437065378866,1000,0.1195,0.0037016485789715644,1000,0.228,0.004727668648588948,1000
8,6,1,0.75,1.0,8.0,0.407031012809566,0.0032571727872591173,1000,0.0,0.0,1000,0.0,0.0,1000,0.0767719430266294,0.0007885364143028884,1000,0.35219033414393397,0.003425854573553902,1000,0.476501176304047,0.0044411540627272384,1000,2.6159013655967702,0.033276025486677525,1000,0.0934250487713206,0.0011884294816669869,1000,nan,nan,0,5.65860289913749,0.03456527261048587,1000,5.65860289913749,0.03456527261048587,1000,0.0,0.0,1000,3.4285714285700006,1.4050360811886545e-17,1000,0.4152857142854049,0.012353491474417949,1000,0.8194285714279731,0.01601075204091346,1000,0.121125,0.003603101680041339,1000,0.239,0.0046698026785997136,1000
8,7,1,0.875,1.0,8.0,0.47112877190728975,0.006948841801455043,1000,0.0,0.0,1000,0.0,0.0,1000,0.04714940639476621,0.0005443726697843479,1000,0.3521780274066376,0.003901425963214786,1000,0.622804748841874,0.004354981358275496,1000,1.8026117199312197,0.015284523752511048,1000,0.22532646499139702,0.0019105654690634208,1000,nan,nan,0,4.56147199615717,0.028105579778585976,1000,4.56147199615717,0.028105579778585976,1000,0.0,0.0,1000,2.0,0.0,1000,0.2355,0.00704196984794307,1000,0.45525,0.009664540384355628,1000,0.11775,0.003520984923971535,1000,0.227625,0.004832270192177814,1000
8,8,1,1.0,1.0,8.0,nan,nan,0,0.0,0.0,1000,0.0,0.0,1000,0.0,0.0,1000,nan,nan,0,1.0,0.0,1000,1.0,0.0,1000,1.0,0.0,1000,nan,nan,0,nan,nan,0,nan,nan,0,nan,nan,0,0.0,0.0,1000,0.0,0.0,1000,0.0,0.0,1000,nan,nan,0,nan,nan,0
8,4,1,0.5,1.0,9.0,0.38592982681044363,0.003179009654149301,1000,0.0,0.0,1000,0.0,0.0,1000,0.0908697929398905,0.0010857522266459912,1000,0.32454100994006463,0.00352964952644641,1000,0.4289538095555031,0.005208267119190215,1000,3.12207234825676,0.05136919753391125,1000,0.0446010335465313,0.0007338456790563283,1000,nan,nan,0,7.25114039674796,0.044986522287157396,1000,7.25114039674796,0.044986522287157396,1000,0.0,0.0,1000,4.57142857143,0.0,1000,0.498285714286534,0.016024495559249265,1000,0.948000000001376,0.020666660735797367,1000,0.109,0.0035053584035783757,1000,0.207375,0.004520832035952818,1000
8,5,1,0.625,1.0,9.0,0.390451483793059,0.002823048507477581,1000,0.0,0.0,1000,0.0,0.0,1000,0.08751852988114239,0.0009930460820321639,1000,0.32972884131432,0.0034243691672249865,1000,0.439663558509737,0.004997511006504931,1000,2.96713211928844,0.043365925573576596,1000,0.05298450213015201,0.0007743915280995361,1000,nan,nan,0,6.99501011540712,0.04296946523829112,1000,6.99501011540712,0.04296946523829112,1000,0.0,0.0,1000,4.28571428571,0.0,1000,0.47571428571431806,0.01471226135941826,1000,0.8957142857142779,0.019608575443531784,1000,0.111,0.0034328609838638296,1000,0.209,0.004575334270158158,1000
8,6,1,0.75,1.0,9.0,0.4040227762865396,0.0033137941508439316,1000,0.0,0.0,1000,0.0,0.0,1000,0.0683029549705368,0.0008099267480348749,1000,0.31316362059719327,0.003433219912702595,1000,0.525913012894199,0.004795122351318016,1000,2.33775502443966,0.02953149359677599,1000,0.08349125087284821,0.0010546961998851134,1000,nan,nan,0,6.42003401446506,0.03808505514064586,1000,6.42003401446506,0.03808505514064586,1000,0.0,0.0,1000,3.4285714285700006,1.4050360811886545e-17,1000,0.3715714285711699,0.012061854130255949,1000,0.7049999999995651,0.016014879778927044,1000,0.108375,0.0035180407879935086,1000,0.205625,0.004671006602187336,1000
8,7,1,0.875,1.0,9.0,0.45323039705070256,0.006667162290572858,1000,0.0,0.0,1000,0.0,0.0,1000,0.04309857435344175,0.0005388855946826995,1000,0.3208591224986587,0.0037748879468019014,1000,0.655211405172445,0.004311084757462044,1000,1.7026297054544297,0.014435210944337666,1000,0.21282871318179297,0.0018044013680430663,1000,nan,nan,0,5.1697879905513,0.029841160851195928,1000,5.1697879905513,0.029841160851195928,1000,0.0,0.0,1000,2.0,0.0,1000,0.22075,0.007089230895851445,1000,0.41125,0.009301744995427469,1000,0.110375,0.0035446154479257226,1000,0.205625,0.004650872497713734,1000
8,8,1,1.0,1.0,9.0,nan,nan,0,0.0,0.0,1000,0.0,0.0,1000,0.0,0.0,1000,nan,nan,0,1.0,0.0,1000,1.0,0.0,1000,1.0,0.0,1000,nan,nan,0,nan,nan,0,nan,nan,0,nan,nan,0,0.0,0.0,1000,0.0,0.0,1000,0.0,0.0,1000,nan,nan,0,nan,nan,0
8,4,1,0.5,1.0,10.0,0.386714926412231,0.0031578069225490246,1000,0.0,0.0,1000,0.0,0.0,1000,0.08345710388310479,0.0010325529802762664,1000,0.298785538997637,0.003365518782303961,1000,0.4633720022192232,0.005180177558231623,1000,2.80111180646455,0.04503781766253796,1000,0.0400158829494919,0.000643397395178935,1000,nan,nan,0,8.030296291079619,0.049900512564768726,1000,8.030296291079619,0.049900512564768726,1000,0.0,0.0,1000,4.57142857143,0.0,1000,0.43714285714351503,0.014949814927113253,1000,0.820571428572732,0.019919176436724265,1000,0.095625,0.003270272015299958,1000,0.1795,0.0043573198455284685,1000
8,5,1,0.625,1.0,10.0,0.39541294046921305,0.0027895740591118347,1000,0.0,0.0,1000,0.0,0.0,1000,0.0787809618900053,0.000971465775187616,1000,0.2968180377459905,0.003325869424039324,1000,0.4831094507117998,0.005091620743589322,1000,2.6441158457626903,0.03982691100331552,1000,0.0472163543886196,0.0007111948393449685,1000,nan,nan,0,7.821733184850991,0.046801568673470934,1000,7.821733184850991,0.046801568673470934,1000,0.0,0.0,1000,4.28571428571,0.0,1000,0.41410714285713607,0.014316558963112035,1000,0.8014285714286381,0.018812781758479034,1000,0.096625,0.0033405304247257676,1000,0.187,0.0043896490769785934,1000
8,6,1,0.75,1.0,10.0,0.39903038632007964,0.003275746923665029,1000,0.0,0.0,1000,0.0,0.0,1000,0.06491847298746205,0.0008101706465063873,1000,0.29607443430254954,0.0034181557175123447,1000,0.5458741917635209,0.004850864697893252,1000,2.24550532334643,0.028315768811067128,1000,0.0801966186909381,0.0010112774575375466,1000,nan,nan,0,7.00822820810808,0.044423500245884644,1000,7.00822820810808,0.044423500245884644,1000,0.0,0.0,1000,3.4285714285700006,1.4050360811886545e-17,1000,0.33471428571400996,0.011593397960208794,1000,0.665571428570935,0.014984155387194305,1000,0.097625,0.0033814077383973224,1000,0.194125,0.004370378654600147,1000
8,7,1,0.875,1.0,10.0,0.4529418184823957,0.006678490340879796,1000,0.0,0.0,1000,0.0,0.0,1000,0.04098694606079199,0.0005290024675046327,1000,0.30278505699460684,0.0036500049609137467,1000,0.672104431513645,0.004232019740036942,1000,1.65219602485623,0.01328620234347447,1000,0.206524503107035,0.0016607752929331037,1000,nan,nan,0,5.65332235485119,0.03430745357307862,1000,5.65332235485119,0.03430745357307862,1000,0.0,0.0,1000,2.0,0.0,1000,0.202,0.006818540349113767,1000,0.3895,0.008999763649438008,1000,0.101,0.0034092701745568835,1000,0.19475,0.004499881824719004,1000
8,8,1,1.0,1.0,10.0,nan,nan,0,0.0,0.0,1000,0.0,0.0,1000,0.0,0.0,1000,nan,nan,0,1.0,0.0,1000,1.0,0.0,1000,1.0,0.0,1000,nan,nan,0,nan,nan,0,nan,nan,0,nan,nan,0,0.0,0.0,1000,0.0,0.0,1000,0.0,0.0,1000,nan,nan,0,nan,nan,0
