L,N,nmax,W,slope_vs_U,intercept,r2,n_U,mean_positive_step_fraction,monotone_decreasing_strict
6,3,2,1.0,-0.02205491860151396,0.7803790599355497,0.8080569767294252,10,0.0,1
6,3,2,2.0,-0.030873072602436474,0.7685716405264721,0.8211939692016936,10,0.0,1
6,3,2,3.0,-0.03678914436889496,0.7447667278313985,0.8838189842450794,10,0.0,1
6,3,2,4.0,-0.037781982365845436,0.7003250556782528,0.9236324206217158,10,0.0,1
6,3,2,5.0,-0.03547351748680556,0.6461767711869035,0.9521343685157192,10,0.0,1
6,3,2,6.0,-0.03366514003594455,0.6028931476086722,0.9705909345604415,10,0.1111111111111111,0
6,3,2,7.0,-0.0286353532375562,0.5462492603244252,0.9715830790087779,10,0.0,1
6,3,2,8.0,-0.026521935344183595,0.5109290731985467,0.9750665524672636,10,0.0,1
6,3,2,9.0,-0.021647274595701017,0.46405181333204043,0.9626421789804598,10,0.1111111111111111,0
6,3,2,10.0,-0.01871098878374142,0.42470886046723666,0.9710952496170903,10,0.0,1
6,3,2,11.0,-0.015444409616488712,0.3912958107997045,0.9528427168450486,10,0.0,1
6,3,2,12.0,-0.013568457027594558,0.36447956246778607,0.9704710551386918,10,0.0,1
6,3,2,13.0,-0.010588947681757867,0.3332484947047208,0.9376583835543251,10,0.1111111111111111,0
6,3,2,14.0,-0.00872301509369336,0.30907474693963083,0.9110507579899221,10,0.1111111111111111,0
6,3,2,15.0,-0.007383179918690893,0.29055788116608205,0.9122767550773966,10,0.1111111111111111,0
6,3,3,1.0,-0.023541080361668874,0.7757996281243686,0.7979154316606804,10,0.0,1
6,3,3,2.0,-0.032209547654564886,0.7581364028562395,0.8230886720329812,10,0.0,1
6,3,3,3.0,-0.03726733277184637,0.7240355546508355,0.8724823003575589,10,0.1111111111111111,0
6,3,3,4.0,-0.037942299155211176,0.6755841581823564,0.9157730674836284,10,0.0,1
6,3,3,5.0,-0.036763897094441354,0.6275277354381668,0.9322235956076792,10,0.0,1
6,3,3,6.0,-0.0340048934097911,0.5792217447795067,0.954308684556474,10,0.0,1
6,3,3,7.0,-0.030518324840163553,0.5310536119465052,0.9677589484184798,10,0.0,1
6,3,3,8.0,-0.02722980102086564,0.48957682103987143,0.9822800995297323,10,0.1111111111111111,0
6,3,3,9.0,-0.023406192556171126,0.4466429408111863,0.9829331991488408,10,0.0,1
6,3,3,10.0,-0.021319323180050045,0.4183583586430947,0.9772978685846639,10,0.0,1
6,3,3,11.0,-0.01803875856065248,0.38365755139792673,0.9707384096215693,10,0.1111111111111111,0
6,3,3,12.0,-0.016432310329416167,0.3620434971403105,0.9736159380654487,10,0.1111111111111111,0
6,3,3,13.0,-0.01519061316285414,0.34421473689219945,0.9907823481552462,10,0.0,1
6,3,3,14.0,-0.01201043854067543,0.3137438140035939,0.9496419974563818,10,0.1111111111111111,0
6,3,3,15.0,-0.01229902036793616,0.3049485099331663,0.9734667480550647,10,0.0,1
6,3,4,1.0,-0.02344213233974876,0.7758580867483241,0.7966075687772609,10,0.0,1
6,3,4,2.0,-0.0322752147948076,0.7600779167946726,0.8275878263677744,10,0.1111111111111111,0
6,3,4,3.0,-0.03680935234792165,0.7228611001531523,0.864300290678558,10,0.0,1
6,3,4,4.0,-0.03834201874433101,0.6782315034754054,0.9161078624148469,10,0.0,1
6,3,4,5.0,-0.03646721741224741,0.6258036311758867,0.9346385421858834,10,0.0,1
6,3,4,6.0,-0.03398019242188719,0.5763496325305849,0.9609851770371812,10,0.0,1
6,3,4,7.0,-0.031171377550050474,0.5347160254702193,0.9787069134119512,10,0.0,1
6,3,4,8.0,-0.02746497622107344,0.49035725689357235,0.9822215938754236,10,0.0,1
6,3,4,9.0,-0.024652044810171334,0.4543934829786008,0.985168731654274,10,0.0,1
6,3,4,10.0,-0.020701535634244157,0.41521185194241095,0.9879604252699467,10,0.0,1
6,3,4,11.0,-0.018494870735923475,0.3866086266563646,0.9808086017782427,10,0.1111111111111111,0
6,3,4,12.0,-0.016429618993355502,0.3639730911906861,0.9760044734102047,10,0.0,1
6,3,4,13.0,-0.013893012546836949,0.33281762547997634,0.9628265346690865,10,0.1111111111111111,0
6,3,4,14.0,-0.012093009019347643,0.3136184087507352,0.9595725700516974,10,0.1111111111111111,0
6,3,4,15.0,-0.010753880095127752,0.29708867193879795,0.9378152042524408,10,0.1111111111111111,0
6,3,5,1.0,-0.023384621925888832,0.7757304382163174,0.7927820667311396,10,0.0,1
6,3,5,2.0,-0.03226327067159182,0.7592410681494177,0.8297784224691804,10,0.0,1
6,3,5,3.0,-0.03713843819969214,0.7235880395876603,0.8683883006551263,10,0.0,1
6,3,5,4.0,-0.038336092633603255,0.67758852804117,0.9052680613915435,10,0.0,1
6,3,5,5.0,-0.03583347124445353,0.6229490633215591,0.9363802703230628,10,0.0,1
6,3,5,6.0,-0.03418071812407454,0.5799912567665075,0.962751656680035,10,0.0,1
6,3,5,7.0,-0.031007685552343806,0.5327915435032734,0.9794534676597784,10,0.0,1
6,3,5,8.0,-0.027537164579965773,0.4901293362800304,0.9796298817052084,10,0.0,1
6,3,5,9.0,-0.02418826366900858,0.45346411848792967,0.988561727671116,10,0.0,1
6,3,5,10.0,-0.02156816238759297,0.42039492505165055,0.9901314070735588,10,0.0,1
6,3,5,11.0,-0.018875844562800944,0.3906143901756435,0.991948365972889,10,0.0,1
6,3,5,12.0,-0.015971836869302567,0.3590550439922144,0.9576427279324379,10,0.1111111111111111,0
6,3,5,13.0,-0.014435148053970413,0.33960416877721294,0.9695009729015442,10,0.1111111111111111,0
6,3,5,14.0,-0.01313412068674573,0.32046001018733433,0.9684445092653831,10,0.1111111111111111,0
6,3,5,15.0,-0.01147336084169049,0.29928954256561213,0.9601929378775438,10,0.0,1
6,4,2,1.0,-0.010745498895152143,0.8185847804457134,0.8515999170390701,10,0.0,1
6,4,2,2.0,-0.016595391771206072,0.8010804785893876,0.8609971755786499,10,0.0,1
6,4,2,3.0,-0.023335987144645045,0.7660435094336564,0.8818485810614484,10,0.0,1
6,4,2,4.0,-0.027079690953697055,0.7176765436889264,0.9136690721261318,10,0.0,1
6,4,2,5.0,-0.02796246925370669,0.6643099375092936,0.9407326225494846,10,0.1111111111111111,0
6,4,2,6.0,-0.027433039661703268,0.6130359609229465,0.9577335063378284,10,0.0,1
6,4,2,7.0,-0.025822141173563167,0.5637911554077482,0.9743773974408055,10,0.0,1
6,4,2,8.0,-0.024055872499933666,0.5209498355238836,0.9795491505938252,10,0.0,1
6,4,2,9.0,-0.021707902120702505,0.4820237375542342,0.980003670665543,10,0.1111111111111111,0
6,4,2,10.0,-0.019899586996784794,0.4531573748769596,0.9858892365898579,10,0.0,1
6,4,2,11.0,-0.01681586932354885,0.41258170988513554,0.9753449627081052,10,0.0,1
6,4,2,12.0,-0.014392928949269567,0.38282227282274867,0.9806594523152024,10,0.0,1
6,4,2,13.0,-0.013221313416458247,0.36219290775536483,0.9780056206285425,10,0.0,1
6,4,2,14.0,-0.011964983791348425,0.3412489022347517,0.9827678690620395,10,0.1111111111111111,0
6,4,2,15.0,-0.009784468620533554,0.3130535052544905,0.9704949472925722,10,0.0,1
6,4,3,1.0,-0.029059242487746547,0.785388867551987,0.8102836123353692,10,0.0,1
6,4,3,2.0,-0.035671356608061096,0.7752864961529872,0.8250045696386317,10,0.0,1
6,4,3,3.0,-0.04017463959815239,0.747038404817091,0.8608959171102781,10,0.1111111111111111,0
6,4,3,4.0,-0.04150256833598934,0.7028252274624612,0.9015825598648094,10,0.0,1
6,4,3,5.0,-0.03971186294347914,0.6524135784143971,0.9275049421942756,10,0.0,1
6,4,3,6.0,-0.03730834693374607,0.6030565837054536,0.9445733512099519,10,0.0,1
6,4,3,7.0,-0.03408964953616017,0.5570147867019081,0.9564603584628576,10,0.0,1
6,4,3,8.0,-0.030742133175594932,0.5131044360001954,0.9713417913844253,10,0.0,1
6,4,3,9.0,-0.027892779688551327,0.4774625040772608,0.979003474696384,10,0.0,1
6,4,3,10.0,-0.025643122929011188,0.44717942064087024,0.9890540593546387,10,0.0,1
6,4,3,11.0,-0.022475656550725965,0.4131855581944032,0.9861898185795906,10,0.0,1
6,4,3,12.0,-0.02053471595552223,0.3904074556519803,0.9893731285747308,10,0.0,1
6,4,3,13.0,-0.01848278496274592,0.3640859953874846,0.9853500882757023,10,0.1111111111111111,0
6,4,3,14.0,-0.01607825961376903,0.33854522751284816,0.9735734763499709,10,0.1111111111111111,0
6,4,3,15.0,-0.014059087182688767,0.31546903758383504,0.9845494487638361,10,0.0,1
6,4,4,1.0,-0.030469202838286327,0.7735020390423385,0.7921274836998317,10,0.0,1
6,4,4,2.0,-0.036652238375207855,0.7630421615911819,0.8118627958591462,10,0.0,1
6,4,4,3.0,-0.04122127837940871,0.7358823232662333,0.8516712017717759,10,0.0,1
6,4,4,4.0,-0.041690548052629936,0.6886047283071661,0.8911979995401534,10,0.0,1
6,4,4,5.0,-0.040765496143135856,0.6434506463559715,0.9181035055935031,10,0.0,1
6,4,4,6.0,-0.03742615557919982,0.5912781494445762,0.9352230002611495,10,0.0,1
6,4,4,7.0,-0.03465463539671899,0.5478835150291728,0.9558346692849926,10,0.0,1
6,4,4,8.0,-0.03102648738863278,0.50644174873648,0.9686314178677757,10,0.0,1
6,4,4,9.0,-0.02889551895517417,0.473740452188743,0.9801925340202293,10,0.0,1
6,4,4,10.0,-0.026032740738861238,0.44052444336514857,0.9831090817061009,10,0.0,1
6,4,4,11.0,-0.02298289357342545,0.4086100496711334,0.9868170815606356,10,0.0,1
6,4,4,12.0,-0.02058220158644628,0.3811249593582477,0.9867326349829205,10,0.0,1
6,4,4,13.0,-0.018709338506697218,0.35962672131151635,0.9879843961978813,10,0.0,1
6,4,4,14.0,-0.016688724395447326,0.33729024131021995,0.9719733911034345,10,0.1111111111111111,0
6,4,4,15.0,-0.015349292181857137,0.3196896778238247,0.9811285246811846,10,0.1111111111111111,0
6,4,5,1.0,-0.03049358464951687,0.7737553155092664,0.7939209409622193,10,0.0,1
6,4,5,2.0,-0.03663041806120021,0.7621193412002925,0.8088622215939372,10,0.0,1
6,4,5,3.0,-0.041194922510166376,0.7352116428904611,0.8506832319450516,10,0.0,1
6,4,5,4.0,-0.04206651418885225,0.6920341021800049,0.8912559544671141,10,0.0,1
6,4,5,5.0,-0.040206651756635126,0.6411332802117158,0.9214696086650561,10,0.0,1
6,4,5,6.0,-0.038027272362169996,0.5960401151731902,0.9395446439464206,10,0.0,1
6,4,5,7.0,-0.034649541939071576,0.5483140083888698,0.9561178768204045,10,0.0,1
6,4,5,8.0,-0.031666815796859565,0.5095853785477814,0.9722587462013385,10,0.0,1
6,4,5,9.0,-0.02927584627815574,0.4749689188794598,0.9808074469715741,10,0.0,1
6,4,5,10.0,-0.025566031084805686,0.43733310035746753,0.981900800612118,10,0.1111111111111111,0
6,4,5,11.0,-0.02348752786761927,0.4118172455631312,0.985740244830994,10,0.0,1
6,4,5,12.0,-0.020565390357009453,0.38032451795940364,0.9881854525951062,10,0.0,1
6,4,5,13.0,-0.018535718983715758,0.3562064424794316,0.9929624092982535,10,0.0,1
6,4,5,14.0,-0.017027356011845997,0.338536822027506,0.9869174265705825,10,0.1111111111111111,0
6,4,5,15.0,-0.014561130602093,0.31339540733150784,0.9735345698016025,10,0.1111111111111111,0
6,5,2,1.0,-0.02536714318887945,0.8454348854824884,0.9052641005380214,10,0.0,1
6,5,2,2.0,-0.0325902065364641,0.8398532395893521,0.9104494964907708,10,0.0,1
6,5,2,3.0,-0.03770663278063632,0.8184450767585143,0.9357060748948887,10,0.0,1
6,5,2,4.0,-0.03935021833775677,0.77749176334459,0.9540623791409516,10,0.0,1
6,5,2,5.0,-0.03756285460940552,0.7238986617078199,0.9659979462171745,10,0.0,1
6,5,2,6.0,-0.034776861556484816,0.6673230370416839,0.9840446482812263,10,0.0,1
6,5,2,7.0,-0.03143857398847043,0.6164603458685292,0.9824784101762242,10,0.0,1
6,5,2,8.0,-0.026656826910012994,0.5575328192779719,0.9711828052113226,10,0.0,1
6,5,2,9.0,-0.023602468972144165,0.5164050495333076,0.9703434341153611,10,0.1111111111111111,0
6,5,2,10.0,-0.019485546459959674,0.47129855718796787,0.973287515362108,10,0.0,1
6,5,2,11.0,-0.017848180427871112,0.4434744630752696,0.9746770361631008,10,0.0,1
6,5,2,12.0,-0.014048874570894978,0.4010098226196944,0.9621542530246354,10,0.1111111111111111,0
6,5,2,13.0,-0.01173130003331538,0.3728742540374554,0.9387194848961744,10,0.1111111111111111,0
6,5,2,14.0,-0.0114471831480459,0.35668765140148934,0.9706116340132915,10,0.0,1
6,5,2,15.0,-0.008760121428652227,0.32706239865263914,0.9634729275412266,10,0.1111111111111111,0
6,5,3,1.0,-0.03658072706037223,0.8204344629599291,0.8743341688685695,10,0.0,1
6,5,3,2.0,-0.04537357276894764,0.8033257050149902,0.8612549485377174,10,0.0,1
6,5,3,3.0,-0.050670603821628045,0.7798294336820639,0.8816970387277391,10,0.0,1
6,5,3,4.0,-0.05129742772205986,0.7407720376573436,0.9010267317326384,10,0.0,1
6,5,3,5.0,-0.049473287474527235,0.695527083390548,0.9316693247414497,10,0.0,1
6,5,3,6.0,-0.04573921645547617,0.6443623429215433,0.9506571280906719,10,0.0,1
6,5,3,7.0,-0.04202491804422111,0.6003723951373656,0.9674710571523056,10,0.0,1
6,5,3,8.0,-0.038202138535422314,0.5581055809718982,0.978163124706006,10,0.0,1
6,5,3,9.0,-0.03397059816020354,0.5159017613841935,0.9868393950681208,10,0.0,1
6,5,3,10.0,-0.030549541680157537,0.48146079342764664,0.9904990202326835,10,0.0,1
6,5,3,11.0,-0.027315582865115144,0.4504495653375553,0.9928005258284027,10,0.0,1
6,5,3,12.0,-0.02311775641793528,0.4118154748969836,0.9905190701293574,10,0.0,1
6,5,3,13.0,-0.020873480670199913,0.38684253609592256,0.9917080062990679,10,0.0,1
6,5,3,14.0,-0.018878967518162003,0.36447706311303685,0.9905476986450433,10,0.0,1
6,5,3,15.0,-0.017124858396344957,0.3458536787057614,0.9813921440261142,10,0.1111111111111111,0
6,5,4,1.0,-0.03721173572743699,0.8081715344183368,0.869648833220311,10,0.0,1
6,5,4,2.0,-0.04606713559043013,0.7821857477827495,0.8507001657827544,10,0.0,1
6,5,4,3.0,-0.0497926170234869,0.7457677185539159,0.8541600999036634,10,0.0,1
6,5,4,4.0,-0.05105476070302293,0.708326045787428,0.8807796879905168,10,0.0,1
6,5,4,5.0,-0.04840798613181135,0.6593817094634489,0.9044399479463741,10,0.0,1
6,5,4,6.0,-0.045714710568742996,0.616452274421952,0.9307291156487181,10,0.0,1
6,5,4,7.0,-0.04225955394613549,0.5749843972048413,0.9478644713348205,10,0.0,1
6,5,4,8.0,-0.03844077788532487,0.5343421510581572,0.9633239786137742,10,0.0,1
6,5,4,9.0,-0.03447841943015924,0.4952154873669605,0.9704979172155693,10,0.0,1
6,5,4,10.0,-0.03097672960111563,0.4604873843324028,0.9771921855585718,10,0.0,1
6,5,4,11.0,-0.02797180077894689,0.43110478073241987,0.9826520346192712,10,0.0,1
6,5,4,12.0,-0.024980185059777206,0.4024046853793816,0.9821000551559697,10,0.0,1
6,5,4,13.0,-0.022988563986236037,0.38091238576025427,0.9840819706261952,10,0.0,1
6,5,4,14.0,-0.020931709262741786,0.359792908159577,0.984472686787111,10,0.0,1
6,5,4,15.0,-0.019093868083569793,0.3400452351502691,0.9900233352444292,10,0.0,1
6,5,5,1.0,-0.03827832802918534,0.8023955564878977,0.8646590535046389,10,0.0,1
6,5,5,2.0,-0.04632540982288636,0.7747046713073771,0.8460224230704619,10,0.0,1
6,5,5,3.0,-0.04997752906627054,0.7381643588472516,0.853231943307069,10,0.0,1
6,5,5,4.0,-0.050398999599790585,0.695980168765284,0.8794609163962832,10,0.0,1
6,5,5,5.0,-0.04893946006276751,0.6553338606128329,0.9022798192763455,10,0.0,1
6,5,5,6.0,-0.04563363096660633,0.6082522755301717,0.9277042330819394,10,0.0,1
6,5,5,7.0,-0.041700100344796806,0.5670163725461507,0.9447546699189808,10,0.0,1
6,5,5,8.0,-0.03927257824510461,0.533532118085544,0.9556024648351794,10,0.0,1
6,5,5,9.0,-0.035077270146411245,0.4932192557941492,0.9656183368340883,10,0.0,1
6,5,5,10.0,-0.03200085767430977,0.4617833976818236,0.9781867733594233,10,0.0,1
6,5,5,11.0,-0.02833458663215128,0.428541831150597,0.982516874574001,10,0.0,1
6,5,5,12.0,-0.025644143746544005,0.40189780101699935,0.9809510178504225,10,0.0,1
6,5,5,13.0,-0.023570078761542,0.38032060231474174,0.983535681807752,10,0.0,1
6,5,5,14.0,-0.021342710279277522,0.35676462697870026,0.9783427163003421,10,0.1111111111111111,0
6,5,5,15.0,-0.02009705787066516,0.3414430176271112,0.984450520303132,10,0.0,1
6,6,2,1.0,-0.017658647729786866,0.8517726559620631,0.952851051406351,10,0.0,1
6,6,2,2.0,-0.02188821536979701,0.8437398584716908,0.9401195367065524,10,0.0,1
6,6,2,3.0,-0.027504896238871174,0.8185703571599015,0.9355331044577105,10,0.0,1
6,6,2,4.0,-0.03140091555438208,0.7814766613304428,0.9414743158123428,10,0.0,1
6,6,2,5.0,-0.03255440825432361,0.7347472982859025,0.9579393232221022,10,0.0,1
6,6,2,6.0,-0.032013671319278555,0.6854797770385876,0.9717464957563109,10,0.0,1
6,6,2,7.0,-0.030256670930328376,0.6372042645469219,0.9779972821191254,10,0.0,1
6,6,2,8.0,-0.02720618735482526,0.5885410120728274,0.9777523499996157,10,0.0,1
6,6,2,9.0,-0.02390278350411245,0.5415236346351031,0.95632381879341,10,0.1111111111111111,0
6,6,2,10.0,-0.020175165874767382,0.4972761889623627,0.9612324822826873,10,0.0,1
6,6,2,11.0,-0.017711101316697626,0.4633216365399064,0.9628799022616155,10,0.1111111111111111,0
6,6,2,12.0,-0.015540161621712451,0.43054991314741836,0.9489349307000418,10,0.1111111111111111,0
6,6,2,13.0,-0.012817353650274487,0.39679899557375914,0.9510027706011526,10,0.1111111111111111,0
6,6,2,14.0,-0.011006188236603912,0.3717377836543439,0.9508615786547013,10,0.1111111111111111,0
6,6,2,15.0,-0.008787346890659546,0.3411575651216625,0.920926711912675,10,0.1111111111111111,0
6,6,3,1.0,-0.0465332719281993,0.8449011663059358,0.8884792208058436,10,0.0,1
6,6,3,2.0,-0.05508856021964507,0.8391111788650076,0.8880162914795181,10,0.0,1
6,6,3,3.0,-0.05883798644713031,0.8173915592866864,0.9022083085880523,10,0.0,1
6,6,3,4.0,-0.059005562004419254,0.7831411670714445,0.9225708104964502,10,0.0,1
6,6,3,5.0,-0.05610463327406312,0.73825531617493,0.9417257865433238,10,0.0,1
6,6,3,6.0,-0.0529834674701079,0.6963645105518389,0.9552308832292207,10,0.0,1
6,6,3,7.0,-0.04797194362265939,0.6461349796953487,0.9697930766927418,10,0.0,1
6,6,3,8.0,-0.04285836359896391,0.5964426455799988,0.9784182867948982,10,0.0,1
6,6,3,9.0,-0.03839130094185005,0.554896316796845,0.9881672463875893,10,0.0,1
6,6,3,10.0,-0.03344558411130089,0.5102131911910062,0.9898688087865101,10,0.0,1
6,6,3,11.0,-0.030183075912683963,0.47899713248729664,0.9918069840792779,10,0.0,1
6,6,3,12.0,-0.026751002675013767,0.4466056165365925,0.9929178820271113,10,0.0,1
6,6,3,13.0,-0.023300706611097254,0.41396930342650323,0.989894456825677,10,0.0,1
6,6,3,14.0,-0.021498689883663637,0.39369496000960547,0.989650627729909,10,0.0,1
6,6,3,15.0,-0.019415003413679424,0.3720016227318975,0.9911539009948661,10,0.0,1
6,6,4,1.0,-0.04967859500847935,0.8305219878245417,0.8924655364603574,10,0.0,1
6,6,4,2.0,-0.056339667119317184,0.8060138791621339,0.8738526652672353,10,0.0,1
6,6,4,3.0,-0.05912827258228934,0.773768591021431,0.8728971348326737,10,0.0,1
6,6,4,4.0,-0.05800158495193524,0.7323219007143541,0.8876824795791265,10,0.0,1
6,6,4,5.0,-0.05534056546533739,0.6900172655085588,0.8990201019706789,10,0.0,1
6,6,4,6.0,-0.05175185842957482,0.6444878011152644,0.9230559104134914,10,0.0,1
6,6,4,7.0,-0.0471668915996522,0.5990394232777412,0.9429105729870588,10,0.0,1
6,6,4,8.0,-0.04377300204029443,0.5635833328046986,0.952045326409982,10,0.0,1
6,6,4,9.0,-0.03971375033927245,0.5258987622652577,0.9615784197007109,10,0.0,1
6,6,4,10.0,-0.035714263706934056,0.48907963612902594,0.9730458561052612,10,0.0,1
6,6,4,11.0,-0.03294817586182297,0.46267128213864545,0.9733299223059785,10,0.0,1
6,6,4,12.0,-0.029271256995036438,0.43018059184735835,0.976456232588844,10,0.0,1
6,6,4,13.0,-0.027085643487224042,0.4077775485787892,0.9806934416030497,10,0.0,1
6,6,4,14.0,-0.024512228487582926,0.38306684565933874,0.9846204311527065,10,0.0,1
6,6,4,15.0,-0.022986084874536107,0.3663399212758738,0.9874664234173434,10,0.0,1
6,6,5,1.0,-0.04996672178175576,0.8082954199534738,0.875269960314983,10,0.0,1
6,6,5,2.0,-0.05628123450690384,0.7834931153803164,0.856930943821913,10,0.0,1
6,6,5,3.0,-0.05822396968660525,0.7505935351186923,0.8583179268332412,10,0.0,1
6,6,5,4.0,-0.056909338907528084,0.7090221301971567,0.8765524884536423,10,0.0,1
6,6,5,5.0,-0.053908781317411565,0.6648303137136597,0.8918125699378451,10,0.0,1
6,6,5,6.0,-0.05073631904400934,0.623964179023461,0.9104428890545524,10,0.0,1
6,6,5,7.0,-0.0471241104514153,0.5858812577413642,0.924498530213147,10,0.0,1
6,6,5,8.0,-0.04326939363095378,0.5465789532474581,0.9440005942844354,10,0.0,1
6,6,5,9.0,-0.038600995033788,0.5045819540839876,0.9522701012458934,10,0.0,1
6,6,5,10.0,-0.03578581147284144,0.4765631437251695,0.9631145418337675,10,0.0,1
6,6,5,11.0,-0.032776859648471234,0.4477395707589895,0.9681175556412716,10,0.0,1
6,6,5,12.0,-0.029799520010463352,0.42093051621360467,0.9692761837092723,10,0.0,1
6,6,5,13.0,-0.027175867788740128,0.3964978953528812,0.9753012461429219,10,0.0,1
6,6,5,14.0,-0.02498944153694174,0.3753342250203537,0.9821456815577595,10,0.0,1
6,6,5,15.0,-0.022957931650585378,0.3542953602289265,0.9827266417524506,10,0.0,1
6,7,2,1.0,-0.025717143351871696,0.8583346715847636,0.9157131059695474,10,0.0,1
6,7,2,2.0,-0.03126014847776864,0.855307620683344,0.9270019352251024,10,0.0,1
6,7,2,3.0,-0.03535812892149687,0.8390027574685479,0.9491852005018641,10,0.0,1
6,7,2,4.0,-0.037384114278242474,0.8077852909753416,0.9726701200616359,10,0.0,1
6,7,2,5.0,-0.036421587793467325,0.7623713507732008,0.9752190724264631,10,0.0,1
6,7,2,6.0,-0.03376773911344192,0.7096719330660478,0.978086244541277,10,0.0,1
6,7,2,7.0,-0.03074350149357115,0.6601033272337195,0.9807114460787073,10,0.0,1
6,7,2,8.0,-0.026983670791646545,0.6085460716242113,0.979122895526489,10,0.0,1
6,7,2,9.0,-0.02317543196669385,0.5575409021990921,0.9601297160123573,10,0.1111111111111111,0
6,7,2,10.0,-0.019842121177696636,0.5161076243190088,0.9622493448043808,10,0.0,1
6,7,2,11.0,-0.015822388093647742,0.4689042864614593,0.9375270014644698,10,0.1111111111111111,0
6,7,2,12.0,-0.014783654054924968,0.44531868636564853,0.9318371034696419,10,0.1111111111111111,0
6,7,2,13.0,-0.012165489093590299,0.41241343291306853,0.9413524596790362,10,0.2222222222222222,0
6,7,2,14.0,-0.011682744936065062,0.3926654593685417,0.9834872893178581,10,0.1111111111111111,0
6,7,2,15.0,-0.00873619508525655,0.3591593177803899,0.9629347697797527,10,0.1111111111111111,0
6,7,3,1.0,-0.039274201613499427,0.8748825674774187,0.9390020585931805,10,0.0,1
6,7,3,2.0,-0.04795942259906068,0.8653298407884171,0.9216207189302785,10,0.0,1
6,7,3,3.0,-0.053178769707148334,0.8416825796477586,0.9194183876227483,10,0.0,1
6,7,3,4.0,-0.054878982620446326,0.8068465738767562,0.92630159331562,10,0.0,1
6,7,3,5.0,-0.05398907005750261,0.763963216849217,0.9355914566854662,10,0.0,1
6,7,3,6.0,-0.0513732086698203,0.7190405189493194,0.953064794817533,10,0.0,1
6,7,3,7.0,-0.04743314136598216,0.6698983246206053,0.9661519732481193,10,0.0,1
6,7,3,8.0,-0.043883161524023016,0.6266153970063942,0.9757839696427427,10,0.0,1
6,7,3,9.0,-0.039348186309750594,0.582499549017277,0.9802408578190229,10,0.1111111111111111,0
6,7,3,10.0,-0.03592459429651748,0.5464678273670316,0.9874585308276229,10,0.0,1
6,7,3,11.0,-0.03202607701085963,0.5073648585583831,0.9896967963747104,10,0.0,1
6,7,3,12.0,-0.027704302051059476,0.46771915062640157,0.9937449824231436,10,0.0,1
6,7,3,13.0,-0.02586498070114799,0.446642538296342,0.9861722875614363,10,0.0,1
6,7,3,14.0,-0.02254438470634184,0.4141034386241157,0.9887204040012187,10,0.0,1
6,7,3,15.0,-0.021070697837389116,0.3963624176027374,0.9927964403996945,10,0.0,1
6,7,4,1.0,-0.05004429480271266,0.8170301222608681,0.8578447162960792,10,0.0,1
6,7,4,2.0,-0.05654620708204015,0.8071488592432026,0.8538686651013081,10,0.0,1
6,7,4,3.0,-0.05954260862602069,0.7842303107732055,0.8523640144141784,10,0.0,1
6,7,4,4.0,-0.05982122820998871,0.7516141583646105,0.8698221544119107,10,0.0,1
6,7,4,5.0,-0.05804352768396434,0.7120543426753292,0.895821500225286,10,0.0,1
6,7,4,6.0,-0.055232728620939295,0.6739587649170231,0.9103252577050764,10,0.0,1
6,7,4,7.0,-0.05096953984465969,0.6293979443882156,0.9329181385587766,10,0.0,1
6,7,4,8.0,-0.04607812583312888,0.5830643286908531,0.9481937920010944,10,0.0,1
6,7,4,9.0,-0.04327571412365885,0.5535829734592108,0.9599083261058745,10,0.0,1
6,7,4,10.0,-0.03951486591712195,0.5184656846792108,0.967201280346526,10,0.0,1
6,7,4,11.0,-0.0354589076244502,0.48292111140121025,0.975244876891215,10,0.0,1
6,7,4,12.0,-0.03223778436999993,0.45364379263350435,0.9802750245623356,10,0.0,1
6,7,4,13.0,-0.03010814755964922,0.4323989255415597,0.9819786849584775,10,0.0,1
6,7,4,14.0,-0.026851413559719494,0.404246447594402,0.9830509056905503,10,0.0,1
6,7,4,15.0,-0.024883844916772105,0.384587159199126,0.9851136151161967,10,0.0,1
6,7,5,1.0,-0.05178482257041222,0.7932784720461744,0.8333165086429465,10,0.0,1
6,7,5,2.0,-0.056548048549893204,0.7754611647337959,0.8293466806569328,10,0.0,1
6,7,5,3.0,-0.058791496937338386,0.7478495265006326,0.8320686254948568,10,0.0,1
6,7,5,4.0,-0.05850438531816089,0.7129219952333852,0.8462855813424652,10,0.0,1
6,7,5,5.0,-0.05665828104883427,0.67572416392868,0.8686540349056073,10,0.0,1
6,7,5,6.0,-0.05387691885356958,0.6384594193324684,0.8852372551508533,10,0.0,1
6,7,5,7.0,-0.04989236591536933,0.5959604782877971,0.9101333786266751,10,0.0,1
6,7,5,8.0,-0.04616900400744648,0.5600892109941439,0.9253623446499545,10,0.0,1
6,7,5,9.0,-0.042645204622087866,0.5258296718093407,0.9421743799278087,10,0.0,1
6,7,5,10.0,-0.03951201136317502,0.4971067154586842,0.9464419160443948,10,0.0,1
6,7,5,11.0,-0.03565282267488544,0.462847399199647,0.95574145381402,10,0.0,1
6,7,5,12.0,-0.03242112903794556,0.4355091168971754,0.9640399463546675,10,0.0,1
6,7,5,13.0,-0.030062350050943466,0.41354030210142345,0.9655848618854168,10,0.0,1
6,7,5,14.0,-0.02853855357099437,0.39689709415030316,0.9670169960566637,10,0.0,1
6,7,5,15.0,-0.02580010249990111,0.37288918716923014,0.9768353592713402,10,0.0,1
6,8,2,1.0,-0.01020394010500297,0.8308431452027092,0.9059361898593027,10,0.0,1
6,8,2,2.0,-0.012921327721968327,0.8244370238438742,0.8959386424847143,10,0.0,1
6,8,2,3.0,-0.018166525609394343,0.8061853324992468,0.9200460103996165,10,0.0,1
6,8,2,4.0,-0.02346715641061097,0.7788653674705488,0.9390472439409192,10,0.0,1
6,8,2,5.0,-0.024865293470786927,0.7359578712770546,0.9399439040684692,10,0.2222222222222222,0
6,8,2,6.0,-0.025785886832887284,0.6933291288870044,0.9712840232159184,10,0.0,1
6,8,2,7.0,-0.025832980625819908,0.6553447632074539,0.9758985228444442,10,0.0,1
6,8,2,8.0,-0.024158398443634196,0.6115542261062162,0.9743627914854438,10,0.1111111111111111,0
6,8,2,9.0,-0.020603434670913592,0.5639585640440509,0.9619995571793448,10,0.0,1
6,8,2,10.0,-0.017950414596673563,0.520733017459585,0.9632306472728306,10,0.0,1
6,8,2,11.0,-0.016181920752954614,0.4881518030776203,0.9614773038210715,10,0.0,1
6,8,2,12.0,-0.013547135736528455,0.4514083406339287,0.9354492164349569,10,0.2222222222222222,0
6,8,2,13.0,-0.011953782707468955,0.4250656769871959,0.9406197491452055,10,0.1111111111111111,0
6,8,2,14.0,-0.010367233704481034,0.396362736016885,0.9450361614032441,10,0.2222222222222222,0
6,8,2,15.0,-0.00942542083325681,0.37780650814124966,0.9370269563322848,10,0.1111111111111111,0
6,8,3,1.0,-0.04672535109107892,0.8915011548116913,0.9438094556071684,10,0.0,1
6,8,3,2.0,-0.052874567258613066,0.8857791168206299,0.9328697254080603,10,0.0,1
6,8,3,3.0,-0.05677561441269576,0.8676809890670112,0.9316268635607478,10,0.0,1
6,8,3,4.0,-0.058167350418313474,0.8401039052671538,0.9404693963335726,10,0.0,1
6,8,3,5.0,-0.05614400470610811,0.7971633386415493,0.9511152734157278,10,0.0,1
6,8,3,6.0,-0.05373773475012423,0.7542893994280514,0.9636065672653183,10,0.0,1
6,8,3,7.0,-0.05041177314747929,0.7108669412878893,0.9687337878373928,10,0.0,1
6,8,3,8.0,-0.045994983597244174,0.6643789774995582,0.9789526414219858,10,0.0,1
6,8,3,9.0,-0.04239458501293124,0.6251862583930433,0.9850522237692051,10,0.0,1
6,8,3,10.0,-0.037831475037695246,0.5794942768217796,0.9892489725322723,10,0.0,1
6,8,3,11.0,-0.03343198978617829,0.5380813951964916,0.9883744725950339,10,0.0,1
6,8,3,12.0,-0.030072514029738602,0.5041427649533365,0.9817914195189794,10,0.1111111111111111,0
6,8,3,13.0,-0.027011863481834722,0.4732806884771462,0.9854863954001565,10,0.0,1
6,8,3,14.0,-0.02448448066936164,0.4462006794591448,0.9797549025136246,10,0.1111111111111111,0
6,8,3,15.0,-0.021733283455072267,0.4170307337174026,0.97063733143989,9,0.125,0
6,8,4,1.0,-0.05563864411487631,0.8428702521377756,0.8722068600517286,10,0.0,1
6,8,4,2.0,-0.06121862987673534,0.8321263542482765,0.864790088868054,10,0.0,1
6,8,4,3.0,-0.06429118150869259,0.8107604448167226,0.8644862188124789,10,0.0,1
6,8,4,4.0,-0.0645718324268216,0.7830401104530526,0.8817697333333921,10,0.0,1
6,8,4,5.0,-0.06306699484790604,0.7494182562616329,0.8974200795775824,10,0.0,1
6,8,4,6.0,-0.05975309750062831,0.7086218493157086,0.9197848208285571,10,0.0,1
6,8,4,7.0,-0.05596072118826518,0.6687236060654994,0.9339146019110833,10,0.0,1
6,8,4,8.0,-0.05068206632314232,0.6223331531076418,0.949371975613209,10,0.0,1
6,8,4,9.0,-0.04731273631824195,0.5905308553889621,0.9579917644049959,10,0.0,1
6,8,4,10.0,-0.04218436227762239,0.5452337247048334,0.9686285572339625,10,0.0,1
6,8,4,11.0,-0.03874265991880016,0.5155949699999417,0.9737587051322759,10,0.0,1
6,8,4,12.0,-0.03484311194866279,0.480941508985565,0.9788164409174842,10,0.0,1
6,8,4,13.0,-0.032132384240158886,0.4570654947638973,0.9774771326007504,10,0.0,1
6,8,4,14.0,-0.029043799170986057,0.4282025147140995,0.9819535747170387,10,0.0,1
6,8,4,15.0,-0.02690608739794417,0.4073433808097648,0.9856778570377335,10,0.0,1
6,8,5,1.0,-0.058699484723453245,0.7984641573817193,0.8275803263277226,10,0.0,1
6,8,5,2.0,-0.06295112092643534,0.7842607442954845,0.8244075281925614,10,0.0,1
6,8,5,3.0,-0.06478339748590922,0.7621338731759203,0.8323792788423423,10,0.0,1
6,8,5,4.0,-0.0643752089555431,0.7338052546727567,0.8490061306313939,10,0.0,1
6,8,5,5.0,-0.06162729538366157,0.6981066035227413,0.8675633602772262,10,0.0,1
6,8,5,6.0,-0.058438975068698544,0.6619477813723473,0.8849198798228385,10,0.0,1
6,8,5,7.0,-0.05397606983229649,0.6201492087088321,0.9046612094854044,10,0.0,1
6,8,5,8.0,-0.04970496296484824,0.5807394275139489,0.9256984397273736,10,0.0,1
6,8,5,9.0,-0.04601928703685107,0.548695913671535,0.9309789090798545,10,0.0,1
6,8,5,10.0,-0.04162991707500082,0.5110472159884244,0.9487449534844908,10,0.0,1
6,8,5,11.0,-0.039063437338045334,0.4880173966357807,0.9492266496690324,10,0.0,1
6,8,5,12.0,-0.0360254611649499,0.46167772111465466,0.953422912925549,10,0.0,1
6,8,5,13.0,-0.033033188263896555,0.43486739898764515,0.962818096002028,10,0.0,1
6,8,5,14.0,-0.02999048120668233,0.409141066153125,0.9691100366625184,10,0.0,1
6,8,5,15.0,-0.028259841348741765,0.3917437330096788,0.9690399658907504,10,0.0,1
6,9,2,1.0,-0.023072850424138886,0.8397574617738984,0.8937588889304884,10,0.0,1
6,9,2,2.0,-0.027457825888349205,0.832563292565035,0.9208106570118706,10,0.0,1
6,9,2,3.0,-0.03209866685379255,0.8206145860353443,0.9469122611070159,10,0.0,1
6,9,2,4.0,-0.03438797662048332,0.7973944369546627,0.9692592727896114,10,0.0,1
6,9,2,5.0,-0.03373822172581248,0.7605367805185599,0.9770356045342125,10,0.0,1
6,9,2,6.0,-0.0315376036958364,0.7187576298791039,0.9725652243217905,10,0.0,1
6,9,2,7.0,-0.028534366085950898,0.6740572101158071,0.9741444303215664,10,0.0,1
6,9,2,8.0,-0.024971592701406756,0.6286778700781634,0.9497330331340692,10,0.1111111111111111,0
6,9,2,9.0,-0.02087027175270895,0.5794811067235776,0.9276566307414247,10,0.2222222222222222,0
6,9,2,10.0,-0.017143473320907147,0.5362477656584013,0.9018985677714126,10,0.2222222222222222,0
6,9,2,11.0,-0.01532218182623115,0.5082804511023982,0.9258865509762244,10,0.0,1
6,9,2,12.0,-0.012414956309797002,0.47187317208488877,0.8807877726645367,10,0.2222222222222222,0
6,9,2,13.0,-0.010064754288291063,0.4367738153529887,0.8751440684738399,10,0.0,1
6,9,2,14.0,-0.009188556746575675,0.4165453228037969,0.9143023045753135,10,0.2222222222222222,0
6,9,2,15.0,-0.006906725654254911,0.38639791689211667,0.8508177488813227,10,0.2222222222222222,0
6,9,3,1.0,-0.05155356141888587,0.9003357455142473,0.9312775860103959,10,0.0,1
6,9,3,3.0,-0.06097589363716082,0.8819108788087151,0.9392808548028737,9,0.0,1
6,9,3,4.0,-0.06258343778387271,0.8698280415531949,0.9543941339381472,10,0.0,1
6,9,3,6.0,-0.05622817178428634,0.7825345809121164,0.9719724176936172,9,0.0,1
6,9,3,8.0,-0.04679838744999687,0.6869981146884788,0.9852341347006028,9,0.0,1
6,9,3,9.0,-0.043416692061542014,0.652024088021808,0.9884461475870507,10,0.0,1
6,9,3,10.0,-0.03865709429329996,0.6079544091916703,0.9779776365325785,10,0.1111111111111111,0
6,9,3,11.0,-0.03416388713673525,0.5647246834045853,0.9902683582683008,10,0.0,1
6,9,3,12.0,-0.03088406145779542,0.5314248292523951,0.9899126044916344,10,0.0,1
6,9,3,14.0,-0.02480804042280402,0.46758679613842596,0.9849525478445559,10,0.0,1
6,9,3,15.0,-0.02281927920692694,0.446316747536646,0.9841424340516389,10,0.0,1
6,9,3,2.0,-0.05649483975931533,0.8864292849836044,0.9055459856809618,9,0.0,1
6,9,3,5.0,-0.05816220912460904,0.8141553914618189,0.9448977611414464,8,0.0,1
6,9,3,7.0,-0.051834363623150526,0.7366444151654996,0.9698521769615681,8,0.0,1
6,9,3,13.0,-0.02840430091023671,0.5037889830670622,0.992035788149179,9,0.0,1
6,9,4,1.0,-0.05971016016486625,0.8726657972953894,0.8989000660969035,10,0.0,1
6,9,4,2.0,-0.06599580217989992,0.864917217123819,0.8930606130816015,10,0.0,1
6,9,4,3.0,-0.0690220008648827,0.8462512647338649,0.8930499687453719,10,0.0,1
6,9,4,4.0,-0.06929351490417686,0.8207891197371846,0.9001293395100229,10,0.0,1
6,9,4,5.0,-0.06713794409667687,0.7858509892433124,0.9123735293803794,10,0.0,1
6,9,4,6.0,-0.06423880455401779,0.7494074945814845,0.9307354478021883,10,0.0,1
6,9,4,7.0,-0.05966837677207778,0.7057648067121416,0.9407089245099667,10,0.0,1
6,9,4,8.0,-0.055221504199147155,0.6656937065439504,0.9526504990743195,10,0.0,1
6,9,4,9.0,-0.049960848126871224,0.6205171840071173,0.9633992194162613,10,0.0,1
6,9,4,10.0,-0.04553731527809622,0.5819695283520124,0.9689390291607801,10,0.0,1
6,9,4,11.0,-0.04171010034555842,0.5496220000908151,0.9734255538148185,10,0.0,1
6,9,4,12.0,-0.03758897393280818,0.5130674318445113,0.9775858859908068,10,0.0,1
6,9,4,13.0,-0.033858857728431634,0.48003987073754767,0.9802777129230371,10,0.0,1
6,9,4,14.0,-0.03177798061709607,0.4590788618111589,0.9827426415074194,10,0.0,1
6,9,4,15.0,-0.028710255237161475,0.43204834019549404,0.9868650900321091,10,0.0,1
6,9,5,1.0,-0.06206552106066203,0.8129193590318095,0.8377036842569716,10,0.0,1
6,9,5,2.0,-0.06572843600321698,0.7989957806395873,0.8322627160891414,10,0.0,1
6,9,5,3.0,-0.06726764986268165,0.7784965066712134,0.8366285011076628,10,0.0,1
6,9,5,4.0,-0.06705519702442657,0.7527907237727284,0.8463781927513536,10,0.0,1
6,9,5,5.0,-0.06439341961821177,0.7171626080454508,0.8640601527829874,10,0.0,1
6,9,5,6.0,-0.061736473391657824,0.6853875689676058,0.881563328908193,10,0.0,1
6,9,5,7.0,-0.05771055184832525,0.6468560856887426,0.9027312945964765,10,0.0,1
6,9,5,8.0,-0.05393797215827908,0.6132672272069043,0.914891294777279,10,0.0,1
6,9,5,9.0,-0.04979525585108311,0.5775443989003974,0.9289152355451161,10,0.0,1
6,9,5,10.0,-0.04556537682619772,0.5420803871015063,0.9365402805279396,10,0.0,1
6,9,5,11.0,-0.041657830509477724,0.509008975677514,0.9474686153678329,10,0.0,1
6,9,5,12.0,-0.03822989805506173,0.47965077683304974,0.9559588566361577,10,0.0,1
6,9,5,13.0,-0.03567882245173616,0.45751495534862935,0.9596824157103098,10,0.0,1
6,9,5,14.0,-0.03260330096215928,0.43134998650353384,0.9646232733191581,10,0.0,1
6,9,5,15.0,-0.030365442511000058,0.4106900636382499,0.9706943298894046,10,0.0,1
