L,N,nmax,filling,U,W,dim,observable,entropy_mean,entropy_stderr,pr_normalized_mean,pr_normalized_stderr,onsite_pair_density_mean,onsite_pair_density_stderr,n_realizations
9,7,2,0.7777777777777778,1.0,1.0,2304,fock_entropy_normalized,0.9000966827473267,4.3710887280354556e-05,0.3082170363902733,0.0001705041783473727,0.44705188803741996,4.061753778196245e-05,300
9,7,2,0.7777777777777778,1.0,2.0,2304,fock_entropy_normalized,0.89115634948532,0.0003186129017954508,0.27624689575879,0.0010787083388011452,0.4419310961042566,0.00011899642321448568,300
9,7,2,0.7777777777777778,1.0,3.0,2304,fock_entropy_normalized,0.86851844524192,0.0010449804685113454,0.21420131723404567,0.0024637653687292977,0.43642890817394325,0.0001524128289587263,300
9,7,2,0.7777777777777778,1.0,4.0,2304,fock_entropy_normalized,0.8180381825902767,0.003119612770960463,0.13870515798985333,0.0035711253407493255,0.43224673285964665,0.0001649164111737304,300
9,7,2,0.7777777777777778,1.0,5.0,2304,fock_entropy_normalized,0.7290378121274067,0.005539080916572775,0.07663042774605948,0.003441784341932489,0.4287982001276034,0.0001608907942273475,300
9,7,2,0.7777777777777778,1.0,6.0,2304,fock_entropy_normalized,0.65179541049088,0.0064335590940351,0.044611343107212535,0.002534465222595778,0.4264622979855467,0.00014712015551960535,300
9,7,2,0.7777777777777778,1.0,7.0,2304,fock_entropy_normalized,0.58927643003326,0.007134312224454663,0.029118410975222667,0.001733280709742637,0.4247758793990867,0.00011888927754372663,300
9,7,2,0.7777777777777778,1.0,8.0,2304,fock_entropy_normalized,0.5147829035668934,0.007174920582848241,0.01808566753410613,0.0014480415226830218,0.42378451466097666,0.00012671376815572206,300
9,7,2,0.7777777777777778,1.0,9.0,2304,fock_entropy_normalized,0.4433456055085033,0.006577165351134025,0.009461748786235024,0.0006180780620186284,0.42273163899212,0.00010856525616225544,300
9,7,2,0.7777777777777778,1.0,10.0,2304,fock_entropy_normalized,0.3960645135793267,0.005954367123815961,0.006489200246094857,0.00037045628219198166,0.4217485852817034,0.00010404503498798167,300
9,7,2,0.7777777777777778,2.0,1.0,2304,fock_entropy_normalized,0.8885883562507866,5.4873974359760885e-05,0.26539980041121664,0.00018241889757458912,0.44320169409483656,6.463787033523269e-06,300
9,7,2,0.7777777777777778,2.0,2.0,2304,fock_entropy_normalized,0.8790827998623201,0.00028524526047442344,0.23688593603409,0.0008233932354956824,0.44216492036167004,4.654821228535185e-05,300
9,7,2,0.7777777777777778,2.0,3.0,2304,fock_entropy_normalized,0.8540919780524833,0.001093396935016765,0.18019791685777203,0.0020714630599478444,0.4390205653690134,0.00010968612420862722,300
9,7,2,0.7777777777777778,2.0,4.0,2304,fock_entropy_normalized,0.8048348398687935,0.002852349134887731,0.118972208056858,0.0028719383442332436,0.4354922939466,0.0001540528387209474,300
9,7,2,0.7777777777777778,2.0,5.0,2304,fock_entropy_normalized,0.7411695387368733,0.0047361320628843935,0.07671546384586364,0.0027695723842888417,0.43263456810122325,0.0001671013826619374,300
9,7,2,0.7777777777777778,2.0,6.0,2304,fock_entropy_normalized,0.6583003061921833,0.006392715141355197,0.0455317922654494,0.002250388314767002,0.43010613891137334,0.00016612988292307872,300
9,7,2,0.7777777777777778,2.0,7.0,2304,fock_entropy_normalized,0.5810379689063401,0.006655092306935309,0.026335676702583667,0.0015354334376963669,0.4278515486877033,0.00014550171853125088,300
9,7,2,0.7777777777777778,2.0,8.0,2304,fock_entropy_normalized,0.5156851153697266,0.0067602176059082955,0.017006420383893835,0.0011269666544725604,0.42601979023488334,0.00013785574624647758,300
9,7,2,0.7777777777777778,2.0,9.0,2304,fock_entropy_normalized,0.45493237453751334,0.006563574900564551,0.010388486542003767,0.0005855843066370236,0.42484238940438,0.00012392104850419015,300
9,7,2,0.7777777777777778,2.0,10.0,2304,fock_entropy_normalized,0.41622564627513003,0.006363292311954752,0.0082898491150651,0.0007042745599885934,0.42375452072601333,0.00013357583446984225,300
9,7,2,0.7777777777777778,3.0,1.0,2304,fock_entropy_normalized,0.8677014672001933,8.840530260170626e-05,0.20677627060990003,0.0002661089278383127,0.4405364902558633,2.306824476698313e-05,300
9,7,2,0.7777777777777778,3.0,2.0,2304,fock_entropy_normalized,0.85238706026612,0.0004131057291865871,0.1700390432550533,0.000881601271560694,0.44207454758989,2.510939873484443e-05,300
9,7,2,0.7777777777777778,3.0,3.0,2304,fock_entropy_normalized,0.8237180745986067,0.0011876257513906373,0.12583706374103532,0.001506707065832634,0.44137677420259336,5.922201624661256e-05,300
9,7,2,0.7777777777777778,3.0,4.0,2304,fock_entropy_normalized,0.77629668095801,0.0028456643423770142,0.08643494832718267,0.0018962666170130853,0.43921305993515336,0.00012100642018079218,300
9,7,2,0.7777777777777778,3.0,5.0,2304,fock_entropy_normalized,0.7112567527241533,0.003985481436288666,0.05412660432677666,0.0016787891731795946,0.43635341828464674,0.0001399000043022448,300
9,7,2,0.7777777777777778,3.0,6.0,2304,fock_entropy_normalized,0.6376768116815399,0.005822326779717908,0.035421558903901404,0.0015730456366072464,0.4338384233767234,0.00017210183285038406,300
9,7,2,0.7777777777777778,3.0,7.0,2304,fock_entropy_normalized,0.5677076795014667,0.006302741241962576,0.022237919146429905,0.0010871923888974113,0.43149809394958993,0.00018006702713781685,300
9,7,2,0.7777777777777778,3.0,8.0,2304,fock_entropy_normalized,0.5020128939200066,0.006365898650551072,0.0142082261730667,0.000759436195438678,0.42959569224399663,0.00015262590343616755,300
9,7,2,0.7777777777777778,3.0,9.0,2304,fock_entropy_normalized,0.45835295478237337,0.006283843026789521,0.010550455498641533,0.0006117184946048599,0.42815336810976323,0.00015962982761690467,300
9,7,2,0.7777777777777778,3.0,10.0,2304,fock_entropy_normalized,0.4121976947444933,0.006464170629228882,0.008347706026307612,0.0007644738380036541,0.4267662647502933,0.0001736540050790263,300
9,7,2,0.7777777777777778,4.0,1.0,2304,fock_entropy_normalized,0.8431619129231933,0.00019575167525055532,0.16576411366281,0.00042283908562546006,0.43938313467904666,3.4106459856693606e-05,300
9,7,2,0.7777777777777778,4.0,2.0,2304,fock_entropy_normalized,0.8137861939591133,0.0008408854132115466,0.11515941755119267,0.001157491746151057,0.44202975764887326,4.29244849486839e-05,300
9,7,2,0.7777777777777778,4.0,3.0,2304,fock_entropy_normalized,0.7739745612413433,0.0017736885983513136,0.07750911202209666,0.0013432166093014625,0.44280953493129666,4.057708538265624e-05,300
9,7,2,0.7777777777777778,4.0,4.0,2304,fock_entropy_normalized,0.7176877658123533,0.0028920514198257975,0.04972470191506233,0.0012196465637787405,0.44181969383255326,8.576395750399483e-05,300
9,7,2,0.7777777777777778,4.0,5.0,2304,fock_entropy_normalized,0.66266742101664,0.00402348755290152,0.0351642581575463,0.0011095975699654628,0.43990640417822996,0.00013852725585266734,300
9,7,2,0.7777777777777778,4.0,6.0,2304,fock_entropy_normalized,0.5950242506277134,0.0044229266445766635,0.0220832410865589,0.0007614114327348867,0.43735848283995665,0.00015821592827178525,300
9,7,2,0.7777777777777778,4.0,7.0,2304,fock_entropy_normalized,0.5372155399208133,0.004955553087909208,0.015424706356241599,0.0005556067712746941,0.43520582254745666,0.00018202214414627098,300
9,7,2,0.7777777777777778,4.0,8.0,2304,fock_entropy_normalized,0.47752251326220335,0.005151561224239439,0.010568780432480598,0.0004597279127247722,0.43303811050735,0.00018723733570295796,300
9,7,2,0.7777777777777778,4.0,9.0,2304,fock_entropy_normalized,0.43537916804741666,0.005229390044033727,0.008153826326649334,0.0004139628361895866,0.43140066023235,0.00018722142523439062,300
9,7,2,0.7777777777777778,4.0,10.0,2304,fock_entropy_normalized,0.3948351634411733,0.005328547817182782,0.006235297901323533,0.0003270056946245423,0.4300191936411833,0.00018409045249149182,300
9,7,2,0.7777777777777778,5.0,1.0,2304,fock_entropy_normalized,0.8266422041109399,0.0003319344244822457,0.14452148957630667,0.0004894820019905679,0.4402604931138967,1.4539427667382444e-05,300
9,7,2,0.7777777777777778,5.0,2.0,2304,fock_entropy_normalized,0.7780583111733,0.001404197434561252,0.08881148488559333,0.001333635881727182,0.4420738008871634,4.663170003550479e-05,300
9,7,2,0.7777777777777778,5.0,3.0,2304,fock_entropy_normalized,0.7083290358705766,0.0026126873252649927,0.047497207961374,0.0012562463016058817,0.44350774865174336,4.2507911488672366e-05,300
9,7,2,0.7777777777777778,5.0,4.0,2304,fock_entropy_normalized,0.6433722907331734,0.003213811755792779,0.028175137865306597,0.0008126254683486101,0.44355265548132666,5.317866157671395e-05,300
9,7,2,0.7777777777777778,5.0,5.0,2304,fock_entropy_normalized,0.5819369340297733,0.003922949677449198,0.01856621061821683,0.0005678031820798128,0.4421224358360067,0.00010963485050784921,300
9,7,2,0.7777777777777778,5.0,6.0,2304,fock_entropy_normalized,0.5273628148992833,0.0038488517774786964,0.012938412946699866,0.00045662460202684123,0.4403926108389167,0.00015578416288744955,300
9,7,2,0.7777777777777778,5.0,7.0,2304,fock_entropy_normalized,0.4896034870446266,0.0037676539312253773,0.010095465332393066,0.0003001238217665216,0.43829981058601336,0.00017163186864153983,300
9,7,2,0.7777777777777778,5.0,8.0,2304,fock_entropy_normalized,0.4378844485056601,0.00413483729504399,0.0073537245543577,0.00024769140167579356,0.4361160657599466,0.00017662495618609562,300
9,7,2,0.7777777777777778,5.0,9.0,2304,fock_entropy_normalized,0.40464870939488,0.0045427157772955935,0.006131236479329067,0.00022518309662034782,0.4342964861803867,0.0001855929880043356,300
9,7,2,0.7777777777777778,5.0,10.0,2304,fock_entropy_normalized,0.36781603074144004,0.004044817810935479,0.0046384046819503335,0.00015410308973822683,0.43243367544158,0.0001832701275966597,300
9,7,2,0.7777777777777778,6.0,1.0,2304,fock_entropy_normalized,0.81785878334483,0.0003855713960382963,0.13431293655217702,0.0005353260691675292,0.44235392384457006,1.3970803384793587e-05,300
9,7,2,0.7777777777777778,6.0,2.0,2304,fock_entropy_normalized,0.7564474823937033,0.0016871313106941303,0.077283330659488,0.0012276651628811757,0.44247408631754337,3.197568196982976e-05,300
9,7,2,0.7777777777777778,6.0,3.0,2304,fock_entropy_normalized,0.6699080540910034,0.003397932652309731,0.03882557498174477,0.0012134650276997452,0.4438213926243367,4.63281960788616e-05,300
9,7,2,0.7777777777777778,6.0,4.0,2304,fock_entropy_normalized,0.5848787522667532,0.00409071278353976,0.020524401108635397,0.0008455295116094126,0.44450007788109,5.0890163083141876e-05,300
9,7,2,0.7777777777777778,6.0,5.0,2304,fock_entropy_normalized,0.51680437198466,0.004132217323461326,0.012288821625982566,0.000506314797899712,0.4440368331112766,6.955803065755096e-05,300
9,7,2,0.7777777777777778,6.0,6.0,2304,fock_entropy_normalized,0.47248383315363657,0.004157367765071149,0.009167882320980633,0.000422039549814519,0.4427763076402234,0.00011777435872308008,300
9,7,2,0.7777777777777778,6.0,7.0,2304,fock_entropy_normalized,0.43139236433704337,0.003856287214389771,0.006794701156061766,0.0002344890003711369,0.44106420033372673,0.00016077712342765918,300
9,7,2,0.7777777777777778,6.0,8.0,2304,fock_entropy_normalized,0.40263365885727664,0.0036890218426642255,0.0056237227447021665,0.00016637550293905598,0.43903937517931,0.0001739241206000759,300
9,7,2,0.7777777777777778,6.0,9.0,2304,fock_entropy_normalized,0.37107859831327,0.0034112479571307423,0.004584914466053234,0.00013695486137815048,0.4371211853611,0.00018243772406222,300
9,7,2,0.7777777777777778,6.0,10.0,2304,fock_entropy_normalized,0.35043490180195,0.0036463787676542154,0.004074103592345366,0.00017917943715793638,0.4356805639454566,0.0002021894315676373,300
9,7,2,0.7777777777777778,7.0,1.0,2304,fock_entropy_normalized,0.8083217414422268,0.0004138348019491547,0.12384454345562332,0.0005320591634948377,0.44338762567147344,4.0901958212199315e-06,300
9,7,2,0.7777777777777778,7.0,2.0,2304,fock_entropy_normalized,0.74172865923985,0.002048037891327611,0.069399767227768,0.001219925485783731,0.4430539402141199,1.8581731110691817e-05,300
9,7,2,0.7777777777777778,7.0,3.0,2304,fock_entropy_normalized,0.6347712926027833,0.0039175695031481335,0.031313935276262334,0.0010064906169119558,0.44408708056852664,4.201417527415193e-05,300
9,7,2,0.7777777777777778,7.0,4.0,2304,fock_entropy_normalized,0.5334371561737633,0.0042982527073664725,0.015017046342589966,0.0006981182415405385,0.4449709209870567,3.9030792878955495e-05,300
9,7,2,0.7777777777777778,7.0,5.0,2304,fock_entropy_normalized,0.4651158840212967,0.004243153304394565,0.0090302962435869,0.0004515080611224272,0.44499551193166337,5.806076877963179e-05,300
9,7,2,0.7777777777777778,7.0,6.0,2304,fock_entropy_normalized,0.41773541245413,0.004227600913027309,0.006459040991303333,0.00030356617642517353,0.4443600256515766,8.504885100703989e-05,300
9,7,2,0.7777777777777778,7.0,7.0,2304,fock_entropy_normalized,0.37841318640017996,0.0037852788006540756,0.004813626399794933,0.0001906772705792226,0.4431050205410733,0.00012998586715399905,300
9,7,2,0.7777777777777778,7.0,8.0,2304,fock_entropy_normalized,0.3548449739823533,0.0035103327861417347,0.004065186965104167,0.00014006938366307908,0.44148205569694,0.0001578197263383143,300
9,7,2,0.7777777777777778,7.0,9.0,2304,fock_entropy_normalized,0.3364878385938434,0.0032193308323006944,0.0035967342160314994,0.0001074507015170692,0.43989408913865663,0.00017987169762682782,300
9,7,2,0.7777777777777778,7.0,10.0,2304,fock_entropy_normalized,0.31546553483058337,0.0030322829145665886,0.0030846585469013334,9.196705961433541e-05,0.43820106308875334,0.0001986321382484319,300
9,7,2,0.7777777777777778,8.0,1.0,2304,fock_entropy_normalized,0.8017341602249033,0.0004275104437184506,0.11782380940459132,0.0005167222705089822,0.44364800413589667,5.404434226477487e-07,300
9,7,2,0.7777777777777778,8.0,2.0,2304,fock_entropy_normalized,0.7321570653188132,0.0020428811223038128,0.063928311817565,0.001173637619242786,0.4435435537063167,1.0322257179576421e-05,300
9,7,2,0.7777777777777778,8.0,3.0,2304,fock_entropy_normalized,0.6260057722543233,0.004027012538866613,0.029853994043719703,0.001023735228900901,0.4441424058081533,3.67960170062252e-05,300
9,7,2,0.7777777777777778,8.0,4.0,2304,fock_entropy_normalized,0.50595232681403,0.00524265489338138,0.013647403244102598,0.0007376259915823691,0.44519490684223667,4.4090001442650964e-05,300
9,7,2,0.7777777777777778,8.0,5.0,2304,fock_entropy_normalized,0.43144144434360004,0.004310313741212469,0.007302675008299199,0.00030008806467259405,0.44551570873706337,4.29121351329799e-05,300
9,7,2,0.7777777777777778,8.0,6.0,2304,fock_entropy_normalized,0.38320470694873665,0.004439312878858507,0.005432871449643167,0.0003159338747668759,0.44522746652243333,6.459574675293211e-05,300
9,7,2,0.7777777777777778,8.0,7.0,2304,fock_entropy_normalized,0.34399925537468995,0.004022397078166644,0.0039473737662767,0.00018065821017189065,0.4444306488960266,0.000106322549040632,300
9,7,2,0.7777777777777778,8.0,8.0,2304,fock_entropy_normalized,0.31876128287260663,0.003365942043285529,0.0031650007312034,9.432087768714591e-05,0.4431204500858733,0.00014080626408711634,300
9,7,2,0.7777777777777778,8.0,9.0,2304,fock_entropy_normalized,0.30079954012210663,0.003384564499683313,0.0028725512494328,0.00010367821907999822,0.44162891615780336,0.00018344313327427894,300
9,7,2,0.7777777777777778,8.0,10.0,2304,fock_entropy_normalized,0.28601080631768666,0.0027912906186485322,0.0025404766829337337,6.444416218329127e-05,0.44011886921971666,0.00018373222184855811,300
9,7,2,0.7777777777777778,9.0,1.0,2304,fock_entropy_normalized,0.79501240272725,0.0004568152081184242,0.11183096596690999,0.000509856665614497,0.44381225530114665,4.6778407809192144e-07,300
9,7,2,0.7777777777777778,9.0,2.0,2304,fock_entropy_normalized,0.7298327134055966,0.002007927967116205,0.06341304033931201,0.001099032829886858,0.4437872467954667,4.260994387682102e-06,300
9,7,2,0.7777777777777778,9.0,3.0,2304,fock_entropy_normalized,0.60177454849417,0.004404527583156687,0.02575404986191977,0.0009631486262872799,0.4443389215078166,3.5656410477700555e-05,300
9,7,2,0.7777777777777778,9.0,4.0,2304,fock_entropy_normalized,0.49182021945027005,0.004823622129326009,0.011829579310428431,0.000528036709499542,0.4453562218835367,4.50152582980341e-05,300
9,7,2,0.7777777777777778,9.0,5.0,2304,fock_entropy_normalized,0.4126200956044733,0.005071234083137623,0.007045619453516266,0.0003744523800657727,0.44590239804928333,4.4881058996152425e-05,300
9,7,2,0.7777777777777778,9.0,6.0,2304,fock_entropy_normalized,0.3660073234550533,0.004740890828942137,0.0049644991828353,0.0002615473463277052,0.44587053929254,5.4738395514559685e-05,300
9,7,2,0.7777777777777778,9.0,7.0,2304,fock_entropy_normalized,0.32541655986099666,0.003980879973445334,0.003529362960481866,0.00013452702261666154,0.44557893400576004,7.22422368645222e-05,300
9,7,2,0.7777777777777778,9.0,8.0,2304,fock_entropy_normalized,0.28985247875992665,0.0031892613165402394,0.002607276056549497,7.540732430455876e-05,0.44455938408972673,0.00011041162596572699,300
9,7,2,0.7777777777777778,9.0,9.0,2304,fock_entropy_normalized,0.26836370830576667,0.0032351671494621963,0.0023004359068291833,8.616719412852564e-05,0.4435177626012866,0.00013764680870393287,300
9,7,2,0.7777777777777778,9.0,10.0,2304,fock_entropy_normalized,0.26433487568631336,0.002964024836222038,0.002196818941048747,5.925376638052488e-05,0.44229152123793997,0.00016307752805917746,300
9,7,2,0.7777777777777778,10.0,1.0,2304,fock_entropy_normalized,0.7913106977777267,0.00045455972843622925,0.109117077163579,0.0004843355064767223,0.4439311200461334,3.989560246030279e-07,300
9,7,2,0.7777777777777778,10.0,2.0,2304,fock_entropy_normalized,0.7171571268085766,0.002172616542732643,0.05796564298380934,0.0011159991034267764,0.44391435734027673,1.6854306696836267e-06,300
9,7,2,0.7777777777777778,10.0,3.0,2304,fock_entropy_normalized,0.5995063713619466,0.004329103949033846,0.0252084433739765,0.0009114547038929583,0.44425875280902327,2.68635245700638e-05,300
9,7,2,0.7777777777777778,10.0,4.0,2304,fock_entropy_normalized,0.49641249255037007,0.005201768900392302,0.0126496572482921,0.0005841053235227707,0.4450840177099667,4.4672135771257533e-05,300
9,7,2,0.7777777777777778,10.0,5.0,2304,fock_entropy_normalized,0.4046490827120333,0.005033091352559661,0.006659248496278399,0.00032643463196930963,0.44596223746442,4.66178572126344e-05,300
9,7,2,0.7777777777777778,10.0,6.0,2304,fock_entropy_normalized,0.34739904728413007,0.004688889498881057,0.004476511922928366,0.0002354916581868946,0.4462526588008933,5.426165952900638e-05,300
9,7,2,0.7777777777777778,10.0,7.0,2304,fock_entropy_normalized,0.3056832398789567,0.003755092368918921,0.0030750900223529332,0.00011636452135617583,0.4460091985228866,5.677982682800045e-05,300
9,7,2,0.7777777777777778,10.0,8.0,2304,fock_entropy_normalized,0.28189056862162,0.0035717762478415524,0.00262937104392958,0.00010876123098284495,0.4457386901569233,9.537964523632842e-05,300
9,7,2,0.7777777777777778,10.0,9.0,2304,fock_entropy_normalized,0.26488091440558,0.0036513267892152547,0.0023748456957073433,0.00010238486486967317,0.44475393981317335,0.00012026226387637742,300
9,7,2,0.7777777777777778,10.0,10.0,2304,fock_entropy_normalized,0.23994452836081667,0.0028318751371328235,0.0018745820473125001,4.725554066867195e-05,0.4434457904568999,0.0001555690901338185,300
9,8,2,0.8888888888888888,1.0,1.0,2907,fock_entropy_normalized,0.90324873555894,3.6639186404091225e-05,0.3091077591934367,0.0001457021530612627,0.5497570105293732,3.878935867790462e-05,300
9,8,2,0.8888888888888888,1.0,2.0,2907,fock_entropy_normalized,0.8960914212566135,0.00022893425519562036,0.28250309913897664,0.0008247497862964197,0.5448920078215367,0.00011045625646457629,300
9,8,2,0.8888888888888888,1.0,3.0,2907,fock_entropy_normalized,0.8751297785661167,0.0009174725472255433,0.22011973283195468,0.0023445426705413367,0.5390720930324534,0.0001476157627084559,300
9,8,2,0.8888888888888888,1.0,4.0,2907,fock_entropy_normalized,0.8333581205345334,0.002754056323045051,0.15094933218822632,0.003656961121131794,0.53493037610824,0.00016575657729309734,300
9,8,2,0.8888888888888888,1.0,5.0,2907,fock_entropy_normalized,0.7671089802140467,0.004558233039256673,0.0896550575392369,0.003453991265076343,0.5317479281612967,0.00016807543725363383,300
9,8,2,0.8888888888888888,1.0,6.0,2907,fock_entropy_normalized,0.6784972044308599,0.006143026788084467,0.048766732333656734,0.0026332918474951225,0.5288684532157966,0.00013523456957819917,300
9,8,2,0.8888888888888888,1.0,7.0,2907,fock_entropy_normalized,0.5906958771812967,0.006674122916636593,0.025956417594655102,0.001817004141449186,0.5268995793632967,0.00013024110702449884,300
9,8,2,0.8888888888888888,1.0,8.0,2907,fock_entropy_normalized,0.5353891052038067,0.007117940253980937,0.0183903512937871,0.0014327534599551503,0.5259376240131334,0.00011704381040330842,300
9,8,2,0.8888888888888888,1.0,9.0,2907,fock_entropy_normalized,0.47246737110529335,0.006934935897703301,0.011342696069596266,0.0010530393253582978,0.5250244269046633,0.00012249077059803024,300
9,8,2,0.8888888888888888,1.0,10.0,2907,fock_entropy_normalized,0.41850904313446996,0.007083266216454703,0.007978432132167257,0.0007548955113968912,0.5240156422948465,0.00012145088410068488,300
9,8,2,0.8888888888888888,2.0,1.0,2907,fock_entropy_normalized,0.8934839083254467,4.8409981896039916e-05,0.27178171842999,0.0001700055186105604,0.5474597586648067,2.137768688005237e-05,300
9,8,2,0.8888888888888888,2.0,2.0,2907,fock_entropy_normalized,0.8852368335107034,0.00024212444153338627,0.24519174371466,0.0007535070021867307,0.5450774618176233,5.7961769269938036e-05,300
9,8,2,0.8888888888888888,2.0,3.0,2907,fock_entropy_normalized,0.8660835122760934,0.0008473090048057664,0.19609963957527632,0.0018194897735596158,0.5416833566585867,0.00010149733867378405,300
9,8,2,0.8888888888888888,2.0,4.0,2907,fock_entropy_normalized,0.8267693378042333,0.00242550150872721,0.13624400111243934,0.002867369157922237,0.53820575797386,0.00014600885316190719,300
9,8,2,0.8888888888888888,2.0,5.0,2907,fock_entropy_normalized,0.7509370214501467,0.004698014447110959,0.07824238106300271,0.0030083771396739096,0.5347072782417099,0.00016022085359021645,300
9,8,2,0.8888888888888888,2.0,6.0,2907,fock_entropy_normalized,0.6864166985489333,0.006182939299351911,0.0513560605015643,0.0024546065086153953,0.5321785058702201,0.0001662623974811427,300
9,8,2,0.8888888888888888,2.0,7.0,2907,fock_entropy_normalized,0.6127672930151133,0.007065040704727984,0.031778979349987926,0.001963422363090856,0.53017136593642,0.00014556051129373026,300
9,8,2,0.8888888888888888,2.0,8.0,2907,fock_entropy_normalized,0.5432642102243034,0.007287855056363287,0.0191360267023108,0.0012444585683621355,0.5284828234165999,0.00012808142269817054,300
9,8,2,0.8888888888888888,2.0,9.0,2907,fock_entropy_normalized,0.49179453475426327,0.007484967099154611,0.014257167093662367,0.0011377040350601464,0.5272810629113968,0.0001394929469705272,300
9,8,2,0.8888888888888888,2.0,10.0,2907,fock_entropy_normalized,0.4364674020582834,0.007149452924160651,0.009100795530818913,0.0007308206617131044,0.5261410412506634,0.00013848475201272441,300
9,8,2,0.8888888888888888,3.0,1.0,2907,fock_entropy_normalized,0.8734798775015933,6.205190404682711e-05,0.21210398014064336,0.0002183705228735021,0.5460661254354133,6.6720383453725e-06,300
9,8,2,0.8888888888888888,3.0,2.0,2907,fock_entropy_normalized,0.8628737066176001,0.00032662084006311034,0.18341039549995666,0.0008049107283776825,0.5452795799903334,2.4139923624012308e-05,300
9,8,2,0.8888888888888888,3.0,3.0,2907,fock_entropy_normalized,0.8407873557505601,0.0009510005828388025,0.142631692706903,0.0015310016201180803,0.5436916005329234,6.370926042324121e-05,300
9,8,2,0.8888888888888888,3.0,4.0,2907,fock_entropy_normalized,0.7986136836822099,0.0021664794457932003,0.097110184842083,0.0018756549815983669,0.54120633190701,0.00010413404314658872,300
9,8,2,0.8888888888888888,3.0,5.0,2907,fock_entropy_normalized,0.7438598441135167,0.00407459747886367,0.06696102121046764,0.0021427179225214344,0.5386521173948,0.0001486540943124406,300
9,8,2,0.8888888888888888,3.0,6.0,2907,fock_entropy_normalized,0.6678713175085433,0.005839993789459574,0.0413689661821916,0.0018175506465066618,0.5361931476056967,0.00016341143520421798,300
9,8,2,0.8888888888888888,3.0,7.0,2907,fock_entropy_normalized,0.58986857070873,0.006286717929316045,0.023590469544511068,0.0011951817627548571,0.5335209757282167,0.00015084956593316333,300
9,8,2,0.8888888888888888,3.0,8.0,2907,fock_entropy_normalized,0.53935839508248,0.006729221919102555,0.017527858452777264,0.0010979451026722437,0.53193996803214,0.00015551218288801266,300
9,8,2,0.8888888888888888,3.0,9.0,2907,fock_entropy_normalized,0.47653510917664677,0.006505453717337084,0.0110007811519347,0.0007484431311918496,0.53017458104268,0.00014179066331567212,300
9,8,2,0.8888888888888888,3.0,10.0,2907,fock_entropy_normalized,0.44137767945906337,0.006131426667148085,0.008094294539252433,0.0004824592744960698,0.5289128804220666,0.0001423708785393989,300
9,8,2,0.8888888888888888,4.0,1.0,2907,fock_entropy_normalized,0.84215030654788,0.00010477733815976856,0.15096516404834,0.00024010031834970007,0.54486254035211,4.821211082076934e-06,300
9,8,2,0.8888888888888888,4.0,2.0,2907,fock_entropy_normalized,0.8257494229704501,0.0005352785320968519,0.120467925942949,0.0008189352477220725,0.5448895718274566,8.922056140040901e-06,300
9,8,2,0.8888888888888888,4.0,3.0,2907,fock_entropy_normalized,0.7928869932483034,0.0012774138048979324,0.08461807284063902,0.001117589580389781,0.54453832048033,2.9495491674443975e-05,300
9,8,2,0.8888888888888888,4.0,4.0,2907,fock_entropy_normalized,0.7485754376501667,0.0024837023757625968,0.05864472402396066,0.001255181941779059,0.5434153397019834,6.490809057492967e-05,300
9,8,2,0.8888888888888888,4.0,5.0,2907,fock_entropy_normalized,0.6953692135896367,0.003678356734309532,0.040440074623161903,0.0011394163542655803,0.5417794443540633,0.00010878672769266962,300
9,8,2,0.8888888888888888,4.0,6.0,2907,fock_entropy_normalized,0.6339337179457932,0.004645158012458264,0.027137841287815767,0.0009736441672116073,0.5396102275746634,0.000136946018504388,300
9,8,2,0.8888888888888888,4.0,7.0,2907,fock_entropy_normalized,0.5733028655194601,0.005327825570305084,0.0185887568895995,0.0008216086244609199,0.5373795912372766,0.00016662991026312178,300
9,8,2,0.8888888888888888,4.0,8.0,2907,fock_entropy_normalized,0.5191000740753333,0.005557123179391277,0.0129366009468524,0.000610419774801395,0.5352620692341533,0.00016142590010726515,300
9,8,2,0.8888888888888888,4.0,9.0,2907,fock_entropy_normalized,0.47121390100266664,0.005971900694947362,0.009728138396516867,0.0005277885702561877,0.5335099903886767,0.00016863234015784167,300
9,8,2,0.8888888888888888,4.0,10.0,2907,fock_entropy_normalized,0.43473444671553335,0.0056923434850398415,0.007207375978603966,0.000339605060666763,0.5319973723567267,0.00015031938901918153,300
9,8,2,0.8888888888888888,5.0,1.0,2907,fock_entropy_normalized,0.8063485089748966,0.0002295488692076319,0.11311748591655334,0.0003255467254574692,0.5446559588892166,3.6899043456899524e-06,300
9,8,2,0.8888888888888888,5.0,2.0,2907,fock_entropy_normalized,0.7789384526253,0.0009211881361466703,0.08140236341448334,0.0008465541733609788,0.5445409044586267,7.065096197495514e-06,300
9,8,2,0.8888888888888888,5.0,3.0,2907,fock_entropy_normalized,0.7351659592775767,0.0018966280241415074,0.05297576177095167,0.0009730694934114748,0.5446733755348034,1.779133966054121e-05,300
9,8,2,0.8888888888888888,5.0,4.0,2907,fock_entropy_normalized,0.6676819467369532,0.0028991456810784563,0.0301910646732212,0.0007843958274243684,0.54435584861415,4.066859400015428e-05,300
9,8,2,0.8888888888888888,5.0,5.0,2907,fock_entropy_normalized,0.6244940018233534,0.003376758461137346,0.021912722704978935,0.0006011195324498638,0.5436869646191334,7.201708709405008e-05,300
9,8,2,0.8888888888888888,5.0,6.0,2907,fock_entropy_normalized,0.5718640007148132,0.0038112693495361252,0.015701868510191633,0.0005519541141113959,0.54205599593512,0.00010340603271083378,300
9,8,2,0.8888888888888888,5.0,7.0,2907,fock_entropy_normalized,0.5216315372449867,0.0047094634610019386,0.0119218125526931,0.00047566810762738503,0.5401996013833966,0.00014686825213940344,300
9,8,2,0.8888888888888888,5.0,8.0,2907,fock_entropy_normalized,0.47724140862033343,0.004652813152352292,0.008743262930829667,0.0003567838316750921,0.53860223563659,0.0001553909331331021,300
9,8,2,0.8888888888888888,5.0,9.0,2907,fock_entropy_normalized,0.4292626822681767,0.004487440333001026,0.006205834355677167,0.00022246766334926233,0.5366225139943633,0.00016537415607771033,300
9,8,2,0.8888888888888888,5.0,10.0,2907,fock_entropy_normalized,0.3930659203729633,0.004749524004241082,0.004968063862195377,0.00018932306967070657,0.53479272339572,0.00018377333369438634,300
9,8,2,0.8888888888888888,6.0,1.0,2907,fock_entropy_normalized,0.78399377269248,0.0004012721489099071,0.09839036580845266,0.00034579926413293356,0.5447002429731833,2.0936737988331048e-06,300
9,8,2,0.8888888888888888,6.0,2.0,2907,fock_entropy_normalized,0.73354305719633,0.0013232178101035064,0.06214686100089934,0.0008188399633548458,0.5445148168161534,4.584676096184618e-06,300
9,8,2,0.8888888888888888,6.0,3.0,2907,fock_entropy_normalized,0.6720276586742834,0.002527095798413539,0.03547313031526227,0.0008060138997479637,0.5445598830896,1.1626337579890388e-05,300
9,8,2,0.8888888888888888,6.0,4.0,2907,fock_entropy_normalized,0.6043728839704934,0.00318421009212965,0.020281578799490066,0.0006217517381202381,0.5447598630259833,2.913608866537303e-05,300
9,8,2,0.8888888888888888,6.0,5.0,2907,fock_entropy_normalized,0.5501441124001233,0.003754851644004072,0.013577166836945901,0.00048410401394144556,0.5444936406455401,4.166423479314628e-05,300
9,8,2,0.8888888888888888,6.0,6.0,2907,fock_entropy_normalized,0.4980029612230667,0.003954059279388282,0.009304911308793866,0.0003534845668109422,0.54370918657075,7.396087311974295e-05,300
9,8,2,0.8888888888888888,6.0,7.0,2907,fock_entropy_normalized,0.4602251791769033,0.003752202159515269,0.007096822031425499,0.0002463246012382544,0.5424441735444466,0.00010496330158373267,300
9,8,2,0.8888888888888888,6.0,8.0,2907,fock_entropy_normalized,0.42413181891571006,0.0036308093193177533,0.005609399716563433,0.00016945063229048855,0.5408271001976632,0.00013257608259968057,300
9,8,2,0.8888888888888888,6.0,9.0,2907,fock_entropy_normalized,0.4067891194809766,0.003823286923763775,0.005092210614956301,0.00016811169451712066,0.5395334962858033,0.00015876983716560936,300
9,8,2,0.8888888888888888,6.0,10.0,2907,fock_entropy_normalized,0.37695587843428,0.003915693727545104,0.0041730830103862,0.00014572411485424625,0.5379416176039367,0.00017507884575501288,300
9,8,2,0.8888888888888888,7.0,1.0,2907,fock_entropy_normalized,0.77140325976619,0.0004976067698039018,0.090802231021381,0.0003550226277495994,0.5447684871812434,1.538581252849594e-06,300
9,8,2,0.8888888888888888,7.0,2.0,2907,fock_entropy_normalized,0.7085623464594166,0.0017554573238591136,0.055837138245785345,0.0008221195446596598,0.5446407946283633,3.065123335205921e-06,300
9,8,2,0.8888888888888888,7.0,3.0,2907,fock_entropy_normalized,0.6285102951134667,0.0031357727760903753,0.0292470766775525,0.0008462016477916563,0.54457340924399,6.4841101101605025e-06,300
9,8,2,0.8888888888888888,7.0,4.0,2907,fock_entropy_normalized,0.5474265306748566,0.0036951887870112915,0.014874193183023,0.0005386699013660262,0.5447330085552466,1.7131124644987344e-05,300
9,8,2,0.8888888888888888,7.0,5.0,2907,fock_entropy_normalized,0.48654889285930003,0.0038952505741745255,0.009110318135648334,0.00034399101079315086,0.5447713038908034,3.494752426035717e-05,300
9,8,2,0.8888888888888888,7.0,6.0,2907,fock_entropy_normalized,0.4468382684930734,0.0037912229218381058,0.006714459635786134,0.000249224754081794,0.5444266674697666,5.169278080003777e-05,300
9,8,2,0.8888888888888888,7.0,7.0,2907,fock_entropy_normalized,0.40231328014337664,0.003675836719309113,0.004762764820815433,0.00016962547029108848,0.5437655888864766,7.448007096129923e-05,300
9,8,2,0.8888888888888888,7.0,8.0,2907,fock_entropy_normalized,0.37690404467827004,0.003323210095823987,0.0039578044843634665,0.0001224819337872118,0.5426401551280468,0.00010849369071279644,300
9,8,2,0.8888888888888888,7.0,9.0,2907,fock_entropy_normalized,0.35817493899353,0.0033265850834852135,0.0035651190659896667,0.0001286457975217474,0.5414189211423167,0.00012805981926984156,300
9,8,2,0.8888888888888888,7.0,10.0,2907,fock_entropy_normalized,0.33566750137473,0.00309565689696372,0.0030405148902590334,8.904505142552417e-05,0.54003540264507,0.00014962113629295287,300
9,8,2,0.8888888888888888,8.0,1.0,2907,fock_entropy_normalized,0.7621491910194567,0.0005588767597345243,0.085660066073943,0.0003547588108793572,0.5448323251891067,1.0883210364107717e-06,300
9,8,2,0.8888888888888888,8.0,2.0,2907,fock_entropy_normalized,0.6926986438534766,0.0020274138248207204,0.051647145287242666,0.0007919783263199979,0.5447430291382833,2.1439108900916903e-06,300
9,8,2,0.8888888888888888,8.0,3.0,2907,fock_entropy_normalized,0.5982324793824199,0.003208485511066525,0.024601690282767697,0.0006744386082388374,0.5446545382363701,3.307332697944902e-06,300
9,8,2,0.8888888888888888,8.0,4.0,2907,fock_entropy_normalized,0.5145108323189034,0.004224585683706887,0.013324738613406568,0.00060411672350931,0.5447074550768699,1.108983491377155e-05,300
9,8,2,0.8888888888888888,8.0,5.0,2907,fock_entropy_normalized,0.44856029688205334,0.00401817953264723,0.007469327008691099,0.00030871347603131616,0.5448795357569735,2.8213435617257827e-05,300
9,8,2,0.8888888888888888,8.0,6.0,2907,fock_entropy_normalized,0.40312386864757666,0.004179929408486009,0.0053107248498203,0.00022326596178974892,0.5448256964639334,3.669263012368922e-05,300
9,8,2,0.8888888888888888,8.0,7.0,2907,fock_entropy_normalized,0.36907836382720666,0.0037572329523171597,0.003948422361989833,0.000155109718402876,0.5445696402990966,5.642485476657686e-05,300
9,8,2,0.8888888888888888,8.0,8.0,2907,fock_entropy_normalized,0.3371213530378633,0.003442659468368811,0.0031122768523292334,0.00012416882679044044,0.5437741586441667,8.063868131161513e-05,300
9,8,2,0.8888888888888888,8.0,9.0,2907,fock_entropy_normalized,0.32266798107608335,0.003256090453192039,0.0027875543761770568,8.968999691784488e-05,0.5427203436253933,0.00010684263802838463,300
9,8,2,0.8888888888888888,8.0,10.0,2907,fock_entropy_normalized,0.30650112877523666,0.003024023481936559,0.0024650446907187,6.73000758460053e-05,0.5420033650665633,0.00013340765995998246,300
9,8,2,0.8888888888888888,9.0,1.0,2907,fock_entropy_normalized,0.7530265943406499,0.0005757651795765796,0.08067741662946366,0.0003287539954264585,0.5448822328544167,7.337584372562661e-07,300
9,8,2,0.8888888888888888,9.0,2.0,2907,fock_entropy_normalized,0.6808743423157366,0.0020416484632426297,0.048266915029505676,0.000757274038717689,0.54481938517951,1.408141400490402e-06,300
9,8,2,0.8888888888888888,9.0,3.0,2907,fock_entropy_normalized,0.5787595493393,0.0036970871347616198,0.02269968785622277,0.0007139172625262024,0.54475100271246,2.375841036404456e-06,300
9,8,2,0.8888888888888888,9.0,4.0,2907,fock_entropy_normalized,0.49715092573132336,0.004456357196268025,0.012314354496739866,0.0005534339135779148,0.5447323700513567,5.66092149694802e-06,300
9,8,2,0.8888888888888888,9.0,5.0,2907,fock_entropy_normalized,0.42623097940126004,0.004112896779565436,0.006801966753673166,0.0003153015418268644,0.54481896588585,1.7135369124021765e-05,300
9,8,2,0.8888888888888888,9.0,6.0,2907,fock_entropy_normalized,0.3711635254681333,0.0036948981236476328,0.004220458071645866,0.00017927368853774773,0.5449586215975667,3.3067790578906004e-05,300
9,8,2,0.8888888888888888,9.0,7.0,2907,fock_entropy_normalized,0.33327534310936663,0.003741387048364092,0.0031767157999747766,0.00013154663478627337,0.5448515949067166,5.232586741137039e-05,300
9,8,2,0.8888888888888888,9.0,8.0,2907,fock_entropy_normalized,0.31046298945373335,0.003376373645055062,0.0025840436210369066,8.092526115141809e-05,0.5445072959639067,6.080810784499109e-05,300
9,8,2,0.8888888888888888,9.0,9.0,2907,fock_entropy_normalized,0.2909218374026733,0.0032613303316928037,0.0022259309365341698,6.780359389957375e-05,0.5439251753649533,8.634082825467915e-05,300
9,8,2,0.8888888888888888,9.0,10.0,2907,fock_entropy_normalized,0.27897185100668004,0.0029575579216734723,0.00205061307619488,5.869767568113467e-05,0.5431045187234901,9.915467856162518e-05,300
9,8,2,0.8888888888888888,10.0,1.0,2907,fock_entropy_normalized,0.7472106459800799,0.0006126580868950499,0.07787813401772667,0.00032742999976821435,0.5449243659333635,5.49044278724209e-07,300
9,8,2,0.8888888888888888,10.0,2.0,2907,fock_entropy_normalized,0.6731769856257434,0.0020317422912941208,0.046598131477921335,0.0007006845346514208,0.5448784481382567,1.0246572694750752e-06,300
9,8,2,0.8888888888888888,10.0,3.0,2907,fock_entropy_normalized,0.5754676622006634,0.003778397165168821,0.02298110305171277,0.0007400646014924564,0.5448330836863865,1.650733092698442e-06,300
9,8,2,0.8888888888888888,10.0,4.0,2907,fock_entropy_normalized,0.4725239617653233,0.00436567883972508,0.010325009627316266,0.0004268253868262083,0.5447969313821566,3.303019505544895e-06,300
9,8,2,0.8888888888888888,10.0,5.0,2907,fock_entropy_normalized,0.40581641623061,0.004374529684949434,0.006133038000194667,0.00028356502697817246,0.54483516601366,1.2627932247691976e-05,300
9,8,2,0.8888888888888888,10.0,6.0,2907,fock_entropy_normalized,0.36026949826401,0.0042314860181124235,0.004234220804916767,0.0001942126848996197,0.5449772653866133,2.251249074238504e-05,300
9,8,2,0.8888888888888888,10.0,7.0,2907,fock_entropy_normalized,0.32197078121804334,0.003762631852682403,0.0030709229017308335,0.00014098781879604152,0.54504683487882,4.20923759429386e-05,300
9,8,2,0.8888888888888888,10.0,8.0,2907,fock_entropy_normalized,0.2886293568954833,0.0032638643599308594,0.0022487231762670203,6.870857409930615e-05,0.5449503084713666,4.810925392333865e-05,300
9,8,2,0.8888888888888888,10.0,9.0,2907,fock_entropy_normalized,0.27094012433323666,0.003638980712739889,0.002090016253556377,0.00010115574169172102,0.5446610670731933,6.411476421542911e-05,300
9,8,2,0.8888888888888888,10.0,10.0,2907,fock_entropy_normalized,0.2572971725897467,0.0033154791848128405,0.0018258668851136636,6.91201779769205e-05,0.5440717715805667,8.508252992100823e-05,300
9,9,2,1.0,1.0,1.0,3139,fock_entropy_normalized,0.9045291663152132,3.28212805400665e-05,0.3104856345078967,0.00013395988037751715,0.6593430681218967,4.084029816313925e-05,300
9,9,2,1.0,1.0,2.0,3139,fock_entropy_normalized,0.8976462360334365,0.00020677173747361624,0.2845229844113733,0.0007632859746234769,0.6538802017845933,0.00011347922814002929,300
9,9,2,1.0,1.0,3.0,3139,fock_entropy_normalized,0.8804260021795767,0.0007911519846282177,0.23113361826280998,0.0021886686074834797,0.6482829817742666,0.00015702905129754788,300
9,9,2,1.0,1.0,4.0,3139,fock_entropy_normalized,0.8416540146589667,0.0023509433922907657,0.157717906049922,0.003482950374016987,0.6435921616105234,0.000169624056708388,300
9,9,2,1.0,1.0,5.0,3139,fock_entropy_normalized,0.7802860359575167,0.004370523692694442,0.098602195018381,0.003673668413234673,0.6403878651186866,0.00017320468724741728,300
9,9,2,1.0,1.0,6.0,3139,fock_entropy_normalized,0.6943329437210334,0.006247455850643695,0.05499614414563692,0.0029733070992797586,0.6377614780990734,0.00015739376046442727,300
9,9,2,1.0,1.0,7.0,3139,fock_entropy_normalized,0.61778841317644,0.006840966279562434,0.0318614353031512,0.0021897345171634844,0.6357261354106934,0.00014163745090990006,300
9,9,2,1.0,1.0,8.0,3139,fock_entropy_normalized,0.5494682615965067,0.0070719122516422666,0.019856702828397466,0.0015593742060831665,0.6341985278054733,0.00013197765582637433,300
9,9,2,1.0,1.0,9.0,3139,fock_entropy_normalized,0.49325398759232997,0.007550347515411251,0.014032998522184764,0.001243919840650737,0.63318303991966,0.0001227717991502971,300
9,9,2,1.0,1.0,10.0,3139,fock_entropy_normalized,0.44852840237041997,0.006911978763529985,0.00944773569605921,0.0009536299285649577,0.6324910176621901,0.00011657255601759451,300
9,9,2,1.0,2.0,1.0,3139,fock_entropy_normalized,0.8956261965923666,4.4468998332149474e-05,0.2753795018519933,0.0001596680585907667,0.6545858149575366,7.676610370565342e-06,300
9,9,2,1.0,2.0,2.0,3139,fock_entropy_normalized,0.88804528950551,0.00023070136049862353,0.25065114889206,0.0007328188726806091,0.65322987800354,4.669997829367178e-05,300
9,9,2,1.0,2.0,3.0,3139,fock_entropy_normalized,0.8703373810818134,0.0007644791879594783,0.20309650415855798,0.0017822314087346993,0.6500775818010532,0.00010170569019116104,300
9,9,2,1.0,2.0,4.0,3139,fock_entropy_normalized,0.8365513036509167,0.0019046897789449582,0.144762394116615,0.002717978883370407,0.6466491640765766,0.00014035349731660233,300
9,9,2,1.0,2.0,5.0,3139,fock_entropy_normalized,0.7760295427351035,0.003977956760403265,0.09153435972692875,0.003091674135322032,0.6432093352574232,0.00016102152910537544,300
9,9,2,1.0,2.0,6.0,3139,fock_entropy_normalized,0.7108008445406934,0.005812486325580194,0.059524172849812255,0.0026433888123511425,0.6408477660885866,0.0001495118791402339,300
9,9,2,1.0,2.0,7.0,3139,fock_entropy_normalized,0.6288883092889334,0.007173924628293438,0.03572749211774644,0.002141004039277594,0.6385174127247534,0.00016807598284646966,300
9,9,2,1.0,2.0,8.0,3139,fock_entropy_normalized,0.5635696859654367,0.007421559282019154,0.0219636458828536,0.0014873317188850211,0.6368640411450534,0.0001371490576426228,300
9,9,2,1.0,2.0,9.0,3139,fock_entropy_normalized,0.5069131291271066,0.007537972941061724,0.015396695186790387,0.001295760869620842,0.6355496287422966,0.00013631737957797563,300
9,9,2,1.0,2.0,10.0,3139,fock_entropy_normalized,0.44743096901853335,0.007358301021697432,0.009553392564076406,0.0007519435837929116,0.6342060192881934,0.00012604377093970912,300
9,9,2,1.0,3.0,1.0,3139,fock_entropy_normalized,0.8789499525533567,7.179785101127077e-05,0.22285168091036336,0.00024069170451500776,0.6516218438795167,1.8238402597882783e-05,300
9,9,2,1.0,3.0,2.0,3139,fock_entropy_normalized,0.86873695241894,0.0002881826353514966,0.1943688070692433,0.0007387400320559278,0.6526394925112966,1.643281617366367e-05,300
9,9,2,1.0,3.0,3.0,3139,fock_entropy_normalized,0.8499444554695734,0.0007621773613681678,0.155290663312631,0.0013679253249044721,0.6519149210699068,4.8431467326675985e-05,300
9,9,2,1.0,3.0,4.0,3139,fock_entropy_normalized,0.8164374086995301,0.0018279582398862096,0.11292334721818766,0.002005821181744362,0.6497800449988601,9.807989972732745e-05,300
9,9,2,1.0,3.0,5.0,3139,fock_entropy_normalized,0.7634153081363168,0.0033058924357912017,0.07383918289597301,0.001989485488431236,0.6470229994496965,0.0001274219099048484,300
9,9,2,1.0,3.0,6.0,3139,fock_entropy_normalized,0.6911982052409833,0.005385659309779103,0.046602670350727064,0.0018407426254564967,0.64451314961342,0.00015691720190683084,300
9,9,2,1.0,3.0,7.0,3139,fock_entropy_normalized,0.6345763513729801,0.00657522297335912,0.0344127007934557,0.0018730967048231073,0.6423996941467532,0.00017670536187293516,300
9,9,2,1.0,3.0,8.0,3139,fock_entropy_normalized,0.5592672089468866,0.006606230499859591,0.019426016663974834,0.001147018178781643,0.64006459487611,0.00013974208955580027,300
9,9,2,1.0,3.0,9.0,3139,fock_entropy_normalized,0.5001784861424966,0.0067589819660025,0.012418860794687535,0.0007349740553607137,0.63845519059212,0.00013687073577550835,300
9,9,2,1.0,3.0,10.0,3139,fock_entropy_normalized,0.45432784083358,0.006898109837028926,0.00966219375003448,0.0007999574367679971,0.6372853583545367,0.00014394300691004185,300
9,9,2,1.0,4.0,1.0,3139,fock_entropy_normalized,0.8573835294065933,0.00012405467567398127,0.17771179781324,0.0003197002745314933,0.6508154188695767,2.9502829111714885e-05,300
9,9,2,1.0,4.0,2.0,3139,fock_entropy_normalized,0.8399590430433467,0.00047407234206392604,0.13953189965009266,0.0008888710665535401,0.6526881364115,2.6836104325849804e-05,300
9,9,2,1.0,4.0,3.0,3139,fock_entropy_normalized,0.8114307021989132,0.0011637627484847905,0.10053941215244867,0.0012888690749387436,0.6530743388894568,3.0303942826069442e-05,300
9,9,2,1.0,4.0,4.0,3139,fock_entropy_normalized,0.7708617941558267,0.00214852715213177,0.06962077464473533,0.001396186722276098,0.6520027826075,7.164776281613102e-05,300
9,9,2,1.0,4.0,5.0,3139,fock_entropy_normalized,0.71569336648077,0.003295335517419993,0.045803605996702995,0.0012051359196624976,0.6500124193946166,0.0001089789678789013,300
9,9,2,1.0,4.0,6.0,3139,fock_entropy_normalized,0.6567755259826099,0.004226863360014651,0.030586540187311034,0.0009686123049116592,0.6476940177039967,0.00013987240125040232,300
9,9,2,1.0,4.0,7.0,3139,fock_entropy_normalized,0.6018125087604868,0.005259153493933108,0.02213031774997643,0.0009422053351167362,0.6456476568867534,0.0001575047123677514,300
9,9,2,1.0,4.0,8.0,3139,fock_entropy_normalized,0.5477647740926467,0.005491306051067016,0.015413505089959898,0.0007468597069366366,0.6437180173570867,0.00015744623550325394,300
9,9,2,1.0,4.0,9.0,3139,fock_entropy_normalized,0.49272812237285335,0.006372633693475934,0.011326640303146498,0.0006547696281337546,0.6418661116667767,0.00016566187460412797,300
9,9,2,1.0,4.0,10.0,3139,fock_entropy_normalized,0.4543320769299766,0.0061478886314902045,0.00849984073686404,0.0005220872160999205,0.6403719313313134,0.0001644081438560352,300
9,9,2,1.0,5.0,1.0,3139,fock_entropy_normalized,0.8358976073053067,0.00020906031550577153,0.14472908477071,0.000366898957961016,0.65253090212487,1.234492787252196e-05,300
9,9,2,1.0,5.0,2.0,3139,fock_entropy_normalized,0.8068874007675034,0.0008788493598905189,0.102524949909457,0.001126597892929906,0.6533918112126033,2.6351953361890025e-05,300
9,9,2,1.0,5.0,3.0,3139,fock_entropy_normalized,0.7592233371016067,0.0017728734617052956,0.06267800856862867,0.0011538603060021252,0.6541215136299601,2.5534982782618137e-05,300
9,9,2,1.0,5.0,4.0,3139,fock_entropy_normalized,0.6967757267192201,0.0025623318137370722,0.036252377111067664,0.0009099294759590509,0.6535724469169933,4.714836838111462e-05,300
9,9,2,1.0,5.0,5.0,3139,fock_entropy_normalized,0.6519337632362066,0.003343954977898871,0.026696532772703396,0.0007933940081470274,0.6524473959687468,9.280948011024319e-05,300
9,9,2,1.0,5.0,6.0,3139,fock_entropy_normalized,0.60419719233315,0.0038462989287335325,0.0191392446717336,0.0006240108005208779,0.65081587096169,0.00012471031341062128,300
9,9,2,1.0,5.0,7.0,3139,fock_entropy_normalized,0.5513482419459766,0.00420123460245366,0.013820261461547668,0.0004907804880581317,0.64870421850046,0.00015459322813665935,300
9,9,2,1.0,5.0,8.0,3139,fock_entropy_normalized,0.5101437744487466,0.004835683951662211,0.010738747195146565,0.000422053719432992,0.6468695006940699,0.0001706008955009775,300
9,9,2,1.0,5.0,9.0,3139,fock_entropy_normalized,0.45664574556250337,0.004739607584151121,0.0074180927255686,0.00029452815857341754,0.6447864693841567,0.00015847587813721774,300
9,9,2,1.0,5.0,10.0,3139,fock_entropy_normalized,0.42295916521015003,0.005120462138681574,0.006083594408132867,0.00028548797312456277,0.6432797540969066,0.00016798389511363845,300
9,9,2,1.0,6.0,1.0,3139,fock_entropy_normalized,0.8205981384088766,0.0002582937508626329,0.12819916758110667,0.0003823217330348714,0.6559322475361333,2.5495171087021092e-05,300
9,9,2,1.0,6.0,2.0,3139,fock_entropy_normalized,0.7787433582727801,0.0011890778447869812,0.08291731430781833,0.0010891695229687888,0.65471041927339,1.6174248593680093e-05,300
9,9,2,1.0,6.0,3.0,3139,fock_entropy_normalized,0.7102156875574699,0.002692134530613261,0.04464267635562367,0.0012258751525792097,0.6550296282405433,2.0068774649117728e-05,300
9,9,2,1.0,6.0,4.0,3139,fock_entropy_normalized,0.6443812393933434,0.0033258508376139352,0.025901009462158398,0.0008316692646705882,0.6550076395836267,3.912732311331893e-05,300
9,9,2,1.0,6.0,5.0,3139,fock_entropy_normalized,0.5729720785785567,0.0038291320464642524,0.015146909822511467,0.0005618942641082775,0.6540939077720267,7.509596741903301e-05,300
9,9,2,1.0,6.0,6.0,3139,fock_entropy_normalized,0.52935612096656,0.0037426295122199114,0.0108945722221589,0.0003469698783573555,0.6528921428721666,0.0001135051370847609,300
9,9,2,1.0,6.0,7.0,3139,fock_entropy_normalized,0.48305846612127673,0.0038214066985980473,0.008107799737486635,0.0002907222062336459,0.65099004189827,0.00013149553474215437,300
9,9,2,1.0,6.0,8.0,3139,fock_entropy_normalized,0.4558470884457367,0.003500847940058857,0.0067060535703134,0.00020647128044248866,0.64928292247165,0.00015580406848739894,300
9,9,2,1.0,6.0,9.0,3139,fock_entropy_normalized,0.4180767582060333,0.0036627107835754563,0.0052136729586485,0.0001696638876099258,0.6475444204548667,0.00017071433955291793,300
9,9,2,1.0,6.0,10.0,3139,fock_entropy_normalized,0.39066582017831336,0.00399341541251783,0.004444591674192833,0.00015773082168021632,0.6459813912671166,0.00017481895675518732,300
9,9,2,1.0,7.0,1.0,3139,fock_entropy_normalized,0.8097318110448134,0.00033626799125297674,0.11838221164664868,0.0004176814906242364,0.65842245388378,1.8148461976775322e-05,300
9,9,2,1.0,7.0,2.0,3139,fock_entropy_normalized,0.7586386236833866,0.0014668467482989562,0.07213177500851266,0.0010237061800448647,0.6564295416684933,3.0070116781926636e-05,300
9,9,2,1.0,7.0,3.0,3139,fock_entropy_normalized,0.67115258344912,0.00321993396170321,0.03476079410364657,0.0010606048833876247,0.65606875387964,1.965729654193073e-05,300
9,9,2,1.0,7.0,4.0,3139,fock_entropy_normalized,0.5972503097955466,0.00395993366143881,0.01970534333707107,0.000778471636256796,0.6560097575812001,2.8435774027117277e-05,300
9,9,2,1.0,7.0,5.0,3139,fock_entropy_normalized,0.5207509624196266,0.00413992535422536,0.0109895546951593,0.0004811259418386734,0.6554902924500933,5.776880165158173e-05,300
9,9,2,1.0,7.0,6.0,3139,fock_entropy_normalized,0.47409825439835335,0.004299967884123668,0.007991759124053033,0.00038315900205681023,0.6546102813387333,8.419505904243711e-05,300
9,9,2,1.0,7.0,7.0,3139,fock_entropy_normalized,0.42412527037206665,0.003731996017970423,0.005279620443616066,0.000182230190536242,0.6530174217952767,0.0001159240337927305,300
9,9,2,1.0,7.0,8.0,3139,fock_entropy_normalized,0.40556080141622997,0.003546582494822538,0.004645081087377834,0.00014208154743810143,0.6518736406746867,0.0001462983127977487,300
9,9,2,1.0,7.0,9.0,3139,fock_entropy_normalized,0.38183106830700664,0.0034126632418386513,0.003996216705526067,0.00012821933521821145,0.6501859314662933,0.00016326770116043983,300
9,9,2,1.0,7.0,10.0,3139,fock_entropy_normalized,0.3610726493128533,0.0036108366280189355,0.0035340271872961997,0.00012039665359938377,0.6481841779362068,0.00019487535726997674,300
9,9,2,1.0,8.0,1.0,3139,fock_entropy_normalized,0.8006524249636366,0.0003671622995908992,0.11004505470479067,0.00040185931854326936,0.6592528787087033,2.6723436821044172e-06,300
9,9,2,1.0,8.0,2.0,3139,fock_entropy_normalized,0.74626387025461,0.001670289444704814,0.06626411820817166,0.0010394189306254429,0.6581149370362099,3.654534595030068e-05,300
9,9,2,1.0,8.0,3.0,3139,fock_entropy_normalized,0.6541802105295934,0.0036639638785597416,0.0322958656969667,0.0010738920222867787,0.6571280380590501,3.087977468224073e-05,300
9,9,2,1.0,8.0,4.0,3139,fock_entropy_normalized,0.5575959497426667,0.004492900560884243,0.015537967915218968,0.0006307372241293502,0.6568593691125733,2.8914745771907856e-05,300
9,9,2,1.0,8.0,5.0,3139,fock_entropy_normalized,0.4816506614716266,0.004462314617696335,0.008981633973553598,0.0004880464107914458,0.6565148216416533,4.21842014235388e-05,300
9,9,2,1.0,8.0,6.0,3139,fock_entropy_normalized,0.4244822221767933,0.0038920764133772816,0.005488744074205134,0.00020829018371768023,0.6557512499726266,6.905328623718152e-05,300
9,9,2,1.0,8.0,7.0,3139,fock_entropy_normalized,0.3856325554200167,0.003803481319361213,0.004250660649243033,0.00023777355775903323,0.6546806158531534,9.613833284449354e-05,300
9,9,2,1.0,8.0,8.0,3139,fock_entropy_normalized,0.3603514891960433,0.003197597169172721,0.0033252018522064333,0.00010417729225332368,0.65354975864286,0.00012498603526920742,300
9,9,2,1.0,8.0,9.0,3139,fock_entropy_normalized,0.34293866534368,0.0033430511274410864,0.003097565211827467,0.00012280066450683506,0.6519147272298633,0.00015201077725767562,300
9,9,2,1.0,8.0,10.0,3139,fock_entropy_normalized,0.32867751156074,0.0031797155973640264,0.002758368630780667,8.443343166503631e-05,0.6505437764057933,0.00016418048159230417,300
9,9,2,1.0,9.0,1.0,3139,fock_entropy_normalized,0.7943384783808466,0.00038154110913395193,0.10452168356569867,0.0003848860968199236,0.6594823008368934,2.2768367108184944e-07,300
9,9,2,1.0,9.0,2.0,3139,fock_entropy_normalized,0.73940013553826,0.001656553087724355,0.06334123186431666,0.0009807521063337548,0.6591771097358234,1.8507560489981034e-05,300
9,9,2,1.0,9.0,3.0,3139,fock_entropy_normalized,0.63096921865748,0.0037944321503065753,0.027203966860798533,0.000923365894457348,0.6580549211653867,2.983499405446219e-05,300
9,9,2,1.0,9.0,4.0,3139,fock_entropy_normalized,0.5370779695274134,0.0047971315571539806,0.01410422575784877,0.0006700868022646018,0.6577080670946267,2.908427305346686e-05,300
9,9,2,1.0,9.0,5.0,3139,fock_entropy_normalized,0.4466571023183667,0.004516668924014337,0.0069933007017317665,0.00034901251877384273,0.65731799300882,3.806324004331145e-05,300
9,9,2,1.0,9.0,6.0,3139,fock_entropy_normalized,0.39322731156744334,0.0040372793153862175,0.0045389682824686335,0.00018108996806158432,0.6567103089576201,5.467464048637923e-05,300
9,9,2,1.0,9.0,7.0,3139,fock_entropy_normalized,0.35848426983049336,0.004022279892071682,0.003667705377644923,0.00025521948337350984,0.6559545063965101,9.594319223555573e-05,300
9,9,2,1.0,9.0,8.0,3139,fock_entropy_normalized,0.3369001600910367,0.003979726924782409,0.0030495005310624563,0.00012424022979880384,0.6551145777301367,0.00011323831338304527,300
9,9,2,1.0,9.0,9.0,3139,fock_entropy_normalized,0.30400686217375666,0.0033451172787454467,0.0023221006766184268,7.340153053615571e-05,0.65343218062107,0.0001409784013629576,300
9,9,2,1.0,9.0,10.0,3139,fock_entropy_normalized,0.29545177307704,0.0027275454478794645,0.0021430640805740133,5.432487212784469e-05,0.6522959494576199,0.00014654417511812277,300
9,9,2,1.0,10.0,1.0,3139,fock_entropy_normalized,0.7875398102362466,0.0004158420044688245,0.09872960041129633,0.00039050636123636113,0.6596374074908168,1.8062595542814547e-07,300
9,9,2,1.0,10.0,2.0,3139,fock_entropy_normalized,0.72593637751068,0.0019210262317257481,0.05743710476659667,0.0010110059720884858,0.6595559530554599,7.27353985027365e-06,300
9,9,2,1.0,10.0,3.0,3139,fock_entropy_normalized,0.6188439351271332,0.004004705927265466,0.0253104948739314,0.0008846809498786673,0.6588941199663866,2.5504108388406277e-05,300
9,9,2,1.0,10.0,4.0,3139,fock_entropy_normalized,0.51708570904853,0.005145885141077718,0.012517931606488567,0.0005660532136930652,0.6583323617971334,2.926274102096066e-05,300
9,9,2,1.0,10.0,5.0,3139,fock_entropy_normalized,0.43994579647433674,0.005124950980361668,0.007180136242093833,0.0003835858385678945,0.65795933124252,4.253362751339931e-05,300
9,9,2,1.0,10.0,6.0,3139,fock_entropy_normalized,0.37697314394497333,0.004346233723829834,0.0042311206286894665,0.00018198071160642902,0.6574754314776967,4.7376583256425404e-05,300
9,9,2,1.0,10.0,7.0,3139,fock_entropy_normalized,0.3448644559331566,0.00430718685598241,0.0033726478143328697,0.00014903945600868983,0.65695234961897,6.439279568983066e-05,300
9,9,2,1.0,10.0,8.0,3139,fock_entropy_normalized,0.30796073368869664,0.003542044034353698,0.00244520470647357,8.820742396861106e-05,0.6560852035268633,9.045649441178213e-05,300
9,9,2,1.0,10.0,9.0,3139,fock_entropy_normalized,0.28183135413531,0.0032643713260735274,0.0020091132199425397,6.423607828905482e-05,0.6546558333310301,0.0001245000227297047,300
9,9,2,1.0,10.0,10.0,3139,fock_entropy_normalized,0.27294999553848,0.0032861214406940697,0.0019012333927978535,6.528711205429445e-05,0.6539473225486,0.00014323498882058672,300
9,10,2,1.1111111111111112,1.0,1.0,2907,fock_entropy_normalized,0.9037687343504266,3.313797751713969e-05,0.31104860474982,0.00013519578614111112,0.77407298066064,4.014625467702926e-05,300
9,10,2,1.1111111111111112,1.0,2.0,2907,fock_entropy_normalized,0.8970342461759602,0.0002111951610681407,0.28575509799299664,0.0007803759598587882,0.7687169198571465,0.00011574337402245134,300
9,10,2,1.1111111111111112,1.0,3.0,2907,fock_entropy_normalized,0.8808231655473999,0.0008022838415653974,0.23545748172403602,0.002225854352446796,0.7633637767107401,0.00016936717453818387,300
9,10,2,1.1111111111111112,1.0,4.0,2907,fock_entropy_normalized,0.84409574198378,0.0021266928056450553,0.16273764146775666,0.0034041928902549846,0.75839331296683,0.0001645089001591461,300
9,10,2,1.1111111111111112,1.0,5.0,2907,fock_entropy_normalized,0.7796316210768367,0.0044320645820253,0.1010187702376343,0.0037006749235452712,0.7550196940830832,0.0001764980328547417,300
9,10,2,1.1111111111111112,1.0,6.0,2907,fock_entropy_normalized,0.7151303498921133,0.005845580494217757,0.0643961647254078,0.0030824629664028638,0.7525448364631699,0.00015800868813819704,300
9,10,2,1.1111111111111112,1.0,7.0,2907,fock_entropy_normalized,0.6243348379570667,0.0068565232277722704,0.03303300011222996,0.0019085053006581674,0.7502597693733599,0.000122844338508317,300
9,10,2,1.1111111111111112,1.0,8.0,2907,fock_entropy_normalized,0.5599547582857534,0.007207645922483953,0.023003990401415132,0.001895154014795379,0.7491121786829966,0.0001400048783282898,300
9,10,2,1.1111111111111112,1.0,9.0,2907,fock_entropy_normalized,0.5098669578973666,0.007269257220207181,0.015380801837470533,0.0011825151355030802,0.74781511992802,0.00013808191114680115,300
9,10,2,1.1111111111111112,1.0,10.0,2907,fock_entropy_normalized,0.4659678080001133,0.007049108310615435,0.011918097227960299,0.0012237883696045594,0.7470508509054566,0.0001348789129266742,300
9,10,2,1.1111111111111112,2.0,1.0,2907,fock_entropy_normalized,0.8958733846007466,4.450066574615628e-05,0.28054177178767664,0.00016092421487682955,0.7706348408974734,2.1175259598908155e-05,300
9,10,2,1.1111111111111112,2.0,2.0,2907,fock_entropy_normalized,0.8890434870856299,0.00022206601190488356,0.25764165018561336,0.0007207379227362428,0.76833655106168,6.212477016043863e-05,300
9,10,2,1.1111111111111112,2.0,3.0,2907,fock_entropy_normalized,0.8741523960939531,0.0006596346800420582,0.21578085232518995,0.0017110745463405686,0.7651039619331733,0.00011222222806334807,300
9,10,2,1.1111111111111112,2.0,4.0,2907,fock_entropy_normalized,0.8419955271627333,0.0018873424320837164,0.15686299938656464,0.002781188654735113,0.7614074613097833,0.0001454354380134217,300
9,10,2,1.1111111111111112,2.0,5.0,2907,fock_entropy_normalized,0.7910806086657867,0.0036543452835401335,0.10374488509120733,0.0029679107816422924,0.7581697653514233,0.00015166871143231018,300
9,10,2,1.1111111111111112,2.0,6.0,2907,fock_entropy_normalized,0.70854685305531,0.005783000240242253,0.0599695293372922,0.0026123272484133123,0.75496171415202,0.00014771002785823238,300
9,10,2,1.1111111111111112,2.0,7.0,2907,fock_entropy_normalized,0.6411998585476033,0.006754057194785492,0.03819914327205307,0.0020540403773780867,0.75289301392597,0.0001451214377921251,300
9,10,2,1.1111111111111112,2.0,8.0,2907,fock_entropy_normalized,0.5637623812414,0.007265660985598797,0.023291994140209132,0.0016701471702544705,0.7513240603814434,0.00014532310892175385,300
9,10,2,1.1111111111111112,2.0,9.0,2907,fock_entropy_normalized,0.52977130521299,0.007557126841981772,0.018996509818557498,0.0015484647137097378,0.7503105677205933,0.00013518827863917852,300
9,10,2,1.1111111111111112,2.0,10.0,2907,fock_entropy_normalized,0.4686013217239967,0.007547541426280982,0.011917709644206234,0.0009572194694321807,0.7488721964089565,0.00012609559085876229,300
9,10,2,1.1111111111111112,3.0,1.0,2907,fock_entropy_normalized,0.8789485920977567,5.364198306046598e-05,0.22716085792926663,0.00019339452774513465,0.7692362667242433,1.0607532304745157e-05,300
9,10,2,1.1111111111111112,3.0,2.0,2907,fock_entropy_normalized,0.87007725145637,0.000251216438241892,0.20141268227410664,0.0006838504503419767,0.7679815434190467,2.8931269519241202e-05,300
9,10,2,1.1111111111111112,3.0,3.0,2907,fock_entropy_normalized,0.8518509809075133,0.0007779232596727086,0.16278908352992433,0.001443877053723583,0.7661994214739134,6.900957744234053e-05,300
9,10,2,1.1111111111111112,3.0,4.0,2907,fock_entropy_normalized,0.8229768767531067,0.0015974746636437422,0.12272938973353,0.0019306946821082986,0.76397833744402,0.00010119764012296475,300
9,10,2,1.1111111111111112,3.0,5.0,2907,fock_entropy_normalized,0.7711174546254934,0.0034798174768234714,0.08354526876899533,0.002286462843719111,0.7611932872870267,0.00014485411167235892,300
9,10,2,1.1111111111111112,3.0,6.0,2907,fock_entropy_normalized,0.7058526432918467,0.004953718358689297,0.05281435618229777,0.0019344759796539512,0.7587171489149466,0.0001514042087501917,300
9,10,2,1.1111111111111112,3.0,7.0,2907,fock_entropy_normalized,0.64112039971346,0.0061469366233970575,0.035649621343732535,0.001764280339659199,0.7564196831082767,0.00016809899104608384,300
9,10,2,1.1111111111111112,3.0,8.0,2907,fock_entropy_normalized,0.5701907318260233,0.006347891722177756,0.021242111575643968,0.0011874795002987232,0.7543213829975033,0.0001468097683860154,300
9,10,2,1.1111111111111112,3.0,9.0,2907,fock_entropy_normalized,0.5167364556568167,0.007006674940998535,0.015664711076541268,0.0010804050841977193,0.7527418821021733,0.00015151728727141013,300
9,10,2,1.1111111111111112,3.0,10.0,2907,fock_entropy_normalized,0.46880052708745,0.006798608461493156,0.010564627162403601,0.0006545383470496366,0.7514706254736534,0.0001415920253704735,300
9,10,2,1.1111111111111112,4.0,1.0,2907,fock_entropy_normalized,0.8515499884433867,7.935980246818031e-05,0.16667938550928,0.00022409227950646591,0.7678045513254865,3.1508198729674243e-06,300
9,10,2,1.1111111111111112,4.0,2.0,2907,fock_entropy_normalized,0.83935324556549,0.00039488140639126415,0.140712273549195,0.000709235349674989,0.76761157432294,1.1066116422856426e-05,300
9,10,2,1.1111111111111112,4.0,3.0,2907,fock_entropy_normalized,0.8148747542981967,0.0009646228263785662,0.10680080315624735,0.0011118482411781483,0.7670191467346867,3.1808863488149694e-05,300
9,10,2,1.1111111111111112,4.0,4.0,2907,fock_entropy_normalized,0.7801598993869701,0.0020664382515536194,0.07874036690445534,0.0014052378922799539,0.76590570441965,6.908723725932828e-05,300
9,10,2,1.1111111111111112,4.0,5.0,2907,fock_entropy_normalized,0.7317868646333368,0.0030375482618600442,0.05394733487351099,0.0012681054468997666,0.7640328751210234,0.00010629622265903871,300
9,10,2,1.1111111111111112,4.0,6.0,2907,fock_entropy_normalized,0.6843633473863168,0.0041935380423751495,0.0402620119135123,0.0012980624570057366,0.7621907548965532,0.00013706733218018597,300
9,10,2,1.1111111111111112,4.0,7.0,2907,fock_entropy_normalized,0.61122814472641,0.005372772399100087,0.025270264016667765,0.0010929914375962411,0.75977812473302,0.00015929721651278955,300
9,10,2,1.1111111111111112,4.0,8.0,2907,fock_entropy_normalized,0.5637059922082467,0.0057401958578565055,0.018544722590571102,0.0008603217708364173,0.7579676245719834,0.00016186464653379008,300
9,10,2,1.1111111111111112,4.0,9.0,2907,fock_entropy_normalized,0.5188705951839667,0.005930122327570378,0.013569493702869199,0.0006589003429575033,0.7561657487856233,0.0001646025879383089,300
9,10,2,1.1111111111111112,4.0,10.0,2907,fock_entropy_normalized,0.4562826858843,0.006217696423432411,0.009269137546133432,0.0005920713959195219,0.75432040099204,0.00016718046902286542,300
9,10,2,1.1111111111111112,5.0,1.0,2907,fock_entropy_normalized,0.8153283661036667,0.0001559331007966714,0.12101685952344335,0.00025006041403830725,0.7670348338241233,3.590620997245864e-06,300
9,10,2,1.1111111111111112,5.0,2.0,2907,fock_entropy_normalized,0.7978295431894933,0.0005566862543433287,0.095543236135813,0.0006378655893808943,0.7671449910589767,6.957983918963919e-06,300
9,10,2,1.1111111111111112,5.0,3.0,2907,fock_entropy_normalized,0.76032826806849,0.0015669515402348133,0.06577573834597467,0.0010164734856717788,0.76716790616033,1.7066450709403934e-05,300
9,10,2,1.1111111111111112,5.0,4.0,2907,fock_entropy_normalized,0.7197885938518567,0.0021961324273830174,0.04593960653356167,0.0008948061565106915,0.7667997339850133,3.754669688457525e-05,300
9,10,2,1.1111111111111112,5.0,5.0,2907,fock_entropy_normalized,0.6684796417062899,0.003140256336882679,0.03153329214650403,0.0008397283833277317,0.76574518492565,7.364015962597977e-05,300
9,10,2,1.1111111111111112,5.0,6.0,2907,fock_entropy_normalized,0.62298505367072,0.003687122883023348,0.023136819290881665,0.0006980239968074142,0.7644527835879901,0.00010165061946827171,300
9,10,2,1.1111111111111112,5.0,7.0,2907,fock_entropy_normalized,0.5765206309957267,0.004510587108313133,0.017638610281001266,0.0006121488239587882,0.7628516909513168,0.00014838223335555316,300
9,10,2,1.1111111111111112,5.0,8.0,2907,fock_entropy_normalized,0.5201811296186133,0.004753692993505494,0.012012876344337632,0.00045904338457467296,0.7607143912550633,0.00015662385958281302,300
9,10,2,1.1111111111111112,5.0,9.0,2907,fock_entropy_normalized,0.48586066608605327,0.005184972911477494,0.010021604885841398,0.0004710391155813914,0.7591665241705933,0.0001663819076063001,300
9,10,2,1.1111111111111112,5.0,10.0,2907,fock_entropy_normalized,0.4429471345001167,0.0051463826265171425,0.0074173322493677335,0.0003439728684841974,0.7575486911979734,0.00017587887604800467,300
9,10,2,1.1111111111111112,6.0,1.0,2907,fock_entropy_normalized,0.78886631939577,0.0003458945843774835,0.10178379922385435,0.0003153402205309352,0.7670016313216833,2.454508830778336e-06,300
9,10,2,1.1111111111111112,6.0,2.0,2907,fock_entropy_normalized,0.7544985624439966,0.0009657133599909641,0.07270087592539466,0.0007102064014418732,0.7668823950053767,5.571362528362391e-06,300
9,10,2,1.1111111111111112,6.0,3.0,2907,fock_entropy_normalized,0.7040837779229533,0.0018517835309679739,0.044531910162713,0.0008103561007273808,0.7670366628403,1.1822958367921546e-05,300
9,10,2,1.1111111111111112,6.0,4.0,2907,fock_entropy_normalized,0.6511434750555033,0.002710790966938359,0.028614433341583333,0.0007404944673972626,0.76709252484946,2.282393746923294e-05,300
9,10,2,1.1111111111111112,6.0,5.0,2907,fock_entropy_normalized,0.5979620815239768,0.0034059305400565417,0.019098212650262267,0.000573915618235467,0.7667597091142433,4.795717376613327e-05,300
9,10,2,1.1111111111111112,6.0,6.0,2907,fock_entropy_normalized,0.55156102663257,0.003645311165294768,0.013666626666058234,0.0004134699344683085,0.7658793916053867,7.076605503388302e-05,300
9,10,2,1.1111111111111112,6.0,7.0,2907,fock_entropy_normalized,0.5105633773194533,0.0040609177866191585,0.0107441399258101,0.00040788288229913066,0.7646968343006266,0.000114372438693933,300
9,10,2,1.1111111111111112,6.0,8.0,2907,fock_entropy_normalized,0.4720855122353934,0.0037930951168483125,0.008075651723113534,0.00026500356278990467,0.7630975226126266,0.0001400558081690092,300
9,10,2,1.1111111111111112,6.0,9.0,2907,fock_entropy_normalized,0.4374803513529268,0.003964101129363324,0.006422505381550333,0.00021295650066694227,0.7614808494147934,0.00014704499371583034,300
9,10,2,1.1111111111111112,6.0,10.0,2907,fock_entropy_normalized,0.41686213666968,0.004095653941534961,0.0056428488054581,0.00019717864502260385,0.7603087661990467,0.00017003599827574708,300
9,10,2,1.1111111111111112,7.0,1.0,2907,fock_entropy_normalized,0.7747452497966065,0.0004643207997976598,0.09324678984281967,0.00032784424161391555,0.7670392853153033,1.7031319097504384e-06,300
9,10,2,1.1111111111111112,7.0,2.0,2907,fock_entropy_normalized,0.7244282949226799,0.0014481760227750356,0.06289791198029666,0.0007646968078559291,0.7669078337367867,3.3269515543404017e-06,300
9,10,2,1.1111111111111112,7.0,3.0,2907,fock_entropy_normalized,0.6543213339791667,0.0024230070128828302,0.0342227177965035,0.0007653575129000235,0.7669289940642134,9.983878558180129e-06,300
9,10,2,1.1111111111111112,7.0,4.0,2907,fock_entropy_normalized,0.5966852949745767,0.003158043914301675,0.021121212615790464,0.000605415443445541,0.7671145826954,1.8200710107622225e-05,300
9,10,2,1.1111111111111112,7.0,5.0,2907,fock_entropy_normalized,0.5349670553596766,0.003708576020325507,0.012976543996970267,0.000429405099135757,0.7670817714373834,3.548136766324656e-05,300
9,10,2,1.1111111111111112,7.0,6.0,2907,fock_entropy_normalized,0.49047315367582994,0.004106177195945652,0.0095524789501014,0.00042059435724165585,0.7667356057185234,5.2662053945212695e-05,300
9,10,2,1.1111111111111112,7.0,7.0,2907,fock_entropy_normalized,0.4454066910337367,0.003549445652433721,0.006443607462928135,0.00020768529430792275,0.7659579624337,7.478721409053287e-05,300
9,10,2,1.1111111111111112,7.0,8.0,2907,fock_entropy_normalized,0.41931407162350665,0.0035724289992114244,0.005498981514711767,0.00018839938878229592,0.7648827799130434,0.00010769620127667346,300
9,10,2,1.1111111111111112,7.0,9.0,2907,fock_entropy_normalized,0.39904060534631336,0.0035613555293927965,0.0048866989300178,0.00020188204230098177,0.7636116853716334,0.00012867599146655217,300
9,10,2,1.1111111111111112,7.0,10.0,2907,fock_entropy_normalized,0.3656762064026767,0.003380696458339375,0.003825523549229367,0.00013095185068542743,0.7622079143782801,0.00014755225928905194,300
9,10,2,1.1111111111111112,8.0,1.0,2907,fock_entropy_normalized,0.76571265945477,0.00045507460907558904,0.088058208368496,0.00027753293741562796,0.7670877774204334,1.01992225361983e-06,300
9,10,2,1.1111111111111112,8.0,2.0,2907,fock_entropy_normalized,0.7082968175342667,0.0016151666504370145,0.058348150734567665,0.000709104014109136,0.76699557785827,2.1925181418832506e-06,300
9,10,2,1.1111111111111112,8.0,3.0,2907,fock_entropy_normalized,0.62812118890019,0.002912246344603249,0.03137411146903203,0.0007936348605880442,0.7669167131770332,4.490710909379314e-06,300
9,10,2,1.1111111111111112,8.0,4.0,2907,fock_entropy_normalized,0.5534279180508567,0.0034035222546768785,0.016881626194820868,0.0005631846625121877,0.7670470696713301,1.5816174648523324e-05,300
9,10,2,1.1111111111111112,8.0,5.0,2907,fock_entropy_normalized,0.4912493953281367,0.0038226781420685804,0.010283417670150733,0.0004017410356347719,0.7672008413048567,2.340921205366452e-05,300
9,10,2,1.1111111111111112,8.0,6.0,2907,fock_entropy_normalized,0.4507621927192366,0.0037488466843198435,0.007371293025970666,0.0003135426655499323,0.7671247428982866,3.8442252740518485e-05,300
9,10,2,1.1111111111111112,8.0,7.0,2907,fock_entropy_normalized,0.4047092604709634,0.0036398283794151125,0.005090403383214166,0.00019220706668512865,0.7667601823962134,5.46533179963511e-05,300
9,10,2,1.1111111111111112,8.0,8.0,2907,fock_entropy_normalized,0.37459010829701334,0.0034867760695799573,0.0040200802126694,0.00013706700497229617,0.7662686212233133,7.176828657673605e-05,300
9,10,2,1.1111111111111112,8.0,9.0,2907,fock_entropy_normalized,0.35222510987008,0.003394638544208416,0.003462696706810101,0.000130638597753925,0.7650894617100499,0.00010976613064936983,300
9,10,2,1.1111111111111112,8.0,10.0,2907,fock_entropy_normalized,0.33415027800995,0.003128273887337055,0.003023526583676067,9.715326266524136e-05,0.7640626341515067,0.0001191586837964297,300
9,10,2,1.1111111111111112,9.0,1.0,2907,fock_entropy_normalized,0.7554603742333567,0.0005117232849132531,0.08238892948990666,0.00028050951608919755,0.7671253791643633,7.47614454265372e-07,300
9,10,2,1.1111111111111112,9.0,2.0,2907,fock_entropy_normalized,0.6983221639591534,0.0016364855866838602,0.055431586464916006,0.0006661085783239369,0.7670651603774067,1.4368653028087772e-06,300
9,10,2,1.1111111111111112,9.0,3.0,2907,fock_entropy_normalized,0.6092687692110532,0.003089784787546703,0.028662427341128633,0.000776051540730286,0.7669962117186633,2.357192661892773e-06,300
9,10,2,1.1111111111111112,9.0,4.0,2907,fock_entropy_normalized,0.5310359030236399,0.003953098568176884,0.0157515992959428,0.000591767757389984,0.7669886191984268,7.843973450791908e-06,300
9,10,2,1.1111111111111112,9.0,5.0,2907,fock_entropy_normalized,0.46864948697236997,0.004164904504948987,0.009630113831874999,0.00044515393173456824,0.7671245572971533,1.7928124587523903e-05,300
9,10,2,1.1111111111111112,9.0,6.0,2907,fock_entropy_normalized,0.4118881236910033,0.0038606210041038586,0.005797323786465267,0.00022993035393686307,0.7672543662761133,3.159820451398647e-05,300
9,10,2,1.1111111111111112,9.0,7.0,2907,fock_entropy_normalized,0.37183057861399665,0.003722995338214058,0.004204391840990633,0.00017906377229471045,0.7670430249176833,4.56521311623343e-05,300
9,10,2,1.1111111111111112,9.0,8.0,2907,fock_entropy_normalized,0.34201603711167666,0.003560384910067982,0.0033402307711527,0.0001327325423697972,0.7667512937957567,6.136464095391518e-05,300
9,10,2,1.1111111111111112,9.0,9.0,2907,fock_entropy_normalized,0.32648442681664,0.0030568110473696572,0.002883812298839467,8.747088696955243e-05,0.7661462479697734,8.421970416845335e-05,300
9,10,2,1.1111111111111112,9.0,10.0,2907,fock_entropy_normalized,0.30609742255713335,0.0032085714425855796,0.0025305330457286498,8.417738833142523e-05,0.7653532214221034,0.00010546977844959344,300
9,10,2,1.1111111111111112,10.0,1.0,2907,fock_entropy_normalized,0.7494903228819834,0.0005447239532213292,0.07944091594465434,0.00028259302556556706,0.7671628411207733,5.713779859896858e-07,300
9,10,2,1.1111111111111112,10.0,2.0,2907,fock_entropy_normalized,0.68519071858322,0.0017213634498525773,0.051335738375271674,0.0006402611661403632,0.76711500056094,1.012559600235038e-06,300
9,10,2,1.1111111111111112,10.0,3.0,2907,fock_entropy_normalized,0.5977822168495733,0.003276821858471465,0.027252462824353407,0.0007299925565656219,0.7670667665944033,1.6501881838669568e-06,300
9,10,2,1.1111111111111112,10.0,4.0,2907,fock_entropy_normalized,0.50769520806276,0.0042359741210896956,0.013940740210578033,0.000557470362693449,0.76703548548084,3.5964498158699612e-06,300
9,10,2,1.1111111111111112,10.0,5.0,2907,fock_entropy_normalized,0.43595042053156335,0.004346306226828636,0.007899369593018932,0.00038502909928252166,0.7671008985404932,1.2205891797787875e-05,300
9,10,2,1.1111111111111112,10.0,6.0,2907,fock_entropy_normalized,0.3896248359585833,0.003930302320730835,0.0051948819849721335,0.00022271708784731337,0.7672463455684634,2.2279629478407714e-05,300
9,10,2,1.1111111111111112,10.0,7.0,2907,fock_entropy_normalized,0.3500651726796767,0.003738921462409004,0.003713482585902934,0.00014551488656244918,0.7672594396137467,3.931265765751909e-05,300
9,10,2,1.1111111111111112,10.0,8.0,2907,fock_entropy_normalized,0.32198026697188337,0.003733455352666647,0.002997492467989123,0.00011107284136653621,0.7671079127816133,4.757973976989401e-05,300
9,10,2,1.1111111111111112,10.0,9.0,2907,fock_entropy_normalized,0.29633456837434335,0.0032389508985039,0.00237881688558412,7.316627525853567e-05,0.76663771726911,6.510303258705018e-05,300
9,10,2,1.1111111111111112,10.0,10.0,2907,fock_entropy_normalized,0.2857182852266567,0.0032154402097982794,0.0022238318287149264,7.551189285056902e-05,0.7661017169615334,9.195177635388498e-05,300
9,11,2,1.2222222222222223,1.0,1.0,2304,fock_entropy_normalized,0.90109135380426,2.9573458064857322e-05,0.31196438283130334,0.00011773124200469637,0.8956736866892167,4.2505619585955926e-05,300
9,11,2,1.2222222222222223,1.0,2.0,2304,fock_entropy_normalized,0.8948006288847534,0.00019443089997837011,0.28864750663277666,0.0007020318071787402,0.8902393959857032,0.00011616824804357718,300
9,11,2,1.2222222222222223,1.0,3.0,2304,fock_entropy_normalized,0.87956488576284,0.0007083781189502496,0.24184419102170338,0.0019620836112759265,0.8845500267153066,0.00016043304904117919,300
9,11,2,1.2222222222222223,1.0,4.0,2304,fock_entropy_normalized,0.8485559574676733,0.001924658105760543,0.17711113117254168,0.0030892024093589453,0.87992801690334,0.00018635866017483938,300
9,11,2,1.2222222222222223,1.0,5.0,2304,fock_entropy_normalized,0.78379750242992,0.0042719377200523875,0.10903675422831535,0.003636140475116764,0.8758601484103868,0.00018029093838171117,300
9,11,2,1.2222222222222223,1.0,6.0,2304,fock_entropy_normalized,0.7130483510778034,0.0051454553674435645,0.06400523585548447,0.00292700968402276,0.8732403978752834,0.00016106147863086408,300
9,11,2,1.2222222222222223,1.0,7.0,2304,fock_entropy_normalized,0.6395181300104701,0.006876570570467391,0.043254410871979336,0.002630531948630485,0.87112387266812,0.00014970405440114287,300
9,11,2,1.2222222222222223,1.0,8.0,2304,fock_entropy_normalized,0.5647230306255434,0.007344251277376124,0.025935485815389802,0.001848415552280019,0.8696259083045701,0.00013007008018313656,300
9,11,2,1.2222222222222223,1.0,9.0,2304,fock_entropy_normalized,0.53514219406801,0.006882159036666515,0.0199674053455761,0.0014380521615042687,0.8684760833685399,0.0001306751187249654,300
9,11,2,1.2222222222222223,1.0,10.0,2304,fock_entropy_normalized,0.4625084798616466,0.0070753789153128075,0.012245177591428598,0.0009806258678054767,0.8673932154608899,0.00012720906943247318,300
9,11,2,1.2222222222222223,2.0,1.0,2304,fock_entropy_normalized,0.8928879808583432,3.846061195544394e-05,0.28056639964050667,0.00013821287738066207,0.8898258961101533,1.0809045314698055e-05,300
9,11,2,1.2222222222222223,2.0,2.0,2304,fock_entropy_normalized,0.8861571544623568,0.0001944149032515864,0.2587285046358466,0.0006130418618462758,0.8883484942909433,4.720706825267392e-05,300
9,11,2,1.2222222222222223,2.0,3.0,2304,fock_entropy_normalized,0.8705855099006635,0.0007301077177622704,0.21683557245167734,0.0017895734410566678,0.8854665473683268,0.00011584011206706101,300
9,11,2,1.2222222222222223,2.0,4.0,2304,fock_entropy_normalized,0.8373507800030033,0.0018499369486636177,0.15716619889474634,0.0027577759324391607,0.8819168587881366,0.00014513612523202392,300
9,11,2,1.2222222222222223,2.0,5.0,2304,fock_entropy_normalized,0.78970496664997,0.003692560243285764,0.110764991619429,0.0031271993349544754,0.8787073338119967,0.00016685007879297214,300
9,11,2,1.2222222222222223,2.0,6.0,2304,fock_entropy_normalized,0.7139684022880999,0.005336277254958429,0.06600557884784797,0.0027901168935362108,0.8757311356854499,0.0001615690980483644,300
9,11,2,1.2222222222222223,2.0,7.0,2304,fock_entropy_normalized,0.6421407480974434,0.005925957750211017,0.03940944975711193,0.0020666696814755016,0.8734888852615033,0.00015348820937986392,300
9,11,2,1.2222222222222223,2.0,8.0,2304,fock_entropy_normalized,0.5869726921798366,0.0068659065085390075,0.028505667506792433,0.0016999112393655826,0.8718678181256367,0.00015326698451579996,300
9,11,2,1.2222222222222223,2.0,9.0,2304,fock_entropy_normalized,0.5238763352349767,0.00720811692776326,0.019555229805425563,0.0014196232080702067,0.8703295609889833,0.0001527617031048686,300
9,11,2,1.2222222222222223,2.0,10.0,2304,fock_entropy_normalized,0.46992363606119664,0.0069594420591278456,0.013087999468266632,0.0010809018765173613,0.8692195134072468,0.00013230058840591217,300
9,11,2,1.2222222222222223,3.0,1.0,2304,fock_entropy_normalized,0.87710286953541,6.139031065930352e-05,0.23183259829917333,0.00020607019231835786,0.8851377085832766,1.5303159123577994e-05,300
9,11,2,1.2222222222222223,3.0,2.0,2304,fock_entropy_normalized,0.8679787610371034,0.00026046167232978275,0.20616865141516333,0.0006761783471725658,0.88636656798074,2.3768014495251126e-05,300
9,11,2,1.2222222222222223,3.0,3.0,2304,fock_entropy_normalized,0.8518384355238566,0.0007584360176495584,0.17220806255569301,0.001402496152091132,0.8861248826813833,4.7109544391900814e-05,300
9,11,2,1.2222222222222223,3.0,4.0,2304,fock_entropy_normalized,0.8196149929984468,0.0016616967098103223,0.12722353218120733,0.0019505945922583476,0.8840996455601199,9.628379119675102e-05,300
9,11,2,1.2222222222222223,3.0,5.0,2304,fock_entropy_normalized,0.7692952760251366,0.0034307087942693233,0.08806187843436167,0.0023006737902677124,0.8814820083706799,0.0001454374157081888,300
9,11,2,1.2222222222222223,3.0,6.0,2304,fock_entropy_normalized,0.7158631307637,0.004649885655602245,0.06089586627746913,0.0019597279056806634,0.8791894830178167,0.00016479134910424528,300
9,11,2,1.2222222222222223,3.0,7.0,2304,fock_entropy_normalized,0.6468298187332167,0.005762172439899619,0.03995885152444667,0.001815525954736306,0.8768703036479133,0.00017174419059141598,300
9,11,2,1.2222222222222223,3.0,8.0,2304,fock_entropy_normalized,0.5788520844035566,0.006101245018534636,0.024597354411911868,0.0012484813943372055,0.8747679603165701,0.00016056607926825348,300
9,11,2,1.2222222222222223,3.0,9.0,2304,fock_entropy_normalized,0.5301389300541334,0.007377490585635697,0.0198377603143685,0.0012094287555992308,0.87307658714145,0.00017489579546676052,300
9,11,2,1.2222222222222223,3.0,10.0,2304,fock_entropy_normalized,0.4850398609380566,0.006840216282041144,0.013882284645135367,0.0009267238756322805,0.8720231427816266,0.00015653249333703358,300
9,11,2,1.2222222222222223,4.0,1.0,2304,fock_entropy_normalized,0.8553041967706501,9.46504560357248e-05,0.18692281584651332,0.00024175847573766615,0.8823146986035967,3.399551139874852e-05,300
9,11,2,1.2222222222222223,4.0,2.0,2304,fock_entropy_normalized,0.8412202880603833,0.0004222943139112271,0.15468759384908334,0.000830649550820178,0.8850190766120499,4.956994250876193e-05,300
9,11,2,1.2222222222222223,4.0,3.0,2304,fock_entropy_normalized,0.8167944393695401,0.0009900417383224285,0.11804693383824964,0.0012456418393833487,0.8863671884988332,3.7392545257105306e-05,300
9,11,2,1.2222222222222223,4.0,4.0,2304,fock_entropy_normalized,0.7821571258675033,0.0019152620636338834,0.08709148111473666,0.0014610614747613832,0.8858877725736033,6.536868707312095e-05,300
9,11,2,1.2222222222222223,4.0,5.0,2304,fock_entropy_normalized,0.73220404952296,0.0028748727599530676,0.05955596940402367,0.0013272036911705684,0.8841678896935302,0.00010752282400867037,300
9,11,2,1.2222222222222223,4.0,6.0,2304,fock_entropy_normalized,0.6769597959065633,0.004300875800791868,0.042373600824842095,0.001359572039697631,0.88221877649192,0.00014498664070132446,300
9,11,2,1.2222222222222223,4.0,7.0,2304,fock_entropy_normalized,0.6214613665697133,0.0048600270428990604,0.02939486679895347,0.0010776694417412055,0.8800326648824066,0.00016546360227473684,300
9,11,2,1.2222222222222223,4.0,8.0,2304,fock_entropy_normalized,0.5680992290886601,0.005653763611017384,0.0213139903193197,0.0009364161731085592,0.8779310419658066,0.00018706704940506447,300
9,11,2,1.2222222222222223,4.0,9.0,2304,fock_entropy_normalized,0.5220324412863633,0.006162705411519956,0.0162457035962124,0.0008243929044090478,0.8763245836031033,0.0001847061586076216,300
9,11,2,1.2222222222222223,4.0,10.0,2304,fock_entropy_normalized,0.47130669489674,0.0062595467182313454,0.011580507827503033,0.000628613944592148,0.8749426381987166,0.00018018303113015446,300
9,11,2,1.2222222222222223,5.0,1.0,2304,fock_entropy_normalized,0.8339345067061567,0.0002040279989572242,0.15629528359273998,0.0003322381061362407,0.8814077563059701,3.8765019902441124e-05,300
9,11,2,1.2222222222222223,5.0,2.0,2304,fock_entropy_normalized,0.8114731076523201,0.0006448877480185555,0.11997132749628965,0.0009476240063289708,0.8844055037345167,5.891641245141945e-05,300
9,11,2,1.2222222222222223,5.0,3.0,2304,fock_entropy_normalized,0.7721553044396032,0.0014067403918949072,0.07983836660650834,0.0011879330969476899,0.88643892041049,4.9634110943097414e-05,300
9,11,2,1.2222222222222223,5.0,4.0,2304,fock_entropy_normalized,0.7204142554499466,0.00221205395733774,0.05117600604619033,0.001070230648882251,0.8869517303968799,4.738151859169207e-05,300
9,11,2,1.2222222222222223,5.0,5.0,2304,fock_entropy_normalized,0.6775323448506834,0.003175833380849957,0.038252674768068665,0.0010326792726979856,0.8863581720650533,7.139880904675476e-05,300
9,11,2,1.2222222222222223,5.0,6.0,2304,fock_entropy_normalized,0.6234486066046833,0.003642034537864996,0.0264657473834937,0.0007899986865599937,0.8844998690117266,0.00012040403299644963,300
9,11,2,1.2222222222222223,5.0,7.0,2304,fock_entropy_normalized,0.58620520347018,0.004123672936248714,0.020752492997393533,0.0006179274444180171,0.8831076756826967,0.00015234053692506774,300
9,11,2,1.2222222222222223,5.0,8.0,2304,fock_entropy_normalized,0.5386442983815666,0.0045916103027221575,0.0153865997995104,0.0005209269970580378,0.8812271801154669,0.00017305837905629403,300
9,11,2,1.2222222222222223,5.0,9.0,2304,fock_entropy_normalized,0.47843657756945,0.005217181595860645,0.0111252091007197,0.0005843001468680719,0.8789715857991034,0.00018268308914119315,300
9,11,2,1.2222222222222223,5.0,10.0,2304,fock_entropy_normalized,0.44782361778329666,0.005047642072157957,0.008727148498122268,0.0003838339864793355,0.8777272414812599,0.0001925746193579065,300
9,11,2,1.2222222222222223,6.0,1.0,2304,fock_entropy_normalized,0.8217401146369699,0.0002336743654302161,0.14019144371669665,0.0003339119955767911,0.8827096263246366,1.1789461483693424e-05,300
9,11,2,1.2222222222222223,6.0,2.0,2304,fock_entropy_normalized,0.7825101435692633,0.000990818647339226,0.096391070597335,0.0009972972646305129,0.8845841630170234,4.768932651505538e-05,300
9,11,2,1.2222222222222223,6.0,3.0,2304,fock_entropy_normalized,0.7259226651590066,0.0020897677050286637,0.05749013784904867,0.0011939424038065703,0.8865158237942368,5.763235646459065e-05,300
9,11,2,1.2222222222222223,6.0,4.0,2304,fock_entropy_normalized,0.6716918799672332,0.002737879569805986,0.036781671972845,0.0009318551237532311,0.8875425553766367,4.459698048764323e-05,300
9,11,2,1.2222222222222223,6.0,5.0,2304,fock_entropy_normalized,0.6090418539529634,0.0033268760709352523,0.023334514574511234,0.0007618595245003942,0.8876152005866201,5.9327574243347856e-05,300
9,11,2,1.2222222222222223,6.0,6.0,2304,fock_entropy_normalized,0.56342781533302,0.0040274379689889065,0.017566442233979396,0.0006657024068506876,0.8866725257953033,9.73089092622927e-05,300
9,11,2,1.2222222222222223,6.0,7.0,2304,fock_entropy_normalized,0.5260430981926567,0.0038923645470371696,0.013393358154280367,0.00045712297936735725,0.8854845864699602,0.0001366491919474429,300
9,11,2,1.2222222222222223,6.0,8.0,2304,fock_entropy_normalized,0.48579243158851665,0.0036859170505899952,0.010049866499636767,0.0002805041837450441,0.8836869241423834,0.0001678597759744502,300
9,11,2,1.2222222222222223,6.0,9.0,2304,fock_entropy_normalized,0.45689341843212994,0.0038768766391643695,0.008470746530188599,0.0003000635934131725,0.8821109205656533,0.00017867835136660564,300
9,11,2,1.2222222222222223,6.0,10.0,2304,fock_entropy_normalized,0.4159776528414867,0.0040966538522657315,0.0065607563392322,0.00021921147997165462,0.8801074566264936,0.00019110131772996183,300
9,11,2,1.2222222222222223,7.0,1.0,2304,fock_entropy_normalized,0.81253142006719,0.00026645652354247845,0.12995775330412335,0.0003644202137895784,0.8854208972336434,1.765530161660176e-05,300
9,11,2,1.2222222222222223,7.0,2.0,2304,fock_entropy_normalized,0.7696410336858134,0.001241249408277652,0.08856092041082567,0.000982836652509045,0.8851316723193734,2.6680041855541286e-05,300
9,11,2,1.2222222222222223,7.0,3.0,2304,fock_entropy_normalized,0.6931890038633968,0.002613877420813481,0.04715142950625167,0.0011072269112919737,0.88669588640403,4.9893625177180456e-05,300
9,11,2,1.2222222222222223,7.0,4.0,2304,fock_entropy_normalized,0.6195743651337366,0.0034661286818748853,0.026906128903841604,0.0008528697771113032,0.887939965186807,4.82296301520219e-05,300
9,11,2,1.2222222222222223,7.0,5.0,2304,fock_entropy_normalized,0.5514924081362833,0.0037772180956858847,0.016373747462940735,0.0006295684833134731,0.8884240606954101,4.954975541100217e-05,300
9,11,2,1.2222222222222223,7.0,6.0,2304,fock_entropy_normalized,0.5023003980890667,0.003687851459592558,0.0112183441686511,0.0003886023056540349,0.8881085419398067,6.910534964853362e-05,300
9,11,2,1.2222222222222223,7.0,7.0,2304,fock_entropy_normalized,0.46774366868141,0.0037396812505110896,0.0088877182585833,0.00032844748189240634,0.8870994968903134,0.00010352833383750826,300
9,11,2,1.2222222222222223,7.0,8.0,2304,fock_entropy_normalized,0.43171981521709,0.0034930799363331907,0.006844311559335233,0.00021302172219480592,0.88573399595253,0.00014689838180042194,300
9,11,2,1.2222222222222223,7.0,9.0,2304,fock_entropy_normalized,0.41000493451426007,0.0034506100474427687,0.0059787997315625336,0.000163744469965681,0.8841919435500101,0.0001708537693429256,300
9,11,2,1.2222222222222223,7.0,10.0,2304,fock_entropy_normalized,0.38663982109780337,0.003526665662953999,0.0052075044152685,0.00014706426407665337,0.8824371063004167,0.00020285477595201852,300
9,11,2,1.2222222222222223,8.0,1.0,2304,fock_entropy_normalized,0.8059263373673967,0.00031264689248788294,0.12374467884323001,0.0003888004676879118,0.8873017765756367,9.986800226826042e-06,300
9,11,2,1.2222222222222223,8.0,2.0,2304,fock_entropy_normalized,0.7594444690416834,0.001352133004544933,0.08143792370297899,0.0009494837058682764,0.88627115561268,1.8991169490425826e-05,300
9,11,2,1.2222222222222223,8.0,3.0,2304,fock_entropy_normalized,0.6773950219106433,0.0030895810220945507,0.04376200298854567,0.0011605872668162028,0.8869457403423201,4.0901280951979455e-05,300
9,11,2,1.2222222222222223,8.0,4.0,2304,fock_entropy_normalized,0.5804043171719834,0.003968029043581036,0.02141337379226067,0.0007697030379459582,0.8882907730590599,4.997847756047517e-05,300
9,11,2,1.2222222222222223,8.0,5.0,2304,fock_entropy_normalized,0.5160685915732834,0.004122697488188176,0.013383275043210532,0.0005389036662836305,0.8888842673334466,4.645748715372041e-05,300
9,11,2,1.2222222222222223,8.0,6.0,2304,fock_entropy_normalized,0.4611178514347,0.004102589478262593,0.009013963462292366,0.00037663856241211107,0.8889961487637368,6.125907245826652e-05,300
9,11,2,1.2222222222222223,8.0,7.0,2304,fock_entropy_normalized,0.4188652882141033,0.003568719196789862,0.006382700621300234,0.00020102243389554908,0.8884409512910133,8.795986032394189e-05,300
9,11,2,1.2222222222222223,8.0,8.0,2304,fock_entropy_normalized,0.40019283044018333,0.00376686762660267,0.0057346631678229,0.0001926511349307569,0.8876113116584334,0.0001187296989979433,300
9,11,2,1.2222222222222223,8.0,9.0,2304,fock_entropy_normalized,0.3727457814647,0.0036416066316344027,0.0047638337797967,0.00015559106545598678,0.8859570346091035,0.000155870719429861,300
9,11,2,1.2222222222222223,8.0,10.0,2304,fock_entropy_normalized,0.34889381232107336,0.0031957810796937017,0.003976267778701967,0.00012125624304414895,0.8845396049488301,0.00016730369955716805,300
9,11,2,1.2222222222222223,9.0,1.0,2304,fock_entropy_normalized,0.79948598284243,0.00030514321373348264,0.11741226556867,0.00035996844063871676,0.88821756901914,3.6314697507855435e-06,300
9,11,2,1.2222222222222223,9.0,2.0,2304,fock_entropy_normalized,0.75375014486096,0.001390310960320941,0.07822362036748466,0.0009622560611409066,0.8874498930715569,2.1503282548615815e-05,300
9,11,2,1.2222222222222223,9.0,3.0,2304,fock_entropy_normalized,0.6607385947805368,0.003353071340322957,0.038914665554009034,0.0010443445790894624,0.8873860178378834,3.0805652136921694e-05,300
9,11,2,1.2222222222222223,9.0,4.0,2304,fock_entropy_normalized,0.5705538813162367,0.004455429473280264,0.020759267201258834,0.0007364822260073589,0.8882856512561167,4.770775918458759e-05,300
9,11,2,1.2222222222222223,9.0,5.0,2304,fock_entropy_normalized,0.4881794025492333,0.004456374546930684,0.011688856671351399,0.0006214248012270548,0.8891554280996633,4.7390603695507184e-05,300
9,11,2,1.2222222222222223,9.0,6.0,2304,fock_entropy_normalized,0.4356692638566133,0.004461811169324539,0.0078584876762372,0.00034612372722038254,0.8894115676998698,5.155682873874527e-05,300
9,11,2,1.2222222222222223,9.0,7.0,2304,fock_entropy_normalized,0.3877513705199667,0.0033809326710187776,0.0052166436520407,0.00016463110797182125,0.8892498963470533,6.046028972384938e-05,300
9,11,2,1.2222222222222223,9.0,8.0,2304,fock_entropy_normalized,0.35733374041482335,0.0039473588519742826,0.004525933656431967,0.00025519781815045475,0.8884242315426734,0.00010033284470478008,300
9,11,2,1.2222222222222223,9.0,9.0,2304,fock_entropy_normalized,0.33810005864500664,0.0032533999102743933,0.003666385354612,0.0001139448388232454,0.8876677210883732,0.00012767382688723343,300
9,11,2,1.2222222222222223,9.0,10.0,2304,fock_entropy_normalized,0.32167175163037337,0.0028191891921493808,0.00325047435862,8.974152447030256e-05,0.88629661501469,0.0001630962534662643,300
9,11,2,1.2222222222222223,10.0,1.0,2304,fock_entropy_normalized,0.7929939818002733,0.00033275609986124874,0.11161783262488068,0.00036210615869820275,0.8883669429397798,2.872488764221299e-07,300
9,11,2,1.2222222222222223,10.0,2.0,2304,fock_entropy_normalized,0.7441163742334599,0.0014274008743640192,0.07264867636859433,0.000903771502219604,0.8881578480345634,1.2611514327419633e-05,300
9,11,2,1.2222222222222223,10.0,3.0,2304,fock_entropy_normalized,0.6552135282745534,0.0035519311509468543,0.03778796223680007,0.0010273381008488601,0.8878754622946966,2.2330270971871966e-05,300
9,11,2,1.2222222222222223,10.0,4.0,2304,fock_entropy_normalized,0.5477572361187367,0.004659538727119023,0.018221879779584,0.0007825812524759166,0.8885747421200101,4.415749274291599e-05,300
9,11,2,1.2222222222222223,10.0,5.0,2304,fock_entropy_normalized,0.4793176010180833,0.0048955251781588344,0.011344928704591134,0.0005056467979459544,0.8892845477012898,5.260424362718283e-05,300
9,11,2,1.2222222222222223,10.0,6.0,2304,fock_entropy_normalized,0.4180101635332067,0.00435179259683803,0.0069965708893527665,0.00030643503075222263,0.8897540899407833,4.467965486276324e-05,300
9,11,2,1.2222222222222223,10.0,7.0,2304,fock_entropy_normalized,0.3767875728993367,0.004046133516588645,0.005188445768042233,0.0002353444575230707,0.8898477213214668,5.476402688296998e-05,300
9,11,2,1.2222222222222223,10.0,8.0,2304,fock_entropy_normalized,0.3426829335078833,0.003724634177668093,0.003975764055769868,0.0001490524480971498,0.8894842548883499,7.320797966156672e-05,300
9,11,2,1.2222222222222223,10.0,9.0,2304,fock_entropy_normalized,0.31126487045153334,0.0033589060583741367,0.0031510557773741436,0.00010458978276509883,0.8886032132725233,0.00010331018029652647,300
9,11,2,1.2222222222222223,10.0,10.0,2304,fock_entropy_normalized,0.2987320999325933,0.003320863710395127,0.0029166627409886337,0.00011326079197156467,0.8876096643927701,0.00013737748768075287,300
