L,N,nmax,W,gamma,lambda_shape_rmse,lambda_shape_corr,n_U
8,4,2,0.1,1.0,0.2035676738181749,0.9017649850208687,10
8,4,2,0.25,1.0,0.19962005217369883,0.9049824164335801,10
8,4,2,0.5,1.0,0.18747163577262382,0.9115016014147385,10
8,4,2,0.75,1.0,0.19000581055027865,0.9088129061383055,10
8,4,2,1.0,1.0,0.19549178352904856,0.9043770686419094,10
8,4,2,2.0,1.0,0.20214281035296386,0.9086746527593764,10
8,4,2,3.0,1.0,0.1851916336293559,0.9343415283721259,10
8,4,2,4.0,1.0,0.16424554646038664,0.9532025602255185,10
8,4,2,5.0,1.0,0.13650221233544474,0.9725137386336825,10
8,4,2,6.0,1.0,0.14558740064937967,0.9741513458450509,10
8,4,2,7.0,1.0,0.12373357711634486,0.9834962386184463,10
8,4,2,8.0,1.0,0.09479323614194214,0.988168467718605,10
8,4,2,9.0,1.0,0.09550405483838638,0.9906223998350575,10
8,4,2,10.0,1.0,0.10307439809548834,0.9876154399290646,10
8,4,2,11.0,1.0,0.12972160198305974,0.97963179489497,10
8,4,2,12.0,1.0,0.10214231264730068,0.987250246392005,10
8,4,2,13.0,1.0,0.08755230981094148,0.9873303431811096,10
8,4,2,14.0,1.0,0.1121124316140914,0.9822874173677796,10
8,4,2,15.0,1.0,0.08656048487632655,0.9878457596136466,10
8,4,3,0.1,1.0,0.15135361445916484,0.9396200774350095,10
8,4,3,0.25,1.0,0.14051884824781188,0.9501480136631646,10
8,4,3,0.5,1.0,0.13194743574206239,0.9531850792782721,10
8,4,3,0.75,1.0,0.14450921249600912,0.943812748651271,10
8,4,3,1.0,1.0,0.15719772847001548,0.9342338390549813,10
8,4,3,2.0,1.0,0.15594294715363952,0.9371788468105964,10
8,4,3,3.0,1.0,0.14313504567747765,0.9522339301226651,10
8,4,3,4.0,1.0,0.14373453800931701,0.9608421773106709,10
8,4,3,5.0,1.0,0.15186772382348346,0.9645753288402497,10
8,4,3,6.0,1.0,0.094733391099958,0.9855208170735137,10
8,4,3,7.0,1.0,0.08866018995294106,0.9882284894101444,10
8,4,3,8.0,1.0,0.09643267171727511,0.9879343631070201,10
8,4,3,9.0,1.0,0.07737141889676401,0.9923161680631698,10
8,4,3,10.0,1.0,0.03974493374816961,0.9965388696235782,10
8,4,3,11.0,1.0,0.12335514392396295,0.9833212448969416,10
8,4,3,12.0,1.0,0.1062652127496999,0.9870612138530966,10
8,4,3,13.0,1.0,0.06233125535803511,0.9942781140228358,10
8,4,3,14.0,1.0,0.26477364080854404,0.9467108510575415,10
8,4,3,15.0,1.0,0.06252786532591904,0.9854743814475784,10
8,4,4,0.1,1.0,0.15771665673357563,0.9341746851207489,10
8,4,4,0.25,1.0,0.1404441471569488,0.9471188110933513,10
8,4,4,0.5,1.0,0.1374889489251763,0.9481571594394606,10
8,4,4,0.75,1.0,0.15092283121110214,0.9387918285276726,10
8,4,4,1.0,1.0,0.15629267148214604,0.9321307337737339,10
8,4,4,2.0,1.0,0.17944890024764393,0.9268674057636574,10
8,4,4,3.0,1.0,0.149486699434625,0.9479043829195635,10
8,4,4,4.0,1.0,0.14676152588528443,0.9584371222587006,10
8,4,4,5.0,1.0,0.13733365540813694,0.9687089553250321,10
8,4,4,6.0,1.0,0.12637686810992174,0.977543150063685,10
8,4,4,7.0,1.0,0.11194614144698843,0.9832998128636662,10
8,4,4,8.0,1.0,0.08935189654411384,0.9881012383133619,10
8,4,4,9.0,1.0,0.08288447948719355,0.9879689236099555,10
8,4,4,10.0,1.0,0.14629929963531135,0.9747709861891523,10
8,4,4,11.0,1.0,0.05458427903817082,0.9920003779556028,10
8,4,4,12.0,1.0,0.07004668384570316,0.991288758511801,10
8,4,4,13.0,1.0,0.06414315449695669,0.9856688016540887,10
8,4,4,14.0,1.0,0.22427251518400101,0.9536600901425325,10
8,4,4,15.0,1.0,0.12379992018970283,0.9823171429241447,10
8,4,5,0.1,1.0,0.15760665966845877,0.9340446083914277,10
8,4,5,0.25,1.0,0.14083979738749275,0.9470965359717489,10
8,4,5,0.5,1.0,0.13828172034783653,0.9479090410114077,10
8,4,5,0.75,1.0,0.14929930449288037,0.9390059787392127,10
8,4,5,1.0,1.0,0.15896293253393465,0.931392608555347,10
8,4,5,2.0,1.0,0.1606391473271566,0.9317527970011605,10
8,4,5,3.0,1.0,0.16549146994161165,0.9386822652966706,10
8,4,5,4.0,1.0,0.154469253557419,0.9554390192964862,10
8,4,5,5.0,1.0,0.1278483680787895,0.9717026336606877,10
8,4,5,6.0,1.0,0.10717860092863819,0.9838587677889619,10
8,4,5,7.0,1.0,0.11072032473338358,0.9820649824511841,10
8,4,5,8.0,1.0,0.08501304271768013,0.9903383852307976,10
8,4,5,9.0,1.0,0.08448930176320839,0.9891790744486688,10
8,4,5,10.0,1.0,0.09837300823550418,0.9887838489293946,10
8,4,5,11.0,1.0,0.10639232801098097,0.9821830827192989,10
8,4,5,12.0,1.0,0.12502499872370476,0.9772645595152938,10
8,4,5,13.0,1.0,0.0640346008070956,0.9918381594572842,10
8,4,5,14.0,1.0,0.16062307628308398,0.9751522924935493,10
8,4,5,15.0,1.0,0.2176439089722032,0.9562099850058469,10
8,5,2,0.1,1.0,0.22511737179846503,0.8839446653332673,10
8,5,2,0.25,1.0,0.2242869686774444,0.8850127493944675,10
8,5,2,0.5,1.0,0.23273751024842942,0.8757764240928555,10
8,5,2,0.75,1.0,0.2377544746734608,0.8692262859053629,10
8,5,2,1.0,1.0,0.23999336646928288,0.8653804943941111,10
8,5,2,2.0,1.0,0.24498023226604854,0.8720250684905722,10
8,5,2,3.0,1.0,0.2314814264441565,0.8998301172570498,10
8,5,2,4.0,1.0,0.19762916707697795,0.9339609888350616,10
8,5,2,5.0,1.0,0.1748825107276287,0.9574090412223368,10
8,5,2,6.0,1.0,0.12445738570583022,0.9779804241261608,10
8,5,2,7.0,1.0,0.14043506749676601,0.9785051586141105,10
8,5,2,8.0,1.0,0.11825606748963655,0.9821933714118739,10
8,5,2,9.0,1.0,0.14671474492913603,0.9796611409846467,10
8,5,2,10.0,1.0,0.11736347081596747,0.9852642199169106,10
8,5,2,11.0,1.0,0.1022415373558046,0.988012113028796,10
8,5,2,12.0,1.0,0.1125597229210671,0.9886475139601295,10
8,5,2,13.0,1.0,0.14264367797607375,0.9750821323931953,10
8,5,2,14.0,1.0,0.0987553462042692,0.9862110917659225,10
8,5,2,15.0,1.0,0.05266076709197637,0.9931979328348725,10
8,5,3,0.1,1.0,0.1801796079379883,0.918790298210321,10
8,5,3,0.25,1.0,0.1895306707195141,0.9113300929722666,10
8,5,3,0.5,1.0,0.19898510811058392,0.9028899746192711,10
8,5,3,0.75,1.0,0.2025455618040014,0.8983068831158983,10
8,5,3,1.0,1.0,0.2080011318283266,0.8937120759077841,10
8,5,3,2.0,1.0,0.20143966261558274,0.9019451833105792,10
8,5,3,3.0,1.0,0.17358331455367537,0.9326195175758154,10
8,5,3,4.0,1.0,0.16449675611320727,0.9500077873063506,10
8,5,3,5.0,1.0,0.14322452360343357,0.9665157555992526,10
8,5,3,6.0,1.0,0.1400687129358294,0.9720295230293249,10
8,5,3,7.0,1.0,0.08986587815861888,0.9887087447338888,10
8,5,3,8.0,1.0,0.12661448500521127,0.979331101167054,10
8,5,3,9.0,1.0,0.0855420579398438,0.9895301065791386,10
8,5,3,10.0,1.0,0.12587834542013296,0.9831724657031787,10
8,5,3,11.0,1.0,0.06204539795397916,0.992267652297088,10
8,5,3,12.0,1.0,0.08688567895252736,0.9870178375437307,10
8,5,3,13.0,1.0,0.10149096848844961,0.986351117285494,10
8,5,3,14.0,1.0,0.16513176198339538,0.9741373538358201,10
8,5,3,15.0,1.0,0.12607458834981158,0.9815101384785982,10
8,5,4,0.1,1.0,0.18618725282791662,0.914990268079767,10
8,5,4,0.25,1.0,0.19262305842104335,0.9095266088693945,10
8,5,4,0.5,1.0,0.1991167288218266,0.9029795661513776,10
8,5,4,0.75,1.0,0.20146612710518577,0.89964399756611,10
8,5,4,1.0,1.0,0.20262270827576515,0.8977554744802179,10
8,5,4,2.0,1.0,0.19210005187626075,0.9093773741503528,10
8,5,4,3.0,1.0,0.1665999826829863,0.9369285921732472,10
8,5,4,4.0,1.0,0.14478330893521457,0.9567774292762574,10
8,5,4,5.0,1.0,0.1208468703729089,0.9725264026227506,10
8,5,4,6.0,1.0,0.1412713757015764,0.9677697135350222,10
8,5,4,7.0,1.0,0.1403298940240606,0.9727158032509764,10
8,5,4,8.0,1.0,0.12747624210623554,0.9789112616864984,10
8,5,4,9.0,1.0,0.1407943728243882,0.9754874067635808,10
8,5,4,10.0,1.0,0.08427522150711172,0.9899071766836657,10
8,5,4,11.0,1.0,0.118512503522544,0.9819563686699346,10
8,5,4,12.0,1.0,0.09674059493371334,0.9883811797282973,10
8,5,4,13.0,1.0,0.052604172945722144,0.9958082179563663,10
8,5,4,14.0,1.0,0.14478406453008644,0.9732229636753111,10
8,5,4,15.0,1.0,0.13894615869104732,0.97858375542176,10
8,5,5,0.1,1.0,0.18745062500640616,0.9142288229405158,10
8,5,5,0.25,1.0,0.19272742707601687,0.9096942382084995,10
8,5,5,0.5,1.0,0.19926642889868962,0.9032015886450977,10
8,5,5,0.75,1.0,0.20224970236254433,0.8994818131547732,10
8,5,5,1.0,1.0,0.20217868719893814,0.8980034243545758,10
8,5,5,2.0,1.0,0.1949724419868752,0.9086753823232102,10
8,5,5,3.0,1.0,0.17327761055530833,0.9329707618335681,10
8,5,5,4.0,1.0,0.1560656700375815,0.9510928327620157,10
8,5,5,5.0,1.0,0.1240581173226017,0.973612366490593,10
8,5,5,6.0,1.0,0.1473093263243148,0.96786613803365,10
8,5,5,7.0,1.0,0.14748957633076154,0.9712061059919413,10
8,5,5,8.0,1.0,0.10657793288105728,0.9832785047029494,10
8,5,5,9.0,1.0,0.05669851009299286,0.9950481259799915,10
8,5,5,10.0,1.0,0.11466862716587817,0.9811357649302042,10
8,5,5,11.0,1.0,0.08711056583530606,0.9871013450648388,10
8,5,5,12.0,1.0,0.09007178867467845,0.9889759418124797,10
8,5,5,13.0,1.0,0.13323530242731965,0.9807228546540133,10
8,5,5,14.0,1.0,0.17022879837231453,0.9695405914178283,10
8,5,5,15.0,1.0,0.07151977140082301,0.9919025522541839,10
8,6,2,0.1,1.0,0.2671403857724097,0.8474209160572027,10
8,6,2,0.25,1.0,0.2725536243886128,0.8422291083556379,10
8,6,2,0.5,1.0,0.27853512781616613,0.8356504670212223,10
8,6,2,0.75,1.0,0.28505580253371415,0.8285040953378202,10
8,6,2,1.0,1.0,0.2878892477371063,0.8239154117277324,10
8,6,2,2.0,1.0,0.29497296331062073,0.8285257769182325,10
8,6,2,3.0,1.0,0.2699783971630714,0.8684651937860194,10
8,6,2,4.0,1.0,0.23495627356260956,0.9093031417883449,10
8,6,2,5.0,1.0,0.20839494971799044,0.9362202782269905,10
8,6,2,6.0,1.0,0.18121531572826668,0.9559038621150532,10
8,6,2,7.0,1.0,0.17234839637864333,0.9668101646698921,10
8,6,2,8.0,1.0,0.14366737906133545,0.9753781227621653,10
8,6,2,9.0,1.0,0.1836519354540194,0.9689964344346012,10
8,6,2,10.0,1.0,0.15910764825529822,0.9747065833000887,10
8,6,2,11.0,1.0,0.11027518807402852,0.9815837793638085,10
8,6,2,12.0,1.0,0.15202705775472186,0.9714162660159154,10
8,6,2,13.0,1.0,0.10876682737997578,0.981364831640645,10
8,6,2,14.0,1.0,0.16509813555321917,0.9734100945211883,10
8,6,2,15.0,1.0,0.1451446009532317,0.9748334300196312,10
8,6,3,0.1,1.0,0.21987393084589682,0.8879864845001009,10
8,6,3,0.25,1.0,0.21990551782269305,0.8868372668506738,10
8,6,3,0.5,1.0,0.22222831209007587,0.8845093043757464,10
8,6,3,0.75,1.0,0.23189361392686036,0.8760911205710329,10
8,6,3,1.0,1.0,0.23621128348820325,0.8701644604954862,10
8,6,3,2.0,1.0,0.22952991819690996,0.880686909423081,10
8,6,3,3.0,1.0,0.20350532556462056,0.9117579081435291,10
8,6,3,4.0,1.0,0.17851862996209103,0.9405334657495064,10
8,6,3,5.0,1.0,0.15059102971121477,0.9619430781528793,10
8,6,3,6.0,1.0,0.1363183838206732,0.9733144700084909,10
8,6,3,7.0,1.0,0.10687246351558836,0.9818089544211361,10
8,6,3,8.0,1.0,0.13355250402787272,0.9768901059227051,10
8,6,3,9.0,1.0,0.10440692139041977,0.9854232138023906,10
8,6,3,10.0,1.0,0.10093422788557693,0.986574833951583,10
8,6,3,11.0,1.0,0.09140910537314305,0.9893699269226417,10
8,6,3,12.0,1.0,0.0612919860507465,0.9940759577903628,10
8,6,3,13.0,1.0,0.08178446013086813,0.9832819226047593,10
8,6,3,14.0,1.0,0.07727665404574696,0.9860102748831199,10
8,6,3,15.0,1.0,0.09199993159212773,0.9899710309654314,10
8,6,4,0.1,1.0,0.21771202426635491,0.8892071809562414,10
8,6,4,0.25,1.0,0.2197707407107688,0.8863206324196822,10
8,6,4,0.5,1.0,0.22179440366797237,0.8837432056445766,10
8,6,4,0.75,1.0,0.22711291777661918,0.878019746986292,10
8,6,4,1.0,1.0,0.2270790722531475,0.8758278476857271,10
8,6,4,2.0,1.0,0.21367285587023926,0.8913033287954925,10
8,6,4,3.0,1.0,0.1795871666740103,0.9269684774716558,10
8,6,4,4.0,1.0,0.16531719411273066,0.9461982903533456,10
8,6,4,5.0,1.0,0.12092735963533893,0.9718849162329772,10
8,6,4,6.0,1.0,0.11097762588413342,0.9803298045777112,10
8,6,4,7.0,1.0,0.12437409500568584,0.9762876960326659,10
8,6,4,8.0,1.0,0.08212980912618167,0.9890021513306404,10
8,6,4,9.0,1.0,0.10617050003504329,0.9829704450177132,10
8,6,4,10.0,1.0,0.1103153822730698,0.9830180277598908,10
8,6,4,11.0,1.0,0.06712077240797484,0.9937325484252365,10
8,6,4,12.0,1.0,0.10570509747820156,0.9866046069358412,10
8,6,4,13.0,1.0,0.04845373284663841,0.9938918180781475,10
8,6,4,14.0,1.0,0.09752402045673882,0.9888802738573481,10
8,6,4,15.0,1.0,0.04137275199616396,0.9969518354682871,10
8,6,5,0.1,1.0,0.21527789055643773,0.8909479512929407,10
8,6,5,0.25,1.0,0.21869486906366453,0.8877603924660364,10
8,6,5,0.5,1.0,0.22234494400753982,0.8835804818996409,10
8,6,5,0.75,1.0,0.22632201664573368,0.8789423468504822,10
8,6,5,1.0,1.0,0.22983167951744377,0.8754049372176751,10
8,6,5,2.0,1.0,0.20784252345059345,0.8973593531603661,10
8,6,5,3.0,1.0,0.17668001639802608,0.929223615033064,10
8,6,5,4.0,1.0,0.1575385938753554,0.9500827126354973,10
8,6,5,5.0,1.0,0.1387546507383664,0.9653933893335112,10
8,6,5,6.0,1.0,0.11962327641456572,0.9764412250518522,10
8,6,5,7.0,1.0,0.07267720558082322,0.9913258545960051,10
8,6,5,8.0,1.0,0.09625915264914112,0.9864991959275307,10
8,6,5,9.0,1.0,0.10052731363743535,0.9850070598923362,10
8,6,5,10.0,1.0,0.07236309547492799,0.9912603619960575,10
8,6,5,11.0,1.0,0.09315467605448936,0.9871889161954648,10
8,6,5,12.0,1.0,0.08587612067877522,0.9899979588733857,10
8,6,5,13.0,1.0,0.07553273132222962,0.9889181254916719,10
8,6,5,14.0,1.0,0.07046773024060221,0.9916410119641078,10
8,6,5,15.0,1.0,0.0673221862210828,0.991510785945501,10
8,7,2,0.1,1.0,0.2643326579446533,0.84992817840203,10
8,7,2,0.25,1.0,0.27218404749701114,0.8438377126148783,10
8,7,2,0.5,1.0,0.2779702995096836,0.8370208561015522,10
8,7,2,0.75,1.0,0.28131789794513945,0.8326531941586467,10
8,7,2,1.0,1.0,0.2859098273384888,0.8280354931383189,10
8,7,2,2.0,1.0,0.2896639496888937,0.8346896367074003,10
8,7,2,3.0,1.0,0.2733505469891677,0.8663850507382038,10
8,7,2,4.0,1.0,0.24482415330148488,0.902092106561319,10
8,7,2,5.0,1.0,0.22112615172366507,0.9320014872262462,10
8,7,2,6.0,1.0,0.1878762275592514,0.9524730546248489,10
8,7,2,7.0,1.0,0.18544995792881772,0.9617916079991251,10
8,7,2,8.0,1.0,0.15146308160910274,0.9720674092377841,10
8,7,2,9.0,1.0,0.16256554790087857,0.9697724240304078,10
8,7,2,10.0,1.0,0.13749820679019104,0.9773350455544776,10
8,7,2,11.0,1.0,0.1792744102720876,0.9665572298504442,10
8,7,2,12.0,1.0,0.158966699924485,0.973360269489839,10
8,7,2,13.0,1.0,0.2008233183420592,0.9592787422456733,10
8,7,2,14.0,1.0,0.0906679314459284,0.9910106277819042,10
8,7,2,15.0,1.0,0.16923697697450188,0.9641106125367854,10
8,7,3,0.1,1.0,0.25846102335775717,0.8535067400262158,10
8,7,3,0.25,1.0,0.2699629368167171,0.8430372878682334,10
8,7,3,0.5,1.0,0.27962847286786563,0.8334865253701641,10
8,7,3,0.75,1.0,0.2887488835685693,0.8236094699029449,10
8,7,3,1.0,1.0,0.2967025524695921,0.8159288680544693,10
8,7,3,2.0,1.0,0.2834968589829459,0.8325942700807242,10
8,7,3,3.0,1.0,0.24549936628933033,0.881363611028455,10
8,7,3,4.0,1.0,0.20558364759205028,0.9229210907180398,10
8,7,3,5.0,1.0,0.17075174487323502,0.951170080168124,10
8,7,3,6.0,1.0,0.14642438343243994,0.9685185315314833,10
8,7,3,7.0,1.0,0.12759950726980898,0.9752595364553797,10
8,7,3,8.0,1.0,0.10809997404639912,0.9836976435304982,10
8,7,3,9.0,1.0,0.10415355975137645,0.9830694468963203,10
8,7,3,10.0,1.0,0.11621405700326722,0.9833519287828068,10
8,7,3,11.0,1.0,0.09280071033986145,0.9869432174039734,10
8,7,3,12.0,1.0,0.10767646660160661,0.9877089362980591,10
8,7,3,13.0,1.0,0.12976262061985278,0.9833346067128057,10
8,7,3,14.0,1.0,0.0728277059270874,0.9921660041223936,10
8,7,3,15.0,1.0,0.0701705386978428,0.9922310637328541,10
8,7,4,0.1,1.0,0.23223391394195805,0.876624053113282,10
8,7,4,0.25,1.0,0.23944169898617806,0.8698590227239315,10
8,7,4,0.5,1.0,0.24614032800012398,0.8629709408092141,10
8,7,4,0.75,1.0,0.2525673697528201,0.8564479931480491,10
8,7,4,1.0,1.0,0.25618418782351515,0.8526947590637268,10
8,7,4,2.0,1.0,0.23744178478586733,0.869515079900818,10
8,7,4,3.0,1.0,0.20176522550937973,0.9110134231087724,10
8,7,4,4.0,1.0,0.17859311915146284,0.9366615503585638,10
8,7,4,5.0,1.0,0.151713326370549,0.9592643545941827,10
8,7,4,6.0,1.0,0.13576029353231328,0.9694242784138236,10
8,7,4,7.0,1.0,0.13758294901971255,0.9721403228767584,10
8,7,4,8.0,1.0,0.10394384740205768,0.9830672112797533,10
8,7,4,9.0,1.0,0.07285248126281942,0.9907055756259733,10
8,7,4,10.0,1.0,0.08407523011904944,0.9873676849963007,10
8,7,4,11.0,1.0,0.07134111879419584,0.9914563088666424,10
8,7,4,12.0,1.0,0.12211186783933754,0.9817176866748145,10
8,7,4,13.0,1.0,0.07836255419956498,0.9925553130615429,10
8,7,4,14.0,1.0,0.08360417261112352,0.9902530892777069,10
8,7,4,15.0,1.0,0.12177024152951366,0.9839949209231446,10
8,7,5,0.1,1.0,0.2201404984328097,0.8867712484599072,10
8,7,5,0.25,1.0,0.22435092381736663,0.8824293408934735,10
8,7,5,0.5,1.0,0.22724481199115432,0.8792485909082784,10
8,7,5,0.75,1.0,0.23100283040273398,0.8753341191055446,10
8,7,5,1.0,1.0,0.23428517934611243,0.8718213544193749,10
8,7,5,2.0,1.0,0.21798272286953516,0.8879062427988162,10
8,7,5,3.0,1.0,0.18815433946545967,0.9211649722441013,10
8,7,5,4.0,1.0,0.1527754820742762,0.9512125774631129,10
8,7,5,5.0,1.0,0.145300861092615,0.9607175250892167,10
8,7,5,6.0,1.0,0.10717669561297703,0.9794866000643135,10
8,7,5,7.0,1.0,0.1073589761450594,0.9811353322342554,10
8,7,5,8.0,1.0,0.09947378714575995,0.9833712845121442,10
8,7,5,9.0,1.0,0.0915924066483354,0.9855975591652126,10
8,7,5,10.0,1.0,0.05277373527011394,0.9942578016134067,10
8,7,5,11.0,1.0,0.10315802044950133,0.9847800204427797,10
8,7,5,12.0,1.0,0.09717923796664922,0.9868504705890332,10
8,7,5,13.0,1.0,0.12902061893117264,0.9807882919084333,10
8,7,5,14.0,1.0,0.0781737754531749,0.992415154165179,10
8,7,5,15.0,1.0,0.05084394472001022,0.9935548942891784,10
8,8,2,0.1,1.0,0.3069842292386911,0.8081605253326363,10
8,8,2,0.25,1.0,0.30896535039808665,0.8056091229439799,10
8,8,2,0.5,1.0,0.31748016824695563,0.7966177200857997,10
8,8,2,0.75,1.0,0.3249901628183997,0.7883407973516656,10
8,8,2,1.0,1.0,0.3317086309732414,0.7817511242660307,10
8,8,2,2.0,1.0,0.3365560309942127,0.7882405477298218,10
8,8,2,3.0,1.0,0.31670090991508293,0.8267030007827884,10
8,8,2,4.0,1.0,0.28409587183021895,0.8727863900511299,10
8,8,2,5.0,1.0,0.25152303880770466,0.9125881178689486,10
8,8,2,6.0,1.0,0.23007623873017896,0.9284703130264786,10
8,8,2,7.0,1.0,0.2029967216223208,0.9512175112356761,10
8,8,2,8.0,1.0,0.16825492617304633,0.9639833844680705,10
8,8,2,9.0,1.0,0.20513492786792792,0.953712131617907,10
8,8,2,10.0,1.0,0.17382432451740365,0.966007372751817,10
8,8,2,11.0,1.0,0.1462947373877896,0.9750371338404582,10
8,8,2,12.0,1.0,0.16978367478667877,0.9681303420480603,10
8,8,2,13.0,1.0,0.1695914797195509,0.9689535742233543,10
8,8,2,14.0,1.0,0.219630069149537,0.9569522531593538,10
8,8,2,15.0,1.0,0.11757428029644817,0.9760101307979998,10
8,8,3,0.1,1.0,0.29363836133991844,0.8193141477834519,10
8,8,3,0.25,1.0,0.30163899841626846,0.8117777383143069,10
8,8,3,0.5,1.0,0.30801226824130784,0.8050509691411801,10
8,8,3,0.75,1.0,0.31512937716034234,0.7973597376741709,10
8,8,3,1.0,1.0,0.3208116825299551,0.7914661984619493,10
8,8,3,2.0,1.0,0.31220590416360483,0.8077190631626496,10
8,8,3,3.0,1.0,0.27207039209631595,0.8579051970726296,10
8,8,3,4.0,1.0,0.2250859325268834,0.9091547565103074,10
8,8,3,5.0,1.0,0.1986264361247598,0.9383806234641948,10
8,8,3,6.0,1.0,0.18524770105466296,0.9527046621415638,10
8,8,3,7.0,1.0,0.16345596587462236,0.9650924271738016,10
8,8,3,8.0,1.0,0.13612646705597908,0.9759819291101993,10
8,8,3,9.0,1.0,0.12203208738509357,0.9804982735199954,10
8,8,3,10.0,1.0,0.08878192761625778,0.9881052205680305,10
8,8,3,11.0,1.0,0.09559898269782605,0.9846742140954277,10
8,8,3,12.0,1.0,0.1746168699608219,0.9707309104110349,10
8,8,3,13.0,1.0,0.13144790728414066,0.9812864855762955,10
8,8,3,14.0,1.0,0.12823503444613193,0.9830027833219452,10
8,8,3,15.0,1.0,0.10572154256575426,0.9829598247149743,10
8,8,4,0.1,1.0,0.2499943354504062,0.8574324578811061,10
8,8,4,0.25,1.0,0.25391690541221007,0.8543199284295055,10
8,8,4,0.5,1.0,0.2550255513990034,0.8527746644158901,10
8,8,4,0.75,1.0,0.257184691558069,0.8501799799289536,10
8,8,4,1.0,1.0,0.2570928545011602,0.8495207513568843,10
8,8,4,2.0,1.0,0.24305203522048371,0.8661734025414389,10
8,8,4,3.0,1.0,0.21327590326613408,0.9029073765688734,10
8,8,4,4.0,1.0,0.18087392335215013,0.9354289930686859,10
8,8,4,5.0,1.0,0.15765712342008986,0.9554850990634459,10
8,8,4,6.0,1.0,0.13040235423637775,0.9711434039842451,10
8,8,4,7.0,1.0,0.09729406537255572,0.9844893384424442,10
8,8,4,8.0,1.0,0.10867625240380716,0.9824990536054146,10
8,8,4,9.0,1.0,0.08635968570036552,0.9872405482339716,10
8,8,4,10.0,1.0,0.1126815814566601,0.9810923858241478,10
8,8,4,11.0,1.0,0.07996688742373685,0.9904642237794178,10
8,8,4,12.0,1.0,0.12001034485274592,0.9827282758183494,10
8,8,4,13.0,1.0,0.09419525044841548,0.9866091675553027,10
8,8,4,14.0,1.0,0.09962887698137926,0.9879202689404472,10
8,8,4,15.0,1.0,0.08497343898277805,0.9896736192135611,10
