U,W,mean_r,stderr_r,n_r_values,n_realizations_used,n_realizations_total,n_levels_min,n_levels_max,zero_gap_fraction,duplicate_levels_removed,L,Nup,Ndown,N,nmax,file
1.0,1.0,0.528472840562941,0.0010087471893726193,63600,300,300,214,214,0.0,0,6,,,6,4,pbs_bose_polfed_grouped/data/U_1/W_1/L_6/N_6_nmax_4/energies_full_U1_L6_N6_nmax4_W1_nreal300.txt
2.0,1.0,0.4812166985484314,0.0010533104156254826,63600,300,300,214,214,0.0,0,6,,,6,4,pbs_bose_polfed_grouped/data/U_2/W_1/L_6/N_6_nmax_4/energies_full_U2_L6_N6_nmax4_W1_nreal300.txt
3.0,1.0,0.43808674324597974,0.0010825754125839806,63600,300,300,214,214,0.0,0,6,,,6,4,pbs_bose_polfed_grouped/data/U_3/W_1/L_6/N_6_nmax_4/energies_full_U3_L6_N6_nmax4_W1_nreal300.txt
4.0,1.0,0.41619337189667277,0.001092617710446628,63600,300,300,214,214,0.0,0,6,,,6,4,pbs_bose_polfed_grouped/data/U_4/W_1/L_6/N_6_nmax_4/energies_full_U4_L6_N6_nmax4_W1_nreal300.txt
5.0,1.0,0.4115725833553677,0.0010956322723763591,63600,300,300,214,214,0.0,0,6,,,6,4,pbs_bose_polfed_grouped/data/U_5/W_1/L_6/N_6_nmax_4/energies_full_U5_L6_N6_nmax4_W1_nreal300.txt
6.0,1.0,0.4066589053541802,0.0011000011664734509,63600,300,300,214,214,0.0,0,6,,,6,4,pbs_bose_polfed_grouped/data/U_6/W_1/L_6/N_6_nmax_4/energies_full_U6_L6_N6_nmax4_W1_nreal300.txt
7.0,1.0,0.4031085703316506,0.0011020396413381284,63600,300,300,214,214,0.0,0,6,,,6,4,pbs_bose_polfed_grouped/data/U_7/W_1/L_6/N_6_nmax_4/energies_full_U7_L6_N6_nmax4_W1_nreal300.txt
8.0,1.0,0.40082364741056814,0.0011066375498963786,63600,300,300,214,214,0.0,0,6,,,6,4,pbs_bose_polfed_grouped/data/U_8/W_1/L_6/N_6_nmax_4/energies_full_U8_L6_N6_nmax4_W1_nreal300.txt
9.0,1.0,0.3974217529802523,0.0011047938301064454,63600,300,300,214,214,0.0,0,6,,,6,4,pbs_bose_polfed_grouped/data/U_9/W_1/L_6/N_6_nmax_4/energies_full_U9_L6_N6_nmax4_W1_nreal300.txt
10.0,1.0,0.3981213599004257,0.0011096952307948292,63600,300,300,214,214,0.0,0,6,,,6,4,pbs_bose_polfed_grouped/data/U_10/W_1/L_6/N_6_nmax_4/energies_full_U10_L6_N6_nmax4_W1_nreal300.txt
11.0,1.0,0.39778210961422117,0.0011089070149205927,63600,300,300,214,214,0.0,0,6,,,6,4,pbs_bose_polfed_grouped/data/U_11/W_1/L_6/N_6_nmax_4/energies_full_U11_L6_N6_nmax4_W1_nreal300.txt
50.0,1.0,0.38461383343640454,0.001114345987688551,63600,300,300,214,214,0.0,0,6,,,6,4,pbs_bose_polfed_grouped/data/U_50/W_1/L_6/N_6_nmax_4/energies_full_U50_L6_N6_nmax4_W1_nreal300.txt
1.0,2.0,0.519890405598185,0.0010178193778928913,63600,300,300,214,214,0.0,0,6,,,6,4,pbs_bose_polfed_grouped/data/U_1/W_2/L_6/N_6_nmax_4/energies_full_U1_L6_N6_nmax4_W2_nreal300.txt
2.0,2.0,0.4690777631077922,0.001058003629423107,63600,300,300,214,214,0.0,0,6,,,6,4,pbs_bose_polfed_grouped/data/U_2/W_2/L_6/N_6_nmax_4/energies_full_U2_L6_N6_nmax4_W2_nreal300.txt
3.0,2.0,0.42920090362001834,0.0010833001632769648,63600,300,300,214,214,0.0,0,6,,,6,4,pbs_bose_polfed_grouped/data/U_3/W_2/L_6/N_6_nmax_4/energies_full_U3_L6_N6_nmax4_W2_nreal300.txt
4.0,2.0,0.41238438560655843,0.001097561052010335,63600,300,300,214,214,0.0,0,6,,,6,4,pbs_bose_polfed_grouped/data/U_4/W_2/L_6/N_6_nmax_4/energies_full_U4_L6_N6_nmax4_W2_nreal300.txt
5.0,2.0,0.40374670844220345,0.0010974814107392562,63600,300,300,214,214,0.0,0,6,,,6,4,pbs_bose_polfed_grouped/data/U_5/W_2/L_6/N_6_nmax_4/energies_full_U5_L6_N6_nmax4_W2_nreal300.txt
6.0,2.0,0.4025751060421202,0.001100035908134186,63600,300,300,214,214,0.0,0,6,,,6,4,pbs_bose_polfed_grouped/data/U_6/W_2/L_6/N_6_nmax_4/energies_full_U6_L6_N6_nmax4_W2_nreal300.txt
7.0,2.0,0.40044521836182023,0.0010994141615523634,63600,300,300,214,214,0.0,0,6,,,6,4,pbs_bose_polfed_grouped/data/U_7/W_2/L_6/N_6_nmax_4/energies_full_U7_L6_N6_nmax4_W2_nreal300.txt
8.0,2.0,0.4000916653021157,0.0011045214130264416,63600,300,300,214,214,0.0,0,6,,,6,4,pbs_bose_polfed_grouped/data/U_8/W_2/L_6/N_6_nmax_4/energies_full_U8_L6_N6_nmax4_W2_nreal300.txt
9.0,2.0,0.3973680121285641,0.0011031991891595188,63600,300,300,214,214,0.0,0,6,,,6,4,pbs_bose_polfed_grouped/data/U_9/W_2/L_6/N_6_nmax_4/energies_full_U9_L6_N6_nmax4_W2_nreal300.txt
10.0,2.0,0.3953917068603067,0.0011043381666883299,63600,300,300,214,214,0.0,0,6,,,6,4,pbs_bose_polfed_grouped/data/U_10/W_2/L_6/N_6_nmax_4/energies_full_U10_L6_N6_nmax4_W2_nreal300.txt
11.0,2.0,0.39505157252331335,0.0011075016357635023,63600,300,300,214,214,0.0,0,6,,,6,4,pbs_bose_polfed_grouped/data/U_11/W_2/L_6/N_6_nmax_4/energies_full_U11_L6_N6_nmax4_W2_nreal300.txt
50.0,2.0,0.38881689997016633,0.0011165236223382494,63600,300,300,214,214,0.0,0,6,,,6,4,pbs_bose_polfed_grouped/data/U_50/W_2/L_6/N_6_nmax_4/energies_full_U50_L6_N6_nmax4_W2_nreal300.txt
1.0,3.0,0.4949449205143331,0.0010406991042310723,63600,300,300,214,214,0.0,0,6,,,6,4,pbs_bose_polfed_grouped/data/U_1/W_3/L_6/N_6_nmax_4/energies_full_U1_L6_N6_nmax4_W3_nreal300.txt
2.0,3.0,0.4569939890437221,0.0010696632177341528,63600,300,300,214,214,0.0,0,6,,,6,4,pbs_bose_polfed_grouped/data/U_2/W_3/L_6/N_6_nmax_4/energies_full_U2_L6_N6_nmax4_W3_nreal300.txt
3.0,3.0,0.42561814624903765,0.0010906449875357307,63600,300,300,214,214,0.0,0,6,,,6,4,pbs_bose_polfed_grouped/data/U_3/W_3/L_6/N_6_nmax_4/energies_full_U3_L6_N6_nmax4_W3_nreal300.txt
4.0,3.0,0.4110935041377442,0.0010993724525688562,63600,300,300,214,214,0.0,0,6,,,6,4,pbs_bose_polfed_grouped/data/U_4/W_3/L_6/N_6_nmax_4/energies_full_U4_L6_N6_nmax4_W3_nreal300.txt
5.0,3.0,0.4024359809649865,0.0011059910526361053,63600,300,300,214,214,0.0,0,6,,,6,4,pbs_bose_polfed_grouped/data/U_5/W_3/L_6/N_6_nmax_4/energies_full_U5_L6_N6_nmax4_W3_nreal300.txt
6.0,3.0,0.4021409734269878,0.0011019666490592129,63600,300,300,214,214,0.0,0,6,,,6,4,pbs_bose_polfed_grouped/data/U_6/W_3/L_6/N_6_nmax_4/energies_full_U6_L6_N6_nmax4_W3_nreal300.txt
7.0,3.0,0.39773827928040534,0.0011052271907742452,63600,300,300,214,214,0.0,0,6,,,6,4,pbs_bose_polfed_grouped/data/U_7/W_3/L_6/N_6_nmax_4/energies_full_U7_L6_N6_nmax4_W3_nreal300.txt
8.0,3.0,0.3973474441803736,0.0011031099290833833,63600,300,300,214,214,0.0,0,6,,,6,4,pbs_bose_polfed_grouped/data/U_8/W_3/L_6/N_6_nmax_4/energies_full_U8_L6_N6_nmax4_W3_nreal300.txt
9.0,3.0,0.3960023470084702,0.0011048429591793121,63600,300,300,214,214,0.0,0,6,,,6,4,pbs_bose_polfed_grouped/data/U_9/W_3/L_6/N_6_nmax_4/energies_full_U9_L6_N6_nmax4_W3_nreal300.txt
10.0,3.0,0.3989844065480851,0.0011086322432158678,63600,300,300,214,214,0.0,0,6,,,6,4,pbs_bose_polfed_grouped/data/U_10/W_3/L_6/N_6_nmax_4/energies_full_U10_L6_N6_nmax4_W3_nreal300.txt
11.0,3.0,0.39513615885312237,0.0011049843270771226,63600,300,300,214,214,0.0,0,6,,,6,4,pbs_bose_polfed_grouped/data/U_11/W_3/L_6/N_6_nmax_4/energies_full_U11_L6_N6_nmax4_W3_nreal300.txt
50.0,3.0,0.38282002166290996,0.0011149802173227904,63600,300,300,214,214,0.0,0,6,,,6,4,pbs_bose_polfed_grouped/data/U_50/W_3/L_6/N_6_nmax_4/energies_full_U50_L6_N6_nmax4_W3_nreal300.txt
1.0,4.0,0.46892415361987333,0.0010665021708023035,63600,300,300,214,214,0.0,0,6,,,6,4,pbs_bose_polfed_grouped/data/U_1/W_4/L_6/N_6_nmax_4/energies_full_U1_L6_N6_nmax4_W4_nreal300.txt
2.0,4.0,0.44384202830717184,0.001080250569097185,63600,300,300,214,214,0.0,0,6,,,6,4,pbs_bose_polfed_grouped/data/U_2/W_4/L_6/N_6_nmax_4/energies_full_U2_L6_N6_nmax4_W4_nreal300.txt
3.0,4.0,0.4186261149770362,0.001093405534927064,63600,300,300,214,214,0.0,0,6,,,6,4,pbs_bose_polfed_grouped/data/U_3/W_4/L_6/N_6_nmax_4/energies_full_U3_L6_N6_nmax4_W4_nreal300.txt
4.0,4.0,0.40575233455449955,0.0011000588419102448,63600,300,300,214,214,0.0,0,6,,,6,4,pbs_bose_polfed_grouped/data/U_4/W_4/L_6/N_6_nmax_4/energies_full_U4_L6_N6_nmax4_W4_nreal300.txt
5.0,4.0,0.39813698500246875,0.0011032457541210465,63600,300,300,214,214,0.0,0,6,,,6,4,pbs_bose_polfed_grouped/data/U_5/W_4/L_6/N_6_nmax_4/energies_full_U5_L6_N6_nmax4_W4_nreal300.txt
6.0,4.0,0.3987174870908468,0.0011045942869045348,63600,300,300,214,214,0.0,0,6,,,6,4,pbs_bose_polfed_grouped/data/U_6/W_4/L_6/N_6_nmax_4/energies_full_U6_L6_N6_nmax4_W4_nreal300.txt
7.0,4.0,0.3949944560472323,0.0011014350749895814,63600,300,300,214,214,0.0,0,6,,,6,4,pbs_bose_polfed_grouped/data/U_7/W_4/L_6/N_6_nmax_4/energies_full_U7_L6_N6_nmax4_W4_nreal300.txt
8.0,4.0,0.39506844244765355,0.0011060200723017393,63600,300,300,214,214,0.0,0,6,,,6,4,pbs_bose_polfed_grouped/data/U_8/W_4/L_6/N_6_nmax_4/energies_full_U8_L6_N6_nmax4_W4_nreal300.txt
9.0,4.0,0.3948867226340979,0.0011042184970651578,63600,300,300,214,214,0.0,0,6,,,6,4,pbs_bose_polfed_grouped/data/U_9/W_4/L_6/N_6_nmax_4/energies_full_U9_L6_N6_nmax4_W4_nreal300.txt
10.0,4.0,0.39659323619199993,0.0011047293481716636,63600,300,300,214,214,0.0,0,6,,,6,4,pbs_bose_polfed_grouped/data/U_10/W_4/L_6/N_6_nmax_4/energies_full_U10_L6_N6_nmax4_W4_nreal300.txt
11.0,4.0,0.3949974181642048,0.001105321773068861,63600,300,300,214,214,0.0,0,6,,,6,4,pbs_bose_polfed_grouped/data/U_11/W_4/L_6/N_6_nmax_4/energies_full_U11_L6_N6_nmax4_W4_nreal300.txt
50.0,4.0,0.3830457094161203,0.0011108514764889739,63600,300,300,214,214,0.0,0,6,,,6,4,pbs_bose_polfed_grouped/data/U_50/W_4/L_6/N_6_nmax_4/energies_full_U50_L6_N6_nmax4_W4_nreal300.txt
1.0,5.0,0.444646836709186,0.001080927467704798,63600,300,300,214,214,0.0,0,6,,,6,4,pbs_bose_polfed_grouped/data/U_1/W_5/L_6/N_6_nmax_4/energies_full_U1_L6_N6_nmax4_W5_nreal300.txt
2.0,5.0,0.43377174780895145,0.0010922869010938298,63600,300,300,214,214,0.0,0,6,,,6,4,pbs_bose_polfed_grouped/data/U_2/W_5/L_6/N_6_nmax_4/energies_full_U2_L6_N6_nmax4_W5_nreal300.txt
3.0,5.0,0.41588242415748233,0.001098142606326608,63600,300,300,214,214,0.0,0,6,,,6,4,pbs_bose_polfed_grouped/data/U_3/W_5/L_6/N_6_nmax_4/energies_full_U3_L6_N6_nmax4_W5_nreal300.txt
4.0,5.0,0.40713479398511065,0.0011013416421571083,63600,300,300,214,214,0.0,0,6,,,6,4,pbs_bose_polfed_grouped/data/U_4/W_5/L_6/N_6_nmax_4/energies_full_U4_L6_N6_nmax4_W5_nreal300.txt
5.0,5.0,0.3979839823928543,0.0011030842973361202,63600,300,300,214,214,0.0,0,6,,,6,4,pbs_bose_polfed_grouped/data/U_5/W_5/L_6/N_6_nmax_4/energies_full_U5_L6_N6_nmax4_W5_nreal300.txt
6.0,5.0,0.3986339973777237,0.001108214452704908,63600,300,300,214,214,0.0,0,6,,,6,4,pbs_bose_polfed_grouped/data/U_6/W_5/L_6/N_6_nmax_4/energies_full_U6_L6_N6_nmax4_W5_nreal300.txt
7.0,5.0,0.3944922698224623,0.0011043122298004604,63600,300,300,214,214,0.0,0,6,,,6,4,pbs_bose_polfed_grouped/data/U_7/W_5/L_6/N_6_nmax_4/energies_full_U7_L6_N6_nmax4_W5_nreal300.txt
8.0,5.0,0.3948981378605485,0.0011076228144724202,63600,300,300,214,214,0.0,0,6,,,6,4,pbs_bose_polfed_grouped/data/U_8/W_5/L_6/N_6_nmax_4/energies_full_U8_L6_N6_nmax4_W5_nreal300.txt
9.0,5.0,0.39201076594803325,0.001106936568760226,63600,300,300,214,214,0.0,0,6,,,6,4,pbs_bose_polfed_grouped/data/U_9/W_5/L_6/N_6_nmax_4/energies_full_U9_L6_N6_nmax4_W5_nreal300.txt
10.0,5.0,0.394472627982485,0.0011079124421824434,63600,300,300,214,214,0.0,0,6,,,6,4,pbs_bose_polfed_grouped/data/U_10/W_5/L_6/N_6_nmax_4/energies_full_U10_L6_N6_nmax4_W5_nreal300.txt
11.0,5.0,0.39358163675865965,0.0011001935311947717,63600,300,300,214,214,0.0,0,6,,,6,4,pbs_bose_polfed_grouped/data/U_11/W_5/L_6/N_6_nmax_4/energies_full_U11_L6_N6_nmax4_W5_nreal300.txt
50.0,5.0,0.382227781842684,0.0011170408869527215,63600,300,300,214,214,0.0,0,6,,,6,4,pbs_bose_polfed_grouped/data/U_50/W_5/L_6/N_6_nmax_4/energies_full_U50_L6_N6_nmax4_W5_nreal300.txt
1.0,6.0,0.4302578447471111,0.0010885125816401421,63600,300,300,214,214,0.0,0,6,,,6,4,pbs_bose_polfed_grouped/data/U_1/W_6/L_6/N_6_nmax_4/energies_full_U1_L6_N6_nmax4_W6_nreal300.txt
2.0,6.0,0.4227789597841579,0.0010929324602523126,63600,300,300,214,214,0.0,0,6,,,6,4,pbs_bose_polfed_grouped/data/U_2/W_6/L_6/N_6_nmax_4/energies_full_U2_L6_N6_nmax4_W6_nreal300.txt
3.0,6.0,0.4116736155794961,0.0010984133510751172,63600,300,300,214,214,0.0,0,6,,,6,4,pbs_bose_polfed_grouped/data/U_3/W_6/L_6/N_6_nmax_4/energies_full_U3_L6_N6_nmax4_W6_nreal300.txt
4.0,6.0,0.4036116604920478,0.0011050870664606597,63600,300,300,214,214,0.0,0,6,,,6,4,pbs_bose_polfed_grouped/data/U_4/W_6/L_6/N_6_nmax_4/energies_full_U4_L6_N6_nmax4_W6_nreal300.txt
5.0,6.0,0.3979107952087737,0.0011068999984009788,63600,300,300,214,214,0.0,0,6,,,6,4,pbs_bose_polfed_grouped/data/U_5/W_6/L_6/N_6_nmax_4/energies_full_U5_L6_N6_nmax4_W6_nreal300.txt
6.0,6.0,0.39492038567324267,0.0011025881193677542,63600,300,300,214,214,0.0,0,6,,,6,4,pbs_bose_polfed_grouped/data/U_6/W_6/L_6/N_6_nmax_4/energies_full_U6_L6_N6_nmax4_W6_nreal300.txt
7.0,6.0,0.39398761400860316,0.0011072279694109058,63600,300,300,214,214,0.0,0,6,,,6,4,pbs_bose_polfed_grouped/data/U_7/W_6/L_6/N_6_nmax_4/energies_full_U7_L6_N6_nmax4_W6_nreal300.txt
8.0,6.0,0.3936134187353422,0.0011018193073826657,63600,300,300,214,214,0.0,0,6,,,6,4,pbs_bose_polfed_grouped/data/U_8/W_6/L_6/N_6_nmax_4/energies_full_U8_L6_N6_nmax4_W6_nreal300.txt
9.0,6.0,0.3941641911371843,0.001111206720034414,63600,300,300,214,214,0.0,0,6,,,6,4,pbs_bose_polfed_grouped/data/U_9/W_6/L_6/N_6_nmax_4/energies_full_U9_L6_N6_nmax4_W6_nreal300.txt
10.0,6.0,0.39407959654894326,0.0011102834518938959,63600,300,300,214,214,0.0,0,6,,,6,4,pbs_bose_polfed_grouped/data/U_10/W_6/L_6/N_6_nmax_4/energies_full_U10_L6_N6_nmax4_W6_nreal300.txt
11.0,6.0,0.3940892476758511,0.0011089881197430315,63600,300,300,214,214,0.0,0,6,,,6,4,pbs_bose_polfed_grouped/data/U_11/W_6/L_6/N_6_nmax_4/energies_full_U11_L6_N6_nmax4_W6_nreal300.txt
50.0,6.0,0.38247775964446407,0.0011162023502106903,63600,300,300,214,214,0.0,0,6,,,6,4,pbs_bose_polfed_grouped/data/U_50/W_6/L_6/N_6_nmax_4/energies_full_U50_L6_N6_nmax4_W6_nreal300.txt
1.0,7.0,0.423607052709735,0.0010927053100383082,63600,300,300,214,214,0.0,0,6,,,6,4,pbs_bose_polfed_grouped/data/U_1/W_7/L_6/N_6_nmax_4/energies_full_U1_L6_N6_nmax4_W7_nreal300.txt
2.0,7.0,0.4191328398384832,0.00109776012249819,63600,300,300,214,214,0.0,0,6,,,6,4,pbs_bose_polfed_grouped/data/U_2/W_7/L_6/N_6_nmax_4/energies_full_U2_L6_N6_nmax4_W7_nreal300.txt
3.0,7.0,0.4098897423750844,0.0010987739868759938,63600,300,300,214,214,0.0,0,6,,,6,4,pbs_bose_polfed_grouped/data/U_3/W_7/L_6/N_6_nmax_4/energies_full_U3_L6_N6_nmax4_W7_nreal300.txt
4.0,7.0,0.4031263485170964,0.0010997119956569353,63600,300,300,214,214,0.0,0,6,,,6,4,pbs_bose_polfed_grouped/data/U_4/W_7/L_6/N_6_nmax_4/energies_full_U4_L6_N6_nmax4_W7_nreal300.txt
5.0,7.0,0.39736067857378143,0.0011052362818506501,63600,300,300,214,214,0.0,0,6,,,6,4,pbs_bose_polfed_grouped/data/U_5/W_7/L_6/N_6_nmax_4/energies_full_U5_L6_N6_nmax4_W7_nreal300.txt
6.0,7.0,0.39311661925947466,0.0011075451012222996,63600,300,300,214,214,0.0,0,6,,,6,4,pbs_bose_polfed_grouped/data/U_6/W_7/L_6/N_6_nmax_4/energies_full_U6_L6_N6_nmax4_W7_nreal300.txt
7.0,7.0,0.3952668063703568,0.0011055862723693029,63600,300,300,214,214,0.0,0,6,,,6,4,pbs_bose_polfed_grouped/data/U_7/W_7/L_6/N_6_nmax_4/energies_full_U7_L6_N6_nmax4_W7_nreal300.txt
8.0,7.0,0.39426265444703784,0.0011060793429531705,63600,300,300,214,214,0.0,0,6,,,6,4,pbs_bose_polfed_grouped/data/U_8/W_7/L_6/N_6_nmax_4/energies_full_U8_L6_N6_nmax4_W7_nreal300.txt
9.0,7.0,0.39223801817224374,0.0011109842643743182,63600,300,300,214,214,0.0,0,6,,,6,4,pbs_bose_polfed_grouped/data/U_9/W_7/L_6/N_6_nmax_4/energies_full_U9_L6_N6_nmax4_W7_nreal300.txt
10.0,7.0,0.39411245259969135,0.0011020648064686484,63600,300,300,214,214,0.0,0,6,,,6,4,pbs_bose_polfed_grouped/data/U_10/W_7/L_6/N_6_nmax_4/energies_full_U10_L6_N6_nmax4_W7_nreal300.txt
11.0,7.0,0.39158442597227544,0.001106650787806466,63600,300,300,214,214,0.0,0,6,,,6,4,pbs_bose_polfed_grouped/data/U_11/W_7/L_6/N_6_nmax_4/energies_full_U11_L6_N6_nmax4_W7_nreal300.txt
50.0,7.0,0.3834772502965368,0.0011143407800879607,63600,300,300,214,214,0.0,0,6,,,6,4,pbs_bose_polfed_grouped/data/U_50/W_7/L_6/N_6_nmax_4/energies_full_U50_L6_N6_nmax4_W7_nreal300.txt
1.0,8.0,0.4112372692734025,0.0011003553658112454,63600,300,300,214,214,0.0,0,6,,,6,4,pbs_bose_polfed_grouped/data/U_1/W_8/L_6/N_6_nmax_4/energies_full_U1_L6_N6_nmax4_W8_nreal300.txt
2.0,8.0,0.4116979152983214,0.0010998103622418985,63600,300,300,214,214,0.0,0,6,,,6,4,pbs_bose_polfed_grouped/data/U_2/W_8/L_6/N_6_nmax_4/energies_full_U2_L6_N6_nmax4_W8_nreal300.txt
3.0,8.0,0.4043333114102261,0.0010969950207013054,63600,300,300,214,214,0.0,0,6,,,6,4,pbs_bose_polfed_grouped/data/U_3/W_8/L_6/N_6_nmax_4/energies_full_U3_L6_N6_nmax4_W8_nreal300.txt
4.0,8.0,0.3967941859451059,0.0011006440122603963,63600,300,300,214,214,0.0,0,6,,,6,4,pbs_bose_polfed_grouped/data/U_4/W_8/L_6/N_6_nmax_4/energies_full_U4_L6_N6_nmax4_W8_nreal300.txt
5.0,8.0,0.3990795318903047,0.0011023198911639571,63600,300,300,214,214,0.0,0,6,,,6,4,pbs_bose_polfed_grouped/data/U_5/W_8/L_6/N_6_nmax_4/energies_full_U5_L6_N6_nmax4_W8_nreal300.txt
6.0,8.0,0.39581498344217153,0.0011045623780337396,63600,300,300,214,214,0.0,0,6,,,6,4,pbs_bose_polfed_grouped/data/U_6/W_8/L_6/N_6_nmax_4/energies_full_U6_L6_N6_nmax4_W8_nreal300.txt
7.0,8.0,0.3940106688034677,0.001106755515770047,63600,300,300,214,214,0.0,0,6,,,6,4,pbs_bose_polfed_grouped/data/U_7/W_8/L_6/N_6_nmax_4/energies_full_U7_L6_N6_nmax4_W8_nreal300.txt
8.0,8.0,0.3949198934800419,0.0011089174614936242,63600,300,300,214,214,0.0,0,6,,,6,4,pbs_bose_polfed_grouped/data/U_8/W_8/L_6/N_6_nmax_4/energies_full_U8_L6_N6_nmax4_W8_nreal300.txt
9.0,8.0,0.3909728874302569,0.0011042611347181625,63600,300,300,214,214,0.0,0,6,,,6,4,pbs_bose_polfed_grouped/data/U_9/W_8/L_6/N_6_nmax_4/energies_full_U9_L6_N6_nmax4_W8_nreal300.txt
10.0,8.0,0.39069858789076756,0.0011048888202238182,63600,300,300,214,214,0.0,0,6,,,6,4,pbs_bose_polfed_grouped/data/U_10/W_8/L_6/N_6_nmax_4/energies_full_U10_L6_N6_nmax4_W8_nreal300.txt
11.0,8.0,0.39194393347789463,0.001109248234939562,63600,300,300,214,214,0.0,0,6,,,6,4,pbs_bose_polfed_grouped/data/U_11/W_8/L_6/N_6_nmax_4/energies_full_U11_L6_N6_nmax4_W8_nreal300.txt
50.0,8.0,0.3808335310144363,0.0011075995423741767,63600,300,300,214,214,0.0,0,6,,,6,4,pbs_bose_polfed_grouped/data/U_50/W_8/L_6/N_6_nmax_4/energies_full_U50_L6_N6_nmax4_W8_nreal300.txt
1.0,9.0,0.4082804052460969,0.001099638228808826,63600,300,300,214,214,0.0,0,6,,,6,4,pbs_bose_polfed_grouped/data/U_1/W_9/L_6/N_6_nmax_4/energies_full_U1_L6_N6_nmax4_W9_nreal300.txt
2.0,9.0,0.410492575925879,0.0011021432541406596,63600,300,300,214,214,0.0,0,6,,,6,4,pbs_bose_polfed_grouped/data/U_2/W_9/L_6/N_6_nmax_4/energies_full_U2_L6_N6_nmax4_W9_nreal300.txt
3.0,9.0,0.40581202502275027,0.0011023794782174183,63600,300,300,214,214,0.0,0,6,,,6,4,pbs_bose_polfed_grouped/data/U_3/W_9/L_6/N_6_nmax_4/energies_full_U3_L6_N6_nmax4_W9_nreal300.txt
4.0,9.0,0.39983787850675223,0.0011076353901183162,63600,300,300,214,214,0.0,0,6,,,6,4,pbs_bose_polfed_grouped/data/U_4/W_9/L_6/N_6_nmax_4/energies_full_U4_L6_N6_nmax4_W9_nreal300.txt
5.0,9.0,0.3976086337713848,0.0011053183910787723,63600,300,300,214,214,0.0,0,6,,,6,4,pbs_bose_polfed_grouped/data/U_5/W_9/L_6/N_6_nmax_4/energies_full_U5_L6_N6_nmax4_W9_nreal300.txt
6.0,9.0,0.3955537452825151,0.0011105933866758955,63600,300,300,214,214,0.0,0,6,,,6,4,pbs_bose_polfed_grouped/data/U_6/W_9/L_6/N_6_nmax_4/energies_full_U6_L6_N6_nmax4_W9_nreal300.txt
7.0,9.0,0.39368292577302005,0.001107551981622347,63600,300,300,214,214,0.0,0,6,,,6,4,pbs_bose_polfed_grouped/data/U_7/W_9/L_6/N_6_nmax_4/energies_full_U7_L6_N6_nmax4_W9_nreal300.txt
8.0,9.0,0.39146215639451143,0.0011027918333148719,63600,300,300,214,214,0.0,0,6,,,6,4,pbs_bose_polfed_grouped/data/U_8/W_9/L_6/N_6_nmax_4/energies_full_U8_L6_N6_nmax4_W9_nreal300.txt
9.0,9.0,0.3913125959199625,0.0011043152035017858,63600,300,300,214,214,0.0,0,6,,,6,4,pbs_bose_polfed_grouped/data/U_9/W_9/L_6/N_6_nmax_4/energies_full_U9_L6_N6_nmax4_W9_nreal300.txt
10.0,9.0,0.39031206678524594,0.001107978701043871,63600,300,300,214,214,0.0,0,6,,,6,4,pbs_bose_polfed_grouped/data/U_10/W_9/L_6/N_6_nmax_4/energies_full_U10_L6_N6_nmax4_W9_nreal300.txt
11.0,9.0,0.39042289742703323,0.0011099705092271154,63600,300,300,214,214,0.0,0,6,,,6,4,pbs_bose_polfed_grouped/data/U_11/W_9/L_6/N_6_nmax_4/energies_full_U11_L6_N6_nmax4_W9_nreal300.txt
50.0,9.0,0.3811141127447002,0.0011143112561003321,63600,300,300,214,214,0.0,0,6,,,6,4,pbs_bose_polfed_grouped/data/U_50/W_9/L_6/N_6_nmax_4/energies_full_U50_L6_N6_nmax4_W9_nreal300.txt
1.0,10.0,0.40446585967799753,0.0011027894648711547,63600,300,300,214,214,0.0,0,6,,,6,4,pbs_bose_polfed_grouped/data/U_1/W_10/L_6/N_6_nmax_4/energies_full_U1_L6_N6_nmax4_W10_nreal300.txt
2.0,10.0,0.40529225538971153,0.0011057140674466648,63600,300,300,214,214,0.0,0,6,,,6,4,pbs_bose_polfed_grouped/data/U_2/W_10/L_6/N_6_nmax_4/energies_full_U2_L6_N6_nmax4_W10_nreal300.txt
3.0,10.0,0.40261954301833197,0.0011055345328414843,63600,300,300,214,214,0.0,0,6,,,6,4,pbs_bose_polfed_grouped/data/U_3/W_10/L_6/N_6_nmax_4/energies_full_U3_L6_N6_nmax4_W10_nreal300.txt
4.0,10.0,0.40028155785219627,0.0011034250469261302,63600,300,300,214,214,0.0,0,6,,,6,4,pbs_bose_polfed_grouped/data/U_4/W_10/L_6/N_6_nmax_4/energies_full_U4_L6_N6_nmax4_W10_nreal300.txt
5.0,10.0,0.397599199711517,0.0011090510166059714,63600,300,300,214,214,0.0,0,6,,,6,4,pbs_bose_polfed_grouped/data/U_5/W_10/L_6/N_6_nmax_4/energies_full_U5_L6_N6_nmax4_W10_nreal300.txt
6.0,10.0,0.3944422934891301,0.001103211456221918,63600,300,300,214,214,0.0,0,6,,,6,4,pbs_bose_polfed_grouped/data/U_6/W_10/L_6/N_6_nmax_4/energies_full_U6_L6_N6_nmax4_W10_nreal300.txt
7.0,10.0,0.39258303720864024,0.0011063468001984466,63600,300,300,214,214,0.0,0,6,,,6,4,pbs_bose_polfed_grouped/data/U_7/W_10/L_6/N_6_nmax_4/energies_full_U7_L6_N6_nmax4_W10_nreal300.txt
8.0,10.0,0.39232369468674605,0.0011012476405289694,63600,300,300,214,214,0.0,0,6,,,6,4,pbs_bose_polfed_grouped/data/U_8/W_10/L_6/N_6_nmax_4/energies_full_U8_L6_N6_nmax4_W10_nreal300.txt
9.0,10.0,0.391626748808578,0.0011088708253150005,63600,300,300,214,214,0.0,0,6,,,6,4,pbs_bose_polfed_grouped/data/U_9/W_10/L_6/N_6_nmax_4/energies_full_U9_L6_N6_nmax4_W10_nreal300.txt
1.0,11.0,0.39934306444381557,0.001108080937029832,63600,300,300,214,214,0.0,0,6,,,6,4,pbs_bose_polfed_grouped/data/U_1/W_11/L_6/N_6_nmax_4/energies_full_U1_L6_N6_nmax4_W11_nreal300.txt
2.0,11.0,0.40260866036617365,0.0011016786873516552,63600,300,300,214,214,0.0,0,6,,,6,4,pbs_bose_polfed_grouped/data/U_2/W_11/L_6/N_6_nmax_4/energies_full_U2_L6_N6_nmax4_W11_nreal300.txt
3.0,11.0,0.4016229620297175,0.0011054102084029373,63600,300,300,214,214,0.0,0,6,,,6,4,pbs_bose_polfed_grouped/data/U_3/W_11/L_6/N_6_nmax_4/energies_full_U3_L6_N6_nmax4_W11_nreal300.txt
4.0,11.0,0.39792501863077046,0.0011031129952651093,63600,300,300,214,214,0.0,0,6,,,6,4,pbs_bose_polfed_grouped/data/U_4/W_11/L_6/N_6_nmax_4/energies_full_U4_L6_N6_nmax4_W11_nreal300.txt
5.0,11.0,0.3944480740018483,0.0011061412252982084,63600,300,300,214,214,0.0,0,6,,,6,4,pbs_bose_polfed_grouped/data/U_5/W_11/L_6/N_6_nmax_4/energies_full_U5_L6_N6_nmax4_W11_nreal300.txt
6.0,11.0,0.3945262202268001,0.0011054679266236176,63600,300,300,214,214,0.0,0,6,,,6,4,pbs_bose_polfed_grouped/data/U_6/W_11/L_6/N_6_nmax_4/energies_full_U6_L6_N6_nmax4_W11_nreal300.txt
7.0,11.0,0.3952392563389703,0.0011074197188676745,63600,300,300,214,214,0.0,0,6,,,6,4,pbs_bose_polfed_grouped/data/U_7/W_11/L_6/N_6_nmax_4/energies_full_U7_L6_N6_nmax4_W11_nreal300.txt
8.0,11.0,0.39121202838061886,0.0011052061360242646,63600,300,300,214,214,0.0,0,6,,,6,4,pbs_bose_polfed_grouped/data/U_8/W_11/L_6/N_6_nmax_4/energies_full_U8_L6_N6_nmax4_W11_nreal300.txt
9.0,11.0,0.39161401329269485,0.0011063919133321514,63600,300,300,214,214,0.0,0,6,,,6,4,pbs_bose_polfed_grouped/data/U_9/W_11/L_6/N_6_nmax_4/energies_full_U9_L6_N6_nmax4_W11_nreal300.txt
1.0,12.0,0.39900575544352734,0.0011071007525083139,63600,300,300,214,214,0.0,0,6,,,6,4,pbs_bose_polfed_grouped/data/U_1/W_12/L_6/N_6_nmax_4/energies_full_U1_L6_N6_nmax4_W12_nreal300.txt
2.0,12.0,0.3979638077158853,0.0011030483848301978,63600,300,300,214,214,0.0,0,6,,,6,4,pbs_bose_polfed_grouped/data/U_2/W_12/L_6/N_6_nmax_4/energies_full_U2_L6_N6_nmax4_W12_nreal300.txt
3.0,12.0,0.3987087684855718,0.0011073877997851863,63600,300,300,214,214,0.0,0,6,,,6,4,pbs_bose_polfed_grouped/data/U_3/W_12/L_6/N_6_nmax_4/energies_full_U3_L6_N6_nmax4_W12_nreal300.txt
4.0,12.0,0.3965389107823599,0.0011012207583874867,63600,300,300,214,214,0.0,0,6,,,6,4,pbs_bose_polfed_grouped/data/U_4/W_12/L_6/N_6_nmax_4/energies_full_U4_L6_N6_nmax4_W12_nreal300.txt
5.0,12.0,0.39508242597082244,0.001106386038295993,63600,300,300,214,214,0.0,0,6,,,6,4,pbs_bose_polfed_grouped/data/U_5/W_12/L_6/N_6_nmax_4/energies_full_U5_L6_N6_nmax4_W12_nreal300.txt
6.0,12.0,0.3920625006284832,0.0011047503379410992,63600,300,300,214,214,0.0,0,6,,,6,4,pbs_bose_polfed_grouped/data/U_6/W_12/L_6/N_6_nmax_4/energies_full_U6_L6_N6_nmax4_W12_nreal300.txt
7.0,12.0,0.39096184276448787,0.0011067540451004424,63600,300,300,214,214,0.0,0,6,,,6,4,pbs_bose_polfed_grouped/data/U_7/W_12/L_6/N_6_nmax_4/energies_full_U7_L6_N6_nmax4_W12_nreal300.txt
8.0,12.0,0.39114323425391007,0.0011079494987106685,63600,300,300,214,214,0.0,0,6,,,6,4,pbs_bose_polfed_grouped/data/U_8/W_12/L_6/N_6_nmax_4/energies_full_U8_L6_N6_nmax4_W12_nreal300.txt
9.0,12.0,0.3905882357669017,0.0011046136244557876,63600,300,300,214,214,0.0,0,6,,,6,4,pbs_bose_polfed_grouped/data/U_9/W_12/L_6/N_6_nmax_4/energies_full_U9_L6_N6_nmax4_W12_nreal300.txt
10.0,12.0,0.39076774073689563,0.0011067946306752554,63600,300,300,214,214,0.0,0,6,,,6,4,pbs_bose_polfed_grouped/data/U_10/W_12/L_6/N_6_nmax_4/energies_full_U10_L6_N6_nmax4_W12_nreal300.txt
1.0,13.0,0.39940594324249945,0.0011067001004710854,63600,300,300,214,214,0.0,0,6,,,6,4,pbs_bose_polfed_grouped/data/U_1/W_13/L_6/N_6_nmax_4/energies_full_U1_L6_N6_nmax4_W13_nreal300.txt
2.0,13.0,0.3998998358547207,0.0011022443771933376,63600,300,300,214,214,0.0,0,6,,,6,4,pbs_bose_polfed_grouped/data/U_2/W_13/L_6/N_6_nmax_4/energies_full_U2_L6_N6_nmax4_W13_nreal300.txt
3.0,13.0,0.397280777633673,0.0011034903334502136,63600,300,300,214,214,0.0,0,6,,,6,4,pbs_bose_polfed_grouped/data/U_3/W_13/L_6/N_6_nmax_4/energies_full_U3_L6_N6_nmax4_W13_nreal300.txt
4.0,13.0,0.3939654369742627,0.0011017088400137158,63600,300,300,214,214,0.0,0,6,,,6,4,pbs_bose_polfed_grouped/data/U_4/W_13/L_6/N_6_nmax_4/energies_full_U4_L6_N6_nmax4_W13_nreal300.txt
5.0,13.0,0.39443764174595003,0.001105914892344472,63600,300,300,214,214,0.0,0,6,,,6,4,pbs_bose_polfed_grouped/data/U_5/W_13/L_6/N_6_nmax_4/energies_full_U5_L6_N6_nmax4_W13_nreal300.txt
6.0,13.0,0.39334292248861347,0.0011092504367107426,63600,300,300,214,214,0.0,0,6,,,6,4,pbs_bose_polfed_grouped/data/U_6/W_13/L_6/N_6_nmax_4/energies_full_U6_L6_N6_nmax4_W13_nreal300.txt
7.0,13.0,0.3932598291750427,0.0011038135537243972,63600,300,300,214,214,0.0,0,6,,,6,4,pbs_bose_polfed_grouped/data/U_7/W_13/L_6/N_6_nmax_4/energies_full_U7_L6_N6_nmax4_W13_nreal300.txt
8.0,13.0,0.39325494190564775,0.001110076174484767,63600,300,300,214,214,0.0,0,6,,,6,4,pbs_bose_polfed_grouped/data/U_8/W_13/L_6/N_6_nmax_4/energies_full_U8_L6_N6_nmax4_W13_nreal300.txt
9.0,13.0,0.39210193022514694,0.00110375635309099,63600,300,300,214,214,0.0,0,6,,,6,4,pbs_bose_polfed_grouped/data/U_9/W_13/L_6/N_6_nmax_4/energies_full_U9_L6_N6_nmax4_W13_nreal300.txt
10.0,13.0,0.38898296563406676,0.0011059514025037929,63600,300,300,214,214,0.0,0,6,,,6,4,pbs_bose_polfed_grouped/data/U_10/W_13/L_6/N_6_nmax_4/energies_full_U10_L6_N6_nmax4_W13_nreal300.txt
40.0,13.0,0.38413108018295794,0.0011135601699633177,63600,300,300,214,214,0.0,0,6,,,6,4,pbs_bose_polfed_grouped/data/U_40/W_13/L_6/N_6_nmax_4/energies_full_U40_L6_N6_nmax4_W13_nreal300.txt
1.0,14.0,0.3948900220940994,0.0011054386760490406,63600,300,300,214,214,0.0,0,6,,,6,4,pbs_bose_polfed_grouped/data/U_1/W_14/L_6/N_6_nmax_4/energies_full_U1_L6_N6_nmax4_W14_nreal300.txt
2.0,14.0,0.40011484657372665,0.00110335114066457,63600,300,300,214,214,0.0,0,6,,,6,4,pbs_bose_polfed_grouped/data/U_2/W_14/L_6/N_6_nmax_4/energies_full_U2_L6_N6_nmax4_W14_nreal300.txt
3.0,14.0,0.3987936906696358,0.001104546412474704,63600,300,300,214,214,0.0,0,6,,,6,4,pbs_bose_polfed_grouped/data/U_3/W_14/L_6/N_6_nmax_4/energies_full_U3_L6_N6_nmax4_W14_nreal300.txt
4.0,14.0,0.3960291882053603,0.0011030045636198395,63600,300,300,214,214,0.0,0,6,,,6,4,pbs_bose_polfed_grouped/data/U_4/W_14/L_6/N_6_nmax_4/energies_full_U4_L6_N6_nmax4_W14_nreal300.txt
5.0,14.0,0.39359727434978653,0.0011074367015634367,63600,300,300,214,214,0.0,0,6,,,6,4,pbs_bose_polfed_grouped/data/U_5/W_14/L_6/N_6_nmax_4/energies_full_U5_L6_N6_nmax4_W14_nreal300.txt
6.0,14.0,0.39508300709396665,0.00110709149423544,63600,300,300,214,214,0.0,0,6,,,6,4,pbs_bose_polfed_grouped/data/U_6/W_14/L_6/N_6_nmax_4/energies_full_U6_L6_N6_nmax4_W14_nreal300.txt
7.0,14.0,0.39342361686239247,0.001107097274125585,63600,300,300,214,214,0.0,0,6,,,6,4,pbs_bose_polfed_grouped/data/U_7/W_14/L_6/N_6_nmax_4/energies_full_U7_L6_N6_nmax4_W14_nreal300.txt
8.0,14.0,0.3902430205236039,0.0011068184932382034,63600,300,300,214,214,0.0,0,6,,,6,4,pbs_bose_polfed_grouped/data/U_8/W_14/L_6/N_6_nmax_4/energies_full_U8_L6_N6_nmax4_W14_nreal300.txt
9.0,14.0,0.39148688491769673,0.0011072080314335302,63600,300,300,214,214,0.0,0,6,,,6,4,pbs_bose_polfed_grouped/data/U_9/W_14/L_6/N_6_nmax_4/energies_full_U9_L6_N6_nmax4_W14_nreal300.txt
10.0,14.0,0.387965558530647,0.0011057370992684683,63600,300,300,214,214,0.0,0,6,,,6,4,pbs_bose_polfed_grouped/data/U_10/W_14/L_6/N_6_nmax_4/energies_full_U10_L6_N6_nmax4_W14_nreal300.txt
40.0,14.0,0.3863010253473902,0.0011097928948631112,63600,300,300,214,214,0.0,0,6,,,6,4,pbs_bose_polfed_grouped/data/U_40/W_14/L_6/N_6_nmax_4/energies_full_U40_L6_N6_nmax4_W14_nreal300.txt
1.0,15.0,0.39408736675453127,0.0011017170038114751,63600,300,300,214,214,0.0,0,6,,,6,4,pbs_bose_polfed_grouped/data/U_1/W_15/L_6/N_6_nmax_4/energies_full_U1_L6_N6_nmax4_W15_nreal300.txt
2.0,15.0,0.3943686772812031,0.0011066859091474893,63600,300,300,214,214,0.0,0,6,,,6,4,pbs_bose_polfed_grouped/data/U_2/W_15/L_6/N_6_nmax_4/energies_full_U2_L6_N6_nmax4_W15_nreal300.txt
3.0,15.0,0.39524518462281555,0.001100075584522864,63600,300,300,214,214,0.0,0,6,,,6,4,pbs_bose_polfed_grouped/data/U_3/W_15/L_6/N_6_nmax_4/energies_full_U3_L6_N6_nmax4_W15_nreal300.txt
4.0,15.0,0.3923434609924675,0.001106125367589835,63600,300,300,214,214,0.0,0,6,,,6,4,pbs_bose_polfed_grouped/data/U_4/W_15/L_6/N_6_nmax_4/energies_full_U4_L6_N6_nmax4_W15_nreal300.txt
5.0,15.0,0.3949634675236112,0.001105432533697603,63600,300,300,214,214,0.0,0,6,,,6,4,pbs_bose_polfed_grouped/data/U_5/W_15/L_6/N_6_nmax_4/energies_full_U5_L6_N6_nmax4_W15_nreal300.txt
6.0,15.0,0.3937087381975326,0.0011069637983384506,63600,300,300,214,214,0.0,0,6,,,6,4,pbs_bose_polfed_grouped/data/U_6/W_15/L_6/N_6_nmax_4/energies_full_U6_L6_N6_nmax4_W15_nreal300.txt
7.0,15.0,0.39116498324697707,0.0011062210177945739,63600,300,300,214,214,0.0,0,6,,,6,4,pbs_bose_polfed_grouped/data/U_7/W_15/L_6/N_6_nmax_4/energies_full_U7_L6_N6_nmax4_W15_nreal300.txt
8.0,15.0,0.39105408033282957,0.0011070823924762094,63600,300,300,214,214,0.0,0,6,,,6,4,pbs_bose_polfed_grouped/data/U_8/W_15/L_6/N_6_nmax_4/energies_full_U8_L6_N6_nmax4_W15_nreal300.txt
9.0,15.0,0.3924294562222765,0.0011049158064480751,63600,300,300,214,214,0.0,0,6,,,6,4,pbs_bose_polfed_grouped/data/U_9/W_15/L_6/N_6_nmax_4/energies_full_U9_L6_N6_nmax4_W15_nreal300.txt
10.0,15.0,0.3911741274660239,0.0011052111800416164,63600,300,300,214,214,0.0,0,6,,,6,4,pbs_bose_polfed_grouped/data/U_10/W_15/L_6/N_6_nmax_4/energies_full_U10_L6_N6_nmax4_W15_nreal300.txt
40.0,15.0,0.3839343602144875,0.0011108988338139041,63600,300,300,214,214,0.0,0,6,,,6,4,pbs_bose_polfed_grouped/data/U_40/W_15/L_6/N_6_nmax_4/energies_full_U40_L6_N6_nmax4_W15_nreal300.txt
