L,N,nmax,filling,fixed_W,observable,U_at_maximum,maximum_value,U_at_max_Wstar,delta_U_maximum_minus_Wstar
6,3,3,0.5,1.0,onsite_pair_density,10.0,0.26101306750531,2.0,8.0
6,3,3,0.5,1.0,onsite_pair_variance,1.0,1.66893199744126,2.0,-1.0
6,3,3,0.5,1.0,charge_fluctuation,1.0,0.477356042978424,2.0,-1.0
6,3,3,0.5,1.0,fock_entropy_normalized,1.0,0.812226060998508,2.0,-1.0
6,3,3,0.5,1.0,pr_normalized,1.0,0.341727135173062,2.0,-1.0
6,3,3,0.5,1.0,Nres_mean_l1.0,1.0,2.26199999999986,2.0,-1.0
6,3,3,0.5,1.0,Nres_mean_l2.0,1.0,3.8918571428567996,2.0,-1.0
6,3,3,0.5,1.0,fres_l1.0,1.0,0.502666666666706,2.0,-1.0
6,3,3,0.5,1.0,fres_l2.0,1.0,0.8648571428570719,2.0,-1.0
6,4,3,0.6666666666666666,1.0,onsite_pair_density,1.0,0.477282460768384,2.0,-1.0
6,4,3,0.6666666666666666,1.0,onsite_pair_variance,1.0,3.1069581764691003,2.0,-1.0
6,4,3,0.6666666666666666,1.0,charge_fluctuation,1.0,0.6746076471696419,2.0,-1.0
6,4,3,0.6666666666666666,1.0,fock_entropy_normalized,1.0,0.8318537375841961,2.0,-1.0
6,4,3,0.6666666666666666,1.0,pr_normalized,1.0,0.306800525074872,2.0,-1.0
6,4,3,0.6666666666666666,1.0,Nres_mean_l1.0,1.0,2.55200000000018,2.0,-1.0
6,4,3,0.6666666666666666,1.0,Nres_mean_l2.0,1.0,4.4808666666671995,2.0,-1.0
6,4,3,0.6666666666666666,1.0,fres_l1.0,1.0,0.47259259259251796,2.0,-1.0
6,4,3,0.6666666666666666,1.0,fres_l2.0,1.0,0.8297901234568961,2.0,-1.0
6,5,3,0.8333333333333334,1.0,onsite_pair_density,1.0,0.746868807480482,2.0,-1.0
6,5,3,0.8333333333333334,1.0,onsite_pair_variance,1.0,3.868319018369,2.0,-1.0
6,5,3,0.8333333333333334,1.0,charge_fluctuation,1.0,0.8613980980922961,2.0,-1.0
6,5,3,0.8333333333333334,1.0,fock_entropy_normalized,1.0,0.8485345652293059,2.0,-1.0
6,5,3,0.8333333333333334,1.0,pr_normalized,1.0,0.29626694251621993,2.0,-1.0
6,5,3,0.8333333333333334,1.0,Nres_mean_l1.0,1.0,2.7571666666671,2.0,-1.0
6,5,3,0.8333333333333334,1.0,Nres_mean_l2.0,1.0,4.9088888888882405,2.0,-1.0
6,5,3,0.8333333333333334,1.0,fres_l1.0,1.0,0.45117272727268604,2.0,-1.0
6,5,3,0.8333333333333334,1.0,fres_l2.0,1.0,0.803272727272722,2.0,-1.0
6,6,3,1.0,1.0,onsite_pair_density,10.0,1.02702569965668,2.0,8.0
6,6,3,1.0,1.0,onsite_pair_variance,1.0,4.1877778372144405,2.0,-1.0
6,6,3,1.0,1.0,charge_fluctuation,1.0,0.9974831340403401,2.0,-1.0
6,6,3,1.0,1.0,fock_entropy_normalized,1.0,0.8612507410843321,2.0,-1.0
6,6,3,1.0,1.0,pr_normalized,1.0,0.296914839386072,2.0,-1.0
6,6,3,1.0,1.0,Nres_mean_l1.0,1.0,2.98704761904702,2.0,-1.0
6,6,3,1.0,1.0,Nres_mean_l2.0,1.0,5.210273809522841,2.0,-1.0
6,6,3,1.0,1.0,fres_l1.0,1.0,0.449663082437208,2.0,-1.0
6,6,3,1.0,1.0,fres_l2.0,1.0,0.7843422939068,2.0,-1.0
6,7,3,1.1666666666666667,1.0,onsite_pair_density,1.0,1.30951729063536,2.0,-1.0
6,7,3,1.1666666666666667,1.0,onsite_pair_variance,1.0,4.74044165375214,2.0,-1.0
6,7,3,1.1666666666666667,1.0,charge_fluctuation,1.0,1.0975298986369202,2.0,-1.0
6,7,3,1.1666666666666667,1.0,fock_entropy_normalized,1.0,0.869177926456658,2.0,-1.0
6,7,3,1.1666666666666667,1.0,pr_normalized,1.0,0.29829320247343594,2.0,-1.0
6,7,3,1.1666666666666667,1.0,Nres_mean_l1.0,1.0,3.22666666666718,2.0,-1.0
6,7,3,1.1666666666666667,1.0,Nres_mean_l2.0,1.0,5.479245614034941,2.0,-1.0
6,7,3,1.1666666666666667,1.0,fres_l1.0,1.0,0.45922596754057593,2.0,-1.0
6,7,3,1.1666666666666667,1.0,fres_l2.0,1.0,0.7798177278402241,2.0,-1.0
6,8,3,1.3333333333333333,1.0,onsite_pair_density,1.0,1.62393050592178,2.0,-1.0
6,8,3,1.3333333333333333,1.0,onsite_pair_variance,1.0,5.16492037790374,2.0,-1.0
6,8,3,1.3333333333333333,1.0,charge_fluctuation,1.0,1.1631153654162198,2.0,-1.0
6,8,3,1.3333333333333333,1.0,fock_entropy_normalized,1.0,0.8738160971822,2.0,-1.0
6,8,3,1.3333333333333333,1.0,pr_normalized,1.0,0.30004737277244997,2.0,-1.0
6,8,3,1.3333333333333333,1.0,Nres_mean_l1.0,1.0,3.41125274725318,2.0,-1.0
6,8,3,1.3333333333333333,1.0,Nres_mean_l2.0,1.0,5.62898168498106,2.0,-1.0
6,8,3,1.3333333333333333,1.0,fres_l1.0,1.0,0.47033939393935403,2.0,-1.0
6,8,3,1.3333333333333333,1.0,fres_l2.0,1.0,0.7761171717171501,2.0,-1.0
6,9,3,1.5,1.0,onsite_pair_density,1.0,1.94963973738366,2.0,-1.0
6,9,3,1.5,1.0,onsite_pair_variance,1.0,5.15447542613386,2.0,-1.0
6,9,3,1.5,1.0,charge_fluctuation,1.0,1.1847429457916998,2.0,-1.0
6,9,3,1.5,1.0,fock_entropy_normalized,1.0,0.87635174125706,2.0,-1.0
6,9,3,1.5,1.0,pr_normalized,1.0,0.304296005226668,2.0,-1.0
6,9,3,1.5,1.0,Nres_mean_l1.0,1.0,3.60927586206872,2.0,-1.0
6,9,3,1.5,1.0,Nres_mean_l2.0,1.0,5.71166896551748,2.0,-1.0
6,9,3,1.5,1.0,fres_l1.0,1.0,0.492791902071624,2.0,-1.0
6,9,3,1.5,1.0,fres_l2.0,1.0,0.7798418079096081,2.0,-1.0
6,3,3,0.5,2.0,onsite_pair_density,10.0,0.260986629141304,2.0,8.0
6,3,3,0.5,2.0,onsite_pair_variance,1.0,2.05692461248892,2.0,-1.0
6,3,3,0.5,2.0,charge_fluctuation,1.0,0.46357947293606006,2.0,-1.0
6,3,3,0.5,2.0,fock_entropy_normalized,1.0,0.79171138944821,2.0,-1.0
6,3,3,0.5,2.0,pr_normalized,1.0,0.306060328995334,2.0,-1.0
6,3,3,0.5,2.0,Nres_mean_l1.0,1.0,1.751142857143118,2.0,-1.0
6,3,3,0.5,2.0,Nres_mean_l2.0,1.0,3.1657857142860193,2.0,-1.0
6,3,3,0.5,2.0,fres_l1.0,1.0,0.389142857142682,2.0,-1.0
6,3,3,0.5,2.0,fres_l2.0,1.0,0.7035079365079521,2.0,-1.0
6,4,3,0.6666666666666666,2.0,onsite_pair_density,1.0,0.47716937069307996,2.0,-1.0
6,4,3,0.6666666666666666,2.0,onsite_pair_variance,1.0,3.32588525988234,2.0,-1.0
6,4,3,0.6666666666666666,2.0,charge_fluctuation,1.0,0.658820915190622,2.0,-1.0
6,4,3,0.6666666666666666,2.0,fock_entropy_normalized,1.0,0.8169095348154499,2.0,-1.0
6,4,3,0.6666666666666666,2.0,pr_normalized,1.0,0.280077416372122,2.0,-1.0
6,4,3,0.6666666666666666,2.0,Nres_mean_l1.0,1.0,2.0719000000001597,2.0,-1.0
6,4,3,0.6666666666666666,2.0,Nres_mean_l2.0,1.0,3.76646666666686,2.0,-1.0
6,4,3,0.6666666666666666,2.0,fres_l1.0,1.0,0.383685185185148,2.0,-1.0
6,4,3,0.6666666666666666,2.0,fres_l2.0,1.0,0.697493827160532,2.0,-1.0
6,5,3,0.8333333333333334,2.0,onsite_pair_density,10.0,0.740424397110578,2.0,8.0
6,5,3,0.8333333333333334,2.0,onsite_pair_variance,1.0,4.04866664881202,2.0,-1.0
6,5,3,0.8333333333333334,2.0,charge_fluctuation,1.0,0.8312844069270741,2.0,-1.0
6,5,3,0.8333333333333334,2.0,fock_entropy_normalized,1.0,0.834206011159152,2.0,-1.0
6,5,3,0.8333333333333334,2.0,pr_normalized,1.0,0.268889416877354,2.0,-1.0
6,5,3,0.8333333333333334,2.0,Nres_mean_l1.0,1.0,2.3845740740742003,2.0,-1.0
6,5,3,0.8333333333333334,2.0,Nres_mean_l2.0,1.0,4.2869444444448,2.0,-1.0
6,5,3,0.8333333333333334,2.0,fres_l1.0,1.0,0.39020303030298603,2.0,-1.0
6,5,3,0.8333333333333334,2.0,fres_l2.0,1.0,0.701500000000008,2.0,-1.0
6,6,3,1.0,2.0,onsite_pair_density,10.0,1.02696599451694,2.0,8.0
6,6,3,1.0,2.0,onsite_pair_variance,1.0,4.5607229437874,2.0,-1.0
6,6,3,1.0,2.0,charge_fluctuation,1.0,0.9710631133202401,2.0,-1.0
6,6,3,1.0,2.0,fock_entropy_normalized,1.0,0.848440868011286,2.0,-1.0
6,6,3,1.0,2.0,pr_normalized,1.0,0.268005179114532,2.0,-1.0
6,6,3,1.0,2.0,Nres_mean_l1.0,1.0,2.64833333333322,2.0,-1.0
6,6,3,1.0,2.0,Nres_mean_l2.0,1.0,4.68601190476178,2.0,-1.0
6,6,3,1.0,2.0,fres_l1.0,1.0,0.39867383512546994,2.0,-1.0
6,6,3,1.0,2.0,fres_l2.0,1.0,0.7054211469533859,2.0,-1.0
6,7,3,1.1666666666666667,2.0,onsite_pair_density,1.0,1.30308126809518,2.0,-1.0
6,7,3,1.1666666666666667,2.0,onsite_pair_variance,1.0,5.0257909584191,2.0,-1.0
6,7,3,1.1666666666666667,2.0,charge_fluctuation,1.0,1.073674999383492,2.0,-1.0
6,7,3,1.1666666666666667,2.0,fock_entropy_normalized,1.0,0.8583231663632539,2.0,-1.0
6,7,3,1.1666666666666667,2.0,pr_normalized,1.0,0.27134747784314,2.0,-1.0
6,7,3,1.1666666666666667,2.0,Nres_mean_l1.0,1.0,2.8908245614038197,2.0,-1.0
6,7,3,1.1666666666666667,2.0,Nres_mean_l2.0,1.0,5.01310526315698,2.0,-1.0
6,7,3,1.1666666666666667,2.0,fres_l1.0,1.0,0.41142821473159197,2.0,-1.0
6,7,3,1.1666666666666667,2.0,fres_l2.0,1.0,0.713475655430764,2.0,-1.0
6,8,3,1.3333333333333333,2.0,onsite_pair_density,1.0,1.6141153749802801,2.0,-1.0
6,8,3,1.3333333333333333,2.0,onsite_pair_variance,1.0,5.35108689800378,2.0,-1.0
6,8,3,1.3333333333333333,2.0,charge_fluctuation,1.0,1.13906295163042,2.0,-1.0
6,8,3,1.3333333333333333,2.0,fock_entropy_normalized,1.0,0.86519575587264,2.0,-1.0
6,8,3,1.3333333333333333,2.0,pr_normalized,1.0,0.27733510252315197,2.0,-1.0
6,8,3,1.3333333333333333,2.0,Nres_mean_l1.0,1.0,3.1168205128196598,2.0,-1.0
6,8,3,1.3333333333333333,2.0,Nres_mean_l2.0,1.0,5.28109890109938,2.0,-1.0
6,8,3,1.3333333333333333,2.0,fres_l1.0,1.0,0.42974343434342804,2.0,-1.0
6,8,3,1.3333333333333333,2.0,fres_l2.0,1.0,0.7281515151515081,2.0,-1.0
6,9,3,1.5,2.0,onsite_pair_density,2.0,1.93301054139316,2.0,0.0
6,9,3,1.5,2.0,onsite_pair_variance,2.0,3.83396065831486,2.0,0.0
6,9,3,1.5,2.0,charge_fluctuation,2.0,1.1267759702259,2.0,0.0
6,9,3,1.5,2.0,fock_entropy_normalized,2.0,0.8337105514591381,2.0,0.0
6,9,3,1.5,2.0,pr_normalized,2.0,0.20287796211033798,2.0,0.0
6,9,3,1.5,2.0,Nres_mean_l1.0,2.0,1.9755586206896798,2.0,0.0
6,9,3,1.5,2.0,Nres_mean_l2.0,2.0,3.60727586206862,2.0,0.0
6,9,3,1.5,2.0,fres_l1.0,2.0,0.269732580037632,2.0,0.0
6,9,3,1.5,2.0,fres_l2.0,2.0,0.49251883239173005,2.0,0.0
6,3,3,0.5,3.0,onsite_pair_density,10.0,0.260921208418678,2.0,8.0
6,3,3,0.5,3.0,onsite_pair_variance,1.0,2.22542994821936,2.0,-1.0
6,3,3,0.5,3.0,charge_fluctuation,1.0,0.4259452330218739,2.0,-1.0
6,3,3,0.5,3.0,fock_entropy_normalized,1.0,0.7444985921173901,2.0,-1.0
6,3,3,0.5,3.0,pr_normalized,1.0,0.250080221442872,2.0,-1.0
6,3,3,0.5,3.0,Nres_mean_l1.0,1.0,1.3902857142859903,2.0,-1.0
6,3,3,0.5,3.0,Nres_mean_l2.0,1.0,2.60685714285714,2.0,-1.0
6,3,3,0.5,3.0,fres_l1.0,1.0,0.30895238095221617,2.0,-1.0
6,3,3,0.5,3.0,fres_l2.0,1.0,0.5793015873016141,2.0,-1.0
6,4,3,0.6666666666666666,3.0,onsite_pair_density,1.0,0.46839171172710203,2.0,-1.0
6,4,3,0.6666666666666666,3.0,onsite_pair_variance,1.0,3.3618265565639405,2.0,-1.0
6,4,3,0.6666666666666666,3.0,charge_fluctuation,1.0,0.6088650803287119,2.0,-1.0
6,4,3,0.6666666666666666,3.0,fock_entropy_normalized,1.0,0.7748807437841161,2.0,-1.0
6,4,3,0.6666666666666666,3.0,pr_normalized,1.0,0.22585626752237817,2.0,-1.0
6,4,3,0.6666666666666666,3.0,Nres_mean_l1.0,1.0,1.725666666666662,2.0,-1.0
6,4,3,0.6666666666666666,3.0,Nres_mean_l2.0,1.0,3.20853333333348,2.0,-1.0
6,4,3,0.6666666666666666,3.0,fres_l1.0,1.0,0.319567901234587,2.0,-1.0
6,4,3,0.6666666666666666,3.0,fres_l2.0,1.0,0.5941728395061721,2.0,-1.0
6,5,3,0.8333333333333334,3.0,onsite_pair_density,10.0,0.74033793578837,2.0,8.0
6,5,3,0.8333333333333334,3.0,onsite_pair_variance,1.0,4.126033594497139,2.0,-1.0
6,5,3,0.8333333333333334,3.0,charge_fluctuation,1.0,0.7760714956109179,2.0,-1.0
6,5,3,0.8333333333333334,3.0,fock_entropy_normalized,1.0,0.799834897578578,2.0,-1.0
6,5,3,0.8333333333333334,3.0,pr_normalized,1.0,0.22008493499277698,2.0,-1.0
6,5,3,0.8333333333333334,3.0,Nres_mean_l1.0,1.0,2.05894444444436,2.0,-1.0
6,5,3,0.8333333333333334,3.0,Nres_mean_l2.0,1.0,3.74216666666696,2.0,-1.0
6,5,3,0.8333333333333334,3.0,fres_l1.0,1.0,0.336918181818192,2.0,-1.0
6,5,3,0.8333333333333334,3.0,fres_l2.0,1.0,0.612354545454538,2.0,-1.0
6,6,3,1.0,3.0,onsite_pair_density,10.0,1.0268998420353401,2.0,8.0
6,6,3,1.0,3.0,onsite_pair_variance,1.0,4.818364438917301,2.0,-1.0
6,6,3,1.0,3.0,charge_fluctuation,1.0,0.9125590440979561,2.0,-1.0
6,6,3,1.0,3.0,fock_entropy_normalized,1.0,0.815715171540518,2.0,-1.0
6,6,3,1.0,3.0,pr_normalized,1.0,0.2161780935190502,2.0,-1.0
6,6,3,1.0,3.0,Nres_mean_l1.0,1.0,2.2754642857142997,2.0,-1.0
6,6,3,1.0,3.0,Nres_mean_l2.0,1.0,4.10380952380978,2.0,-1.0
6,6,3,1.0,3.0,fres_l1.0,1.0,0.34254301075270804,2.0,-1.0
6,6,3,1.0,3.0,fres_l2.0,1.0,0.617777777777776,2.0,-1.0
6,7,3,1.1666666666666667,3.0,onsite_pair_density,3.0,1.2963641747285202,2.0,1.0
6,7,3,1.1666666666666667,3.0,onsite_pair_variance,1.0,5.22221689905948,2.0,-1.0
6,7,3,1.1666666666666667,3.0,charge_fluctuation,1.0,1.023669257474146,2.0,-1.0
6,7,3,1.1666666666666667,3.0,fock_entropy_normalized,1.0,0.832867734758776,2.0,-1.0
6,7,3,1.1666666666666667,3.0,pr_normalized,1.0,0.2250143799438242,2.0,-1.0
6,7,3,1.1666666666666667,3.0,Nres_mean_l1.0,1.0,2.5462543859647204,2.0,-1.0
6,7,3,1.1666666666666667,3.0,Nres_mean_l2.0,1.0,4.49158771929824,2.0,-1.0
6,7,3,1.1666666666666667,3.0,fres_l1.0,1.0,0.362388264669152,2.0,-1.0
6,7,3,1.1666666666666667,3.0,fres_l2.0,1.0,0.6392521847690559,2.0,-1.0
6,8,3,1.3333333333333333,3.0,onsite_pair_density,2.0,1.6019948698492599,2.0,0.0
6,8,3,1.3333333333333333,3.0,onsite_pair_variance,1.0,5.504471863505,2.0,-1.0
6,8,3,1.3333333333333333,3.0,charge_fluctuation,1.0,1.0913535461205879,2.0,-1.0
6,8,3,1.3333333333333333,3.0,fock_entropy_normalized,1.0,0.842522656720186,2.0,-1.0
6,8,3,1.3333333333333333,3.0,pr_normalized,1.0,0.23198757197506803,2.0,-1.0
6,8,3,1.3333333333333333,3.0,Nres_mean_l1.0,1.0,2.7373186813183796,2.0,-1.0
6,8,3,1.3333333333333333,3.0,Nres_mean_l2.0,1.0,4.75585347985354,2.0,-1.0
6,8,3,1.3333333333333333,3.0,fres_l1.0,1.0,0.377418181818166,2.0,-1.0
6,8,3,1.3333333333333333,3.0,fres_l2.0,1.0,0.6557313131313319,2.0,-1.0
6,9,3,1.5,3.0,onsite_pair_density,5.0,1.9335342227609,2.0,3.0
6,9,3,1.5,3.0,onsite_pair_variance,1.0,5.6662698875678394,2.0,-1.0
6,9,3,1.5,3.0,charge_fluctuation,1.0,1.124768978750296,2.0,-1.0
6,9,3,1.5,3.0,fock_entropy_normalized,1.0,0.8501469805698441,2.0,-1.0
6,9,3,1.5,3.0,pr_normalized,1.0,0.24293312279343202,2.0,-1.0
6,9,3,1.5,3.0,Nres_mean_l1.0,1.0,2.93093103448282,2.0,-1.0
6,9,3,1.5,3.0,Nres_mean_l2.0,1.0,5.0001448275863405,2.0,-1.0
6,9,3,1.5,3.0,fres_l1.0,1.0,0.400174199623354,2.0,-1.0
6,9,3,1.5,3.0,fres_l2.0,1.0,0.682693973634652,2.0,-1.0
6,3,3,0.5,4.0,onsite_pair_density,10.0,0.260813760229818,2.0,8.0
6,3,3,0.5,4.0,onsite_pair_variance,1.0,2.13563731971896,2.0,-1.0
6,3,3,0.5,4.0,charge_fluctuation,1.0,0.37557259287934197,2.0,-1.0
6,3,3,0.5,4.0,fock_entropy_normalized,1.0,0.680468590529032,2.0,-1.0
6,3,3,0.5,4.0,pr_normalized,1.0,0.19569748705407436,2.0,-1.0
6,3,3,0.5,4.0,Nres_mean_l1.0,1.0,1.1323571428571841,2.0,-1.0
6,3,3,0.5,4.0,Nres_mean_l2.0,1.0,2.1668571428571677,2.0,-1.0
6,3,3,0.5,4.0,fres_l1.0,1.0,0.251634920634863,2.0,-1.0
6,3,3,0.5,4.0,fres_l2.0,1.0,0.481523809523794,2.0,-1.0
6,4,3,0.6666666666666666,4.0,onsite_pair_density,2.0,0.46438943143175404,2.0,0.0
6,4,3,0.6666666666666666,4.0,onsite_pair_variance,1.0,3.2560890490868797,2.0,-1.0
6,4,3,0.6666666666666666,4.0,charge_fluctuation,1.0,0.5367148303528161,2.0,-1.0
6,4,3,0.6666666666666666,4.0,fock_entropy_normalized,1.0,0.7083083200207679,2.0,-1.0
6,4,3,0.6666666666666666,4.0,pr_normalized,1.0,0.1658201226003124,2.0,-1.0
6,4,3,0.6666666666666666,4.0,Nres_mean_l1.0,1.0,1.409200000000048,2.0,-1.0
6,4,3,0.6666666666666666,4.0,Nres_mean_l2.0,1.0,2.694699999999926,2.0,-1.0
6,4,3,0.6666666666666666,4.0,fres_l1.0,1.0,0.2609629629630138,2.0,-1.0
6,4,3,0.6666666666666666,4.0,fres_l2.0,1.0,0.49901851851852597,2.0,-1.0
6,5,3,0.8333333333333334,4.0,onsite_pair_density,10.0,0.7403184179566701,2.0,8.0
6,5,3,0.8333333333333334,4.0,onsite_pair_variance,1.0,4.08048648149132,2.0,-1.0
6,5,3,0.8333333333333334,4.0,charge_fluctuation,1.0,0.7011321020028979,2.0,-1.0
6,5,3,0.8333333333333334,4.0,fock_entropy_normalized,1.0,0.744423802050736,2.0,-1.0
6,5,3,0.8333333333333334,4.0,pr_normalized,1.0,0.1651136886149058,2.0,-1.0
6,5,3,0.8333333333333334,4.0,Nres_mean_l1.0,1.0,1.734537037037164,2.0,-1.0
6,5,3,0.8333333333333334,4.0,Nres_mean_l2.0,1.0,3.2407037037039337,2.0,-1.0
6,5,3,0.8333333333333334,4.0,fres_l1.0,1.0,0.28383333333333066,2.0,-1.0
6,5,3,0.8333333333333334,4.0,fres_l2.0,1.0,0.5302969696969633,2.0,-1.0
6,6,3,1.0,4.0,onsite_pair_density,10.0,1.0268173038367598,2.0,8.0
6,6,3,1.0,4.0,onsite_pair_variance,1.0,4.8610341684881595,2.0,-1.0
6,6,3,1.0,4.0,charge_fluctuation,1.0,0.839686735604326,2.0,-1.0
6,6,3,1.0,4.0,fock_entropy_normalized,1.0,0.7700630963158419,2.0,-1.0
6,6,3,1.0,4.0,pr_normalized,1.0,0.1656625050342184,2.0,-1.0
6,6,3,1.0,4.0,Nres_mean_l1.0,1.0,1.959297619047534,2.0,-1.0
6,6,3,1.0,4.0,Nres_mean_l2.0,1.0,3.6431190476188204,2.0,-1.0
6,6,3,1.0,4.0,fres_l1.0,1.0,0.29494802867383396,2.0,-1.0
6,6,3,1.0,4.0,fres_l2.0,1.0,0.548426523297502,2.0,-1.0
6,7,3,1.1666666666666667,4.0,onsite_pair_density,4.0,1.2995435031415403,2.0,2.0
6,7,3,1.1666666666666667,4.0,onsite_pair_variance,1.0,5.28183056787052,2.0,-1.0
6,7,3,1.1666666666666667,4.0,charge_fluctuation,1.0,0.9490730009968841,2.0,-1.0
6,7,3,1.1666666666666667,4.0,fock_entropy_normalized,1.0,0.7907563272154919,2.0,-1.0
6,7,3,1.1666666666666667,4.0,pr_normalized,1.0,0.17300233701046402,2.0,-1.0
6,7,3,1.1666666666666667,4.0,Nres_mean_l1.0,1.0,2.1816578947366336,2.0,-1.0
6,7,3,1.1666666666666667,4.0,Nres_mean_l2.0,1.0,3.9862807017545,2.0,-1.0
6,7,3,1.1666666666666667,4.0,fres_l1.0,1.0,0.3104981273408164,2.0,-1.0
6,7,3,1.1666666666666667,4.0,fres_l2.0,1.0,0.567335830212248,2.0,-1.0
6,8,3,1.3333333333333333,4.0,onsite_pair_density,4.0,1.6023349774759799,2.0,2.0
6,8,3,1.3333333333333333,4.0,onsite_pair_variance,1.0,5.57661986577522,2.0,-1.0
6,8,3,1.3333333333333333,4.0,charge_fluctuation,1.0,1.027706584186202,2.0,-1.0
6,8,3,1.3333333333333333,4.0,fock_entropy_normalized,1.0,0.808727164245994,2.0,-1.0
6,8,3,1.3333333333333333,4.0,pr_normalized,1.0,0.184736440317591,2.0,-1.0
6,8,3,1.3333333333333333,4.0,Nres_mean_l1.0,1.0,2.3689377289376816,2.0,-1.0
6,8,3,1.3333333333333333,4.0,Nres_mean_l2.0,1.0,4.29287912087946,2.0,-1.0
6,8,3,1.3333333333333333,4.0,fres_l1.0,1.0,0.32662626262621414,2.0,-1.0
6,8,3,1.3333333333333333,4.0,fres_l2.0,1.0,0.5918969696970039,2.0,-1.0
6,9,3,1.5,4.0,onsite_pair_density,6.0,1.9355670944629602,2.0,4.0
6,9,3,1.5,4.0,onsite_pair_variance,1.0,5.75926858743498,2.0,-1.0
6,9,3,1.5,4.0,charge_fluctuation,1.0,1.0648102539717599,2.0,-1.0
6,9,3,1.5,4.0,fock_entropy_normalized,1.0,0.819450192220764,2.0,-1.0
6,9,3,1.5,4.0,pr_normalized,1.0,0.1954284838695936,2.0,-1.0
6,9,3,1.5,4.0,Nres_mean_l1.0,1.0,2.507606896551842,2.0,-1.0
6,9,3,1.5,4.0,Nres_mean_l2.0,1.0,4.499199999999799,2.0,-1.0
6,9,3,1.5,4.0,fres_l1.0,1.0,0.342375706214698,2.0,-1.0
6,9,3,1.5,4.0,fres_l2.0,1.0,0.614297551789078,2.0,-1.0
6,3,3,0.5,5.0,onsite_pair_density,10.0,0.26066157473975604,2.0,8.0
6,3,3,0.5,5.0,onsite_pair_variance,1.0,1.9781125074480101,2.0,-1.0
6,3,3,0.5,5.0,charge_fluctuation,1.0,0.33040915292522405,2.0,-1.0
6,3,3,0.5,5.0,fock_entropy_normalized,1.0,0.617220684272046,2.0,-1.0
6,3,3,0.5,5.0,pr_normalized,1.0,0.1536618246216054,2.0,-1.0
6,3,3,0.5,5.0,Nres_mean_l1.0,1.0,0.9674285714286707,2.0,-1.0
6,3,3,0.5,5.0,Nres_mean_l2.0,1.0,1.8720000000000538,2.0,-1.0
6,3,3,0.5,5.0,fres_l1.0,1.0,0.2149841269841372,2.0,-1.0
6,3,3,0.5,5.0,fres_l2.0,1.0,0.41599999999996856,2.0,-1.0
6,4,3,0.6666666666666666,5.0,onsite_pair_density,3.0,0.46257660846716,2.0,1.0
6,4,3,0.6666666666666666,5.0,onsite_pair_variance,1.0,3.0866029915435003,2.0,-1.0
6,4,3,0.6666666666666666,5.0,charge_fluctuation,1.0,0.472131638680518,2.0,-1.0
6,4,3,0.6666666666666666,5.0,fock_entropy_normalized,1.0,0.644553991431226,2.0,-1.0
6,4,3,0.6666666666666666,5.0,pr_normalized,1.0,0.1248928716601552,2.0,-1.0
6,4,3,0.6666666666666666,5.0,Nres_mean_l1.0,1.0,1.225933333333364,2.0,-1.0
6,4,3,0.6666666666666666,5.0,Nres_mean_l2.0,1.0,2.335066666666752,2.0,-1.0
6,4,3,0.6666666666666666,5.0,fres_l1.0,1.0,0.2270246913580302,2.0,-1.0
6,4,3,0.6666666666666666,5.0,fres_l2.0,1.0,0.432419753086431,2.0,-1.0
6,5,3,0.8333333333333334,5.0,onsite_pair_density,10.0,0.740157693498524,2.0,8.0
6,5,3,0.8333333333333334,5.0,onsite_pair_variance,1.0,3.93519795864592,2.0,-1.0
6,5,3,0.8333333333333334,5.0,charge_fluctuation,1.0,0.62099850116364,2.0,-1.0
6,5,3,0.8333333333333334,5.0,fock_entropy_normalized,1.0,0.683515013852108,2.0,-1.0
6,5,3,0.8333333333333334,5.0,pr_normalized,1.0,0.12249415584709661,2.0,-1.0
6,5,3,0.8333333333333334,5.0,Nres_mean_l1.0,1.0,1.48207407407428,2.0,-1.0
6,5,3,0.8333333333333334,5.0,Nres_mean_l2.0,1.0,2.7923333333335156,2.0,-1.0
6,5,3,0.8333333333333334,5.0,fres_l1.0,1.0,0.2425212121212112,2.0,-1.0
6,5,3,0.8333333333333334,5.0,fres_l2.0,1.0,0.45692727272727,2.0,-1.0
6,6,3,1.0,5.0,onsite_pair_density,10.0,1.0268982244814602,2.0,8.0
6,6,3,1.0,5.0,onsite_pair_variance,1.0,4.7670330057367405,2.0,-1.0
6,6,3,1.0,5.0,charge_fluctuation,1.0,0.759828174619764,2.0,-1.0
6,6,3,1.0,5.0,fock_entropy_normalized,1.0,0.7155033855520201,2.0,-1.0
6,6,3,1.0,5.0,pr_normalized,1.0,0.1261249984262686,2.0,-1.0
6,6,3,1.0,5.0,Nres_mean_l1.0,1.0,1.69626190476158,2.0,-1.0
6,6,3,1.0,5.0,Nres_mean_l2.0,1.0,3.2039880952382602,2.0,-1.0
6,6,3,1.0,5.0,fres_l1.0,1.0,0.25535125448031104,2.0,-1.0
6,6,3,1.0,5.0,fres_l2.0,1.0,0.482320788530476,2.0,-1.0
6,7,3,1.1666666666666667,5.0,onsite_pair_density,5.0,1.30149637421858,2.0,3.0
6,7,3,1.1666666666666667,5.0,onsite_pair_variance,1.0,5.1979097244754,2.0,-1.0
6,7,3,1.1666666666666667,5.0,charge_fluctuation,1.0,0.8659270625661041,2.0,-1.0
6,7,3,1.1666666666666667,5.0,fock_entropy_normalized,1.0,0.739567844963318,2.0,-1.0
6,7,3,1.1666666666666667,5.0,pr_normalized,1.0,0.12994245944611021,2.0,-1.0
6,7,3,1.1666666666666667,5.0,Nres_mean_l1.0,1.0,1.8661754385964777,2.0,-1.0
6,7,3,1.1666666666666667,5.0,Nres_mean_l2.0,1.0,3.5079122807016456,2.0,-1.0
6,7,3,1.1666666666666667,5.0,fres_l1.0,1.0,0.2655980024968904,2.0,-1.0
6,7,3,1.1666666666666667,5.0,fres_l2.0,1.0,0.499253433208494,2.0,-1.0
6,8,3,1.3333333333333333,5.0,onsite_pair_density,6.0,1.6037128646341001,2.0,4.0
6,8,3,1.3333333333333333,5.0,onsite_pair_variance,1.0,5.51540608404718,2.0,-1.0
6,8,3,1.3333333333333333,5.0,charge_fluctuation,1.0,0.9385717735623059,2.0,-1.0
6,8,3,1.3333333333333333,5.0,fock_entropy_normalized,1.0,0.75781259313024,2.0,-1.0
6,8,3,1.3333333333333333,5.0,pr_normalized,1.0,0.1363433773842948,2.0,-1.0
6,8,3,1.3333333333333333,5.0,Nres_mean_l1.0,1.0,2.02307692307686,2.0,-1.0
6,8,3,1.3333333333333333,5.0,Nres_mean_l2.0,1.0,3.7543223443224796,2.0,-1.0
6,8,3,1.3333333333333333,5.0,fres_l1.0,1.0,0.27893939393936884,2.0,-1.0
6,8,3,1.3333333333333333,5.0,fres_l2.0,1.0,0.5176414141414221,2.0,-1.0
6,9,3,1.5,5.0,onsite_pair_density,7.0,1.9373520884234199,2.0,5.0
6,9,3,1.5,5.0,onsite_pair_variance,2.0,4.788791926551619,2.0,0.0
6,9,3,1.5,5.0,charge_fluctuation,2.0,0.973404751383828,2.0,0.0
6,9,3,1.5,5.0,fock_entropy_normalized,2.0,0.746122894846054,2.0,0.0
6,9,3,1.5,5.0,pr_normalized,2.0,0.1146812031647778,2.0,0.0
6,9,3,1.5,5.0,Nres_mean_l1.0,2.0,1.661213793103328,2.0,0.0
6,9,3,1.5,5.0,Nres_mean_l2.0,2.0,3.1423379310348802,2.0,0.0
6,9,3,1.5,5.0,fres_l1.0,2.0,0.22681355932203598,2.0,0.0
6,9,3,1.5,5.0,fres_l2.0,2.0,0.429038606403032,2.0,0.0
6,3,3,0.5,6.0,onsite_pair_density,10.0,0.260041979820766,2.0,8.0
6,3,3,0.5,6.0,onsite_pair_variance,1.0,1.801647785826198,2.0,-1.0
6,3,3,0.5,6.0,charge_fluctuation,1.0,0.29199891907380404,2.0,-1.0
6,3,3,0.5,6.0,fock_entropy_normalized,1.0,0.5578666389746879,2.0,-1.0
6,3,3,0.5,6.0,pr_normalized,1.0,0.12423748852918899,2.0,-1.0
6,3,3,0.5,6.0,Nres_mean_l1.0,1.0,0.8449999999999711,2.0,-1.0
6,3,3,0.5,6.0,Nres_mean_l2.0,1.0,1.6331428571428566,2.0,-1.0
6,3,3,0.5,6.0,fres_l1.0,1.0,0.1877777777777954,2.0,-1.0
6,3,3,0.5,6.0,fres_l2.0,1.0,0.36292063492058824,2.0,-1.0
6,4,3,0.6666666666666666,6.0,onsite_pair_density,3.0,0.46407734238094,2.0,1.0
6,4,3,0.6666666666666666,6.0,onsite_pair_variance,1.0,2.9031817538561,2.0,-1.0
6,4,3,0.6666666666666666,6.0,charge_fluctuation,1.0,0.418743945442786,2.0,-1.0
6,4,3,0.6666666666666666,6.0,fock_entropy_normalized,1.0,0.58679451563797,2.0,-1.0
6,4,3,0.6666666666666666,6.0,pr_normalized,1.0,0.09978784808689659,2.0,-1.0
6,4,3,0.6666666666666666,6.0,Nres_mean_l1.0,1.0,1.0480333333335443,2.0,-1.0
6,4,3,0.6666666666666666,6.0,Nres_mean_l2.0,1.0,2.0261666666665183,2.0,-1.0
6,4,3,0.6666666666666666,6.0,fres_l1.0,1.0,0.19408024691358103,2.0,-1.0
6,4,3,0.6666666666666666,6.0,fres_l2.0,1.0,0.3752160493827086,2.0,-1.0
6,5,3,0.8333333333333334,6.0,onsite_pair_density,10.0,0.73918794206675,2.0,8.0
6,5,3,0.8333333333333334,6.0,onsite_pair_variance,1.0,3.72064014816256,2.0,-1.0
6,5,3,0.8333333333333334,6.0,charge_fluctuation,1.0,0.539636637220516,2.0,-1.0
6,5,3,0.8333333333333334,6.0,fock_entropy_normalized,1.0,0.615727109189126,2.0,-1.0
6,5,3,0.8333333333333334,6.0,pr_normalized,1.0,0.08817246893400621,2.0,-1.0
6,5,3,0.8333333333333334,6.0,Nres_mean_l1.0,1.0,1.2546481481480032,2.0,-1.0
6,5,3,0.8333333333333334,6.0,Nres_mean_l2.0,1.0,2.414333333333374,2.0,-1.0
6,5,3,0.8333333333333334,6.0,fres_l1.0,1.0,0.20530606060605622,2.0,-1.0
6,5,3,0.8333333333333334,6.0,fres_l2.0,1.0,0.3950727272727272,2.0,-1.0
6,6,3,1.0,6.0,onsite_pair_density,10.0,1.0271377923916203,2.0,8.0
6,6,3,1.0,6.0,onsite_pair_variance,1.0,4.56656934078994,2.0,-1.0
6,6,3,1.0,6.0,charge_fluctuation,1.0,0.680298396899228,2.0,-1.0
6,6,3,1.0,6.0,fock_entropy_normalized,1.0,0.660286002818728,2.0,-1.0
6,6,3,1.0,6.0,pr_normalized,1.0,0.0945132504858012,2.0,-1.0
6,6,3,1.0,6.0,Nres_mean_l1.0,1.0,1.5034166666665119,2.0,-1.0
6,6,3,1.0,6.0,Nres_mean_l2.0,1.0,2.8409404761905823,2.0,-1.0
6,6,3,1.0,6.0,fres_l1.0,1.0,0.2263207885304656,2.0,-1.0
6,6,3,1.0,6.0,fres_l2.0,1.0,0.42766845878135773,2.0,-1.0
6,7,3,1.1666666666666667,6.0,onsite_pair_density,6.0,1.3028385123011799,2.0,4.0
6,7,3,1.1666666666666667,6.0,onsite_pair_variance,1.0,5.05502160655624,2.0,-1.0
6,7,3,1.1666666666666667,6.0,charge_fluctuation,1.0,0.78655394913778,2.0,-1.0
6,7,3,1.1666666666666667,6.0,fock_entropy_normalized,1.0,0.6888577120502299,2.0,-1.0
6,7,3,1.1666666666666667,6.0,pr_normalized,1.0,0.10170339716245085,2.0,-1.0
6,7,3,1.1666666666666667,6.0,Nres_mean_l1.0,1.0,1.6514824561402879,2.0,-1.0
6,7,3,1.1666666666666667,6.0,Nres_mean_l2.0,1.0,3.15317543859653,2.0,-1.0
6,7,3,1.1666666666666667,6.0,fres_l1.0,1.0,0.2350424469413536,2.0,-1.0
6,7,3,1.1666666666666667,6.0,fres_l2.0,1.0,0.448766541822721,2.0,-1.0
6,8,3,1.3333333333333333,6.0,onsite_pair_density,6.0,1.60593484622268,2.0,4.0
6,8,3,1.3333333333333333,6.0,onsite_pair_variance,1.0,5.337664742204059,2.0,-1.0
6,8,3,1.3333333333333333,6.0,charge_fluctuation,2.0,0.85930828927894,2.0,0.0
6,8,3,1.3333333333333333,6.0,fock_entropy_normalized,1.0,0.7045153702988138,2.0,-1.0
6,8,3,1.3333333333333333,6.0,pr_normalized,1.0,0.1023967592248132,2.0,-1.0
6,8,3,1.3333333333333333,6.0,Nres_mean_l1.0,1.0,1.733296703296228,2.0,-1.0
6,8,3,1.3333333333333333,6.0,Nres_mean_l2.0,1.0,3.3116336996340077,2.0,-1.0
6,8,3,1.3333333333333333,6.0,fres_l1.0,1.0,0.2389848484848246,2.0,-1.0
6,8,3,1.3333333333333333,6.0,fres_l2.0,1.0,0.45660404040403446,2.0,-1.0
6,9,3,1.5,6.0,onsite_pair_density,8.0,1.93820105882586,2.0,6.0
6,9,3,1.5,6.0,onsite_pair_variance,1.0,5.58001019136414,2.0,-1.0
6,9,3,1.5,6.0,charge_fluctuation,2.0,0.907625665005574,2.0,0.0
6,9,3,1.5,6.0,fock_entropy_normalized,1.0,0.72686184656522,2.0,-1.0
6,9,3,1.5,6.0,pr_normalized,1.0,0.112344771133685,2.0,-1.0
6,9,3,1.5,6.0,Nres_mean_l1.0,1.0,1.865979310344932,2.0,-1.0
6,9,3,1.5,6.0,Nres_mean_l2.0,1.0,3.508013793103404,2.0,-1.0
6,9,3,1.5,6.0,fres_l1.0,1.0,0.254771186440693,2.0,-1.0
6,9,3,1.5,6.0,fres_l2.0,1.0,0.47896610169491177,2.0,-1.0
6,3,3,0.5,7.0,onsite_pair_density,10.0,0.258248312632148,2.0,8.0
6,3,3,0.5,7.0,onsite_pair_variance,1.0,1.6281356588909721,2.0,-1.0
6,3,3,0.5,7.0,charge_fluctuation,2.0,0.2559317178052132,2.0,0.0
6,3,3,0.5,7.0,fock_entropy_normalized,1.0,0.50000106803574,2.0,-1.0
6,3,3,0.5,7.0,pr_normalized,1.0,0.1002418761628214,2.0,-1.0
6,3,3,0.5,7.0,Nres_mean_l1.0,1.0,0.7315714285713207,2.0,-1.0
6,3,3,0.5,7.0,Nres_mean_l2.0,1.0,1.3972857142855437,2.0,-1.0
6,3,3,0.5,7.0,fres_l1.0,1.0,0.16257142857144485,2.0,-1.0
6,3,3,0.5,7.0,fres_l2.0,1.0,0.3105079365079018,2.0,-1.0
6,4,3,0.6666666666666666,7.0,onsite_pair_density,3.0,0.461355870152676,2.0,1.0
6,4,3,0.6666666666666666,7.0,onsite_pair_variance,1.0,2.6972491934843,2.0,-1.0
6,4,3,0.6666666666666666,7.0,charge_fluctuation,1.0,0.37050816554208,2.0,-1.0
6,4,3,0.6666666666666666,7.0,fock_entropy_normalized,1.0,0.5325208198409279,2.0,-1.0
6,4,3,0.6666666666666666,7.0,pr_normalized,1.0,0.07913654733829101,2.0,-1.0
6,4,3,0.6666666666666666,7.0,Nres_mean_l1.0,1.0,0.9273333333333135,2.0,-1.0
6,4,3,0.6666666666666666,7.0,Nres_mean_l2.0,1.0,1.816900000000184,2.0,-1.0
6,4,3,0.6666666666666666,7.0,fres_l1.0,1.0,0.1717283950617308,2.0,-1.0
6,4,3,0.6666666666666666,7.0,fres_l2.0,1.0,0.3364629629629506,2.0,-1.0
6,5,3,0.8333333333333334,7.0,onsite_pair_density,10.0,0.7380123797443721,2.0,8.0
6,5,3,0.8333333333333334,7.0,onsite_pair_variance,1.0,3.5326974305823198,2.0,-1.0
6,5,3,0.8333333333333334,7.0,charge_fluctuation,1.0,0.48875093540519005,2.0,-1.0
6,5,3,0.8333333333333334,7.0,fock_entropy_normalized,1.0,0.5693686387338001,2.0,-1.0
6,5,3,0.8333333333333334,7.0,pr_normalized,1.0,0.07214998433389999,2.0,-1.0
6,5,3,0.8333333333333334,7.0,Nres_mean_l1.0,1.0,1.1251481481480436,2.0,-1.0
6,5,3,0.8333333333333334,7.0,Nres_mean_l2.0,1.0,2.1824444444442572,2.0,-1.0
6,5,3,0.8333333333333334,7.0,fres_l1.0,1.0,0.1841151515151536,2.0,-1.0
6,5,3,0.8333333333333334,7.0,fres_l2.0,1.0,0.35712727272729317,2.0,-1.0
6,6,3,1.0,7.0,onsite_pair_density,10.0,1.0269693953794001,2.0,8.0
6,6,3,1.0,7.0,onsite_pair_variance,1.0,4.3637201993477,2.0,-1.0
6,6,3,1.0,7.0,charge_fluctuation,1.0,0.613878618697044,2.0,-1.0
6,6,3,1.0,7.0,fock_entropy_normalized,1.0,0.6105903555875261,2.0,-1.0
6,6,3,1.0,7.0,pr_normalized,1.0,0.07530521564264907,2.0,-1.0
6,6,3,1.0,7.0,Nres_mean_l1.0,1.0,1.3232023809521378,2.0,-1.0
6,6,3,1.0,7.0,Nres_mean_l2.0,1.0,2.553440476190404,2.0,-1.0
6,6,3,1.0,7.0,fres_l1.0,1.0,0.19919175627238261,2.0,-1.0
6,6,3,1.0,7.0,fres_l2.0,1.0,0.38438888888886935,2.0,-1.0
6,7,3,1.1666666666666667,7.0,onsite_pair_density,7.0,1.3040211188097,2.0,5.0
6,7,3,1.1666666666666667,7.0,onsite_pair_variance,1.0,4.796833443923941,2.0,-1.0
6,7,3,1.1666666666666667,7.0,charge_fluctuation,1.0,0.69072745068352,2.0,-1.0
6,7,3,1.1666666666666667,7.0,fock_entropy_normalized,1.0,0.6266984418425541,2.0,-1.0
6,7,3,1.1666666666666667,7.0,pr_normalized,1.0,0.07168570078152649,2.0,-1.0
6,7,3,1.1666666666666667,7.0,Nres_mean_l1.0,1.0,1.4480087719298198,2.0,-1.0
6,7,3,1.1666666666666667,7.0,Nres_mean_l2.0,1.0,2.770657894736572,2.0,-1.0
6,7,3,1.1666666666666667,7.0,fres_l1.0,1.0,0.20608364544319663,2.0,-1.0
6,7,3,1.1666666666666667,7.0,fres_l2.0,1.0,0.3943258426966148,2.0,-1.0
6,8,3,1.3333333333333333,7.0,onsite_pair_density,8.0,1.60649984419522,2.0,6.0
6,8,3,1.3333333333333333,7.0,onsite_pair_variance,1.0,5.147746163572521,2.0,-1.0
6,8,3,1.3333333333333333,7.0,charge_fluctuation,2.0,0.7822321062147279,2.0,0.0
6,8,3,1.3333333333333333,7.0,fock_entropy_normalized,1.0,0.657481999223756,2.0,-1.0
6,8,3,1.3333333333333333,7.0,pr_normalized,1.0,0.07949826794243568,2.0,-1.0
6,8,3,1.3333333333333333,7.0,Nres_mean_l1.0,1.0,1.5670402930400542,2.0,-1.0
6,8,3,1.3333333333333333,7.0,Nres_mean_l2.0,1.0,2.986908424908592,2.0,-1.0
6,8,3,1.3333333333333333,7.0,fres_l1.0,1.0,0.2160616161615988,2.0,-1.0
6,8,3,1.3333333333333333,7.0,fres_l2.0,1.0,0.411831313131292,2.0,-1.0
6,9,3,1.5,7.0,onsite_pair_density,10.0,1.9388885578658002,2.0,8.0
6,9,3,1.5,7.0,onsite_pair_variance,2.0,4.8505419657745605,2.0,0.0
6,9,3,1.5,7.0,charge_fluctuation,2.0,0.8199150349883721,2.0,0.0
6,9,3,1.5,7.0,fock_entropy_normalized,2.0,0.6577510243094801,2.0,0.0
6,9,3,1.5,7.0,pr_normalized,2.0,0.07058286641496579,2.0,0.0
6,9,3,1.5,7.0,Nres_mean_l1.0,2.0,1.4132827586207322,2.0,0.0
6,9,3,1.5,7.0,Nres_mean_l2.0,2.0,2.7213793103445796,2.0,0.0
6,9,3,1.5,7.0,fres_l1.0,2.0,0.1929623352166156,2.0,0.0
6,9,3,1.5,7.0,fres_l2.0,2.0,0.37156308851222003,2.0,0.0
6,3,3,0.5,8.0,onsite_pair_density,10.0,0.254094061307216,2.0,8.0
6,3,3,0.5,8.0,onsite_pair_variance,1.0,1.4664590366144659,2.0,-1.0
6,3,3,0.5,8.0,charge_fluctuation,2.0,0.23175270874801818,2.0,0.0
6,3,3,0.5,8.0,fock_entropy_normalized,2.0,0.45025466957489996,2.0,0.0
6,3,3,0.5,8.0,pr_normalized,1.0,0.0834798213182754,2.0,-1.0
6,3,3,0.5,8.0,Nres_mean_l1.0,1.0,0.6280714285714677,2.0,-1.0
6,3,3,0.5,8.0,Nres_mean_l2.0,1.0,1.2219999999999422,2.0,-1.0
6,3,3,0.5,8.0,fres_l1.0,1.0,0.1395714285714513,2.0,-1.0
6,3,3,0.5,8.0,fres_l2.0,1.0,0.2715555555555403,2.0,-1.0
6,4,3,0.6666666666666666,8.0,onsite_pair_density,5.0,0.46139123841863,2.0,3.0
6,4,3,0.6666666666666666,8.0,onsite_pair_variance,1.0,2.4585618898935735,2.0,-1.0
6,4,3,0.6666666666666666,8.0,charge_fluctuation,2.0,0.33188853932066004,2.0,0.0
6,4,3,0.6666666666666666,8.0,fock_entropy_normalized,1.0,0.47986720581391,2.0,-1.0
6,4,3,0.6666666666666666,8.0,pr_normalized,1.0,0.062103355653457,2.0,-1.0
6,4,3,0.6666666666666666,8.0,Nres_mean_l1.0,1.0,0.8093000000000682,2.0,-1.0
6,4,3,0.6666666666666666,8.0,Nres_mean_l2.0,1.0,1.5809999999999365,2.0,-1.0
6,4,3,0.6666666666666666,8.0,fres_l1.0,1.0,0.1498703703703488,2.0,-1.0
6,4,3,0.6666666666666666,8.0,fres_l2.0,1.0,0.2927777777777708,2.0,-1.0
6,5,3,0.8333333333333334,8.0,onsite_pair_density,10.0,0.737873933626756,2.0,8.0
6,5,3,0.8333333333333334,8.0,onsite_pair_variance,1.0,3.33015887872002,2.0,-1.0
6,5,3,0.8333333333333334,8.0,charge_fluctuation,1.0,0.44013276175935195,2.0,-1.0
6,5,3,0.8333333333333334,8.0,fock_entropy_normalized,1.0,0.52295608867509,2.0,-1.0
6,5,3,0.8333333333333334,8.0,pr_normalized,1.0,0.05665041128957422,2.0,-1.0
6,5,3,0.8333333333333334,8.0,Nres_mean_l1.0,1.0,1.010777777777607,2.0,-1.0
6,5,3,0.8333333333333334,8.0,Nres_mean_l2.0,1.0,1.9813148148148694,2.0,-1.0
6,5,3,0.8333333333333334,8.0,fres_l1.0,1.0,0.1653999999999998,2.0,-1.0
6,5,3,0.8333333333333334,8.0,fres_l2.0,1.0,0.3242151515151648,2.0,-1.0
6,6,3,1.0,8.0,onsite_pair_density,10.0,1.02713529915594,2.0,8.0
6,6,3,1.0,8.0,onsite_pair_variance,1.0,4.05887072819178,2.0,-1.0
6,6,3,1.0,8.0,charge_fluctuation,2.0,0.5388323572814301,2.0,0.0
6,6,3,1.0,8.0,fock_entropy_normalized,1.0,0.5469776481820641,2.0,-1.0
6,6,3,1.0,8.0,pr_normalized,1.0,0.05158821482174768,2.0,-1.0
6,6,3,1.0,8.0,Nres_mean_l1.0,1.0,1.128238095238112,2.0,-1.0
6,6,3,1.0,8.0,Nres_mean_l2.0,1.0,2.1982261904760962,2.0,-1.0
6,6,3,1.0,8.0,fres_l1.0,1.0,0.16984229390680677,2.0,-1.0
6,6,3,1.0,8.0,fres_l2.0,1.0,0.33091577060931454,2.0,-1.0
6,7,3,1.1666666666666667,8.0,onsite_pair_density,7.0,1.30466793475288,2.0,5.0
6,7,3,1.1666666666666667,8.0,onsite_pair_variance,1.0,4.556379649033,2.0,-1.0
6,7,3,1.1666666666666667,8.0,charge_fluctuation,1.0,0.6255527467840181,2.0,-1.0
6,7,3,1.1666666666666667,8.0,fock_entropy_normalized,1.0,0.5824283115140361,2.0,-1.0
6,7,3,1.1666666666666667,8.0,pr_normalized,1.0,0.05935616972896512,2.0,-1.0
6,7,3,1.1666666666666667,8.0,Nres_mean_l1.0,1.0,1.2924210526314959,2.0,-1.0
6,7,3,1.1666666666666667,8.0,Nres_mean_l2.0,1.0,2.51685087719284,2.0,-1.0
6,7,3,1.1666666666666667,8.0,fres_l1.0,1.0,0.18394007490636277,2.0,-1.0
6,7,3,1.1666666666666667,8.0,fres_l2.0,1.0,0.3582034956304552,2.0,-1.0
6,8,3,1.3333333333333333,8.0,onsite_pair_density,8.0,1.6075949100364801,2.0,6.0
6,8,3,1.3333333333333333,8.0,onsite_pair_variance,1.0,4.894225772970359,2.0,-1.0
6,8,3,1.3333333333333333,8.0,charge_fluctuation,2.0,0.7010539362787499,2.0,0.0
6,8,3,1.3333333333333333,8.0,fock_entropy_normalized,1.0,0.606475563352064,2.0,-1.0
6,8,3,1.3333333333333333,8.0,pr_normalized,1.0,0.06093739280548206,2.0,-1.0
6,8,3,1.3333333333333333,8.0,Nres_mean_l1.0,1.0,1.399948717948522,2.0,-1.0
6,8,3,1.3333333333333333,8.0,Nres_mean_l2.0,1.0,2.6674945054945,2.0,-1.0
6,8,3,1.3333333333333333,8.0,fres_l1.0,1.0,0.19302323232320343,2.0,-1.0
6,8,3,1.3333333333333333,8.0,fres_l2.0,1.0,0.3677909090908864,2.0,-1.0
6,9,3,1.5,8.0,onsite_pair_density,10.0,1.9394467883042,2.0,8.0
6,9,3,1.5,8.0,onsite_pair_variance,1.0,5.1344872918828806,2.0,-1.0
6,9,3,1.5,8.0,charge_fluctuation,2.0,0.7519757377141221,2.0,0.0
6,9,3,1.5,8.0,fock_entropy_normalized,1.0,0.630791405291172,2.0,-1.0
6,9,3,1.5,8.0,pr_normalized,1.0,0.06816450992205461,2.0,-1.0
6,9,3,1.5,8.0,Nres_mean_l1.0,1.0,1.483393103448582,2.0,-1.0
6,9,3,1.5,8.0,Nres_mean_l2.0,1.0,2.8559379310344597,2.0,-1.0
6,9,3,1.5,8.0,fres_l1.0,1.0,0.20253483992471003,2.0,-1.0
6,9,3,1.5,8.0,fres_l2.0,1.0,0.389935028248607,2.0,-1.0
6,3,3,0.5,9.0,onsite_pair_density,10.0,0.25025832895892003,2.0,8.0
6,3,3,0.5,9.0,onsite_pair_variance,2.0,1.3847741007383298,2.0,0.0
6,3,3,0.5,9.0,charge_fluctuation,2.0,0.20172748345459682,2.0,0.0
6,3,3,0.5,9.0,fock_entropy_normalized,1.0,0.40797623533855404,2.0,-1.0
6,3,3,0.5,9.0,pr_normalized,1.0,0.0713030293346856,2.0,-1.0
6,3,3,0.5,9.0,Nres_mean_l1.0,1.0,0.5784285714285958,2.0,-1.0
6,3,3,0.5,9.0,Nres_mean_l2.0,1.0,1.118857142857135,2.0,-1.0
6,3,3,0.5,9.0,fres_l1.0,1.0,0.12853968253970185,2.0,-1.0
6,3,3,0.5,9.0,fres_l2.0,1.0,0.24863492063491063,2.0,-1.0
6,4,3,0.6666666666666666,9.0,onsite_pair_density,5.0,0.46296827312156597,2.0,3.0
6,4,3,0.6666666666666666,9.0,onsite_pair_variance,1.0,2.315271474082792,2.0,-1.0
6,4,3,0.6666666666666666,9.0,charge_fluctuation,2.0,0.3000396788831776,2.0,0.0
6,4,3,0.6666666666666666,9.0,fock_entropy_normalized,1.0,0.44485029621690797,2.0,-1.0
6,4,3,0.6666666666666666,9.0,pr_normalized,1.0,0.0526322130088298,2.0,-1.0
6,4,3,0.6666666666666666,9.0,Nres_mean_l1.0,1.0,0.7223333333332587,2.0,-1.0
6,4,3,0.6666666666666666,9.0,Nres_mean_l2.0,1.0,1.4447666666668046,2.0,-1.0
6,4,3,0.6666666666666666,9.0,fres_l1.0,1.0,0.1337654320987432,2.0,-1.0
6,4,3,0.6666666666666666,9.0,fres_l2.0,1.0,0.26754938271604556,2.0,-1.0
6,5,3,0.8333333333333334,9.0,onsite_pair_density,10.0,0.738348760436818,2.0,8.0
6,5,3,0.8333333333333334,9.0,onsite_pair_variance,1.0,3.10215204705368,2.0,-1.0
6,5,3,0.8333333333333334,9.0,charge_fluctuation,1.0,0.39149292780287,2.0,-1.0
6,5,3,0.8333333333333334,9.0,fock_entropy_normalized,1.0,0.47795266559945593,2.0,-1.0
6,5,3,0.8333333333333334,9.0,pr_normalized,1.0,0.046616307865798165,2.0,-1.0
6,5,3,0.8333333333333334,9.0,Nres_mean_l1.0,1.0,0.9101296296295605,2.0,-1.0
6,5,3,0.8333333333333334,9.0,Nres_mean_l2.0,1.0,1.7699074074074632,2.0,-1.0
6,5,3,0.8333333333333334,9.0,fres_l1.0,1.0,0.1489303030303086,2.0,-1.0
6,5,3,0.8333333333333334,9.0,fres_l2.0,1.0,0.28962121212118463,2.0,-1.0
6,6,3,1.0,9.0,onsite_pair_density,10.0,1.02741804311038,2.0,8.0
6,6,3,1.0,9.0,onsite_pair_variance,1.0,3.86218286589644,2.0,-1.0
6,6,3,1.0,9.0,charge_fluctuation,1.0,0.483820422720634,2.0,-1.0
6,6,3,1.0,9.0,fock_entropy_normalized,1.0,0.510490534971376,2.0,-1.0
6,6,3,1.0,9.0,pr_normalized,1.0,0.04384882003476624,2.0,-1.0
6,6,3,1.0,9.0,Nres_mean_l1.0,1.0,1.05122619047591,2.0,-1.0
6,6,3,1.0,9.0,Nres_mean_l2.0,1.0,2.036250000000176,2.0,-1.0
6,6,3,1.0,9.0,fres_l1.0,1.0,0.1582491039426338,2.0,-1.0
6,6,3,1.0,9.0,fres_l2.0,1.0,0.30653225806454043,2.0,-1.0
6,7,3,1.1666666666666667,9.0,onsite_pair_density,9.0,1.30493357583084,2.0,7.0
6,7,3,1.1666666666666667,9.0,onsite_pair_variance,1.0,4.25394406179676,2.0,-1.0
6,7,3,1.1666666666666667,9.0,charge_fluctuation,2.0,0.567587407577514,2.0,0.0
6,7,3,1.1666666666666667,9.0,fock_entropy_normalized,2.0,0.524620965393326,2.0,0.0
6,7,3,1.1666666666666667,9.0,pr_normalized,1.0,0.04061661295090173,2.0,-1.0
6,7,3,1.1666666666666667,9.0,Nres_mean_l1.0,1.0,1.127921052631734,2.0,-1.0
6,7,3,1.1666666666666667,9.0,Nres_mean_l2.0,1.0,2.198078947368462,2.0,-1.0
6,7,3,1.1666666666666667,9.0,fres_l1.0,1.0,0.1605280898876364,2.0,-1.0
6,7,3,1.1666666666666667,9.0,fres_l2.0,1.0,0.312835205992522,2.0,-1.0
6,8,3,1.3333333333333333,9.0,onsite_pair_density,10.0,1.60790204698514,2.0,8.0
6,8,3,1.3333333333333333,9.0,onsite_pair_variance,1.0,4.7133106693932,2.0,-1.0
6,8,3,1.3333333333333333,9.0,charge_fluctuation,2.0,0.644473006000344,2.0,0.0
6,8,3,1.3333333333333333,9.0,fock_entropy_normalized,1.0,0.5736018186229901,2.0,-1.0
6,8,3,1.3333333333333333,9.0,pr_normalized,1.0,0.0500438349224946,2.0,-1.0
6,8,3,1.3333333333333333,9.0,Nres_mean_l1.0,1.0,1.29709890109851,2.0,-1.0
6,8,3,1.3333333333333333,9.0,Nres_mean_l2.0,1.0,2.528315018314974,2.0,-1.0
6,8,3,1.3333333333333333,9.0,fres_l1.0,1.0,0.17884242424237243,2.0,-1.0
6,8,3,1.3333333333333333,9.0,fres_l2.0,1.0,0.34860101010097877,2.0,-1.0
6,9,3,1.5,9.0,onsite_pair_density,10.0,1.93949684074784,2.0,8.0
6,9,3,1.5,9.0,onsite_pair_variance,1.0,4.928163421050099,2.0,-1.0
6,9,3,1.5,9.0,charge_fluctuation,1.0,0.6824759368777179,2.0,-1.0
6,9,3,1.5,9.0,fock_entropy_normalized,1.0,0.59439953925651,2.0,-1.0
6,9,3,1.5,9.0,pr_normalized,1.0,0.05456725417222592,2.0,-1.0
6,9,3,1.5,9.0,Nres_mean_l1.0,1.0,1.3661862068967459,2.0,-1.0
6,9,3,1.5,9.0,Nres_mean_l2.0,1.0,2.6379586206896324,2.0,-1.0
6,9,3,1.5,9.0,fres_l1.0,1.0,0.18653201506593922,2.0,-1.0
6,9,3,1.5,9.0,fres_l2.0,1.0,0.36017325800374816,2.0,-1.0
6,3,3,0.5,10.0,onsite_pair_density,10.0,0.245703499533794,2.0,8.0
6,3,3,0.5,10.0,onsite_pair_variance,2.0,1.2723532675735978,2.0,0.0
6,3,3,0.5,10.0,charge_fluctuation,1.0,0.18663031637130303,2.0,-1.0
6,3,3,0.5,10.0,fock_entropy_normalized,1.0,0.3809335531567106,2.0,-1.0
6,3,3,0.5,10.0,pr_normalized,1.0,0.0654564543881376,2.0,-1.0
6,3,3,0.5,10.0,Nres_mean_l1.0,1.0,0.5269999999999632,2.0,-1.0
6,3,3,0.5,10.0,Nres_mean_l2.0,1.0,1.0458571428569705,2.0,-1.0
6,3,3,0.5,10.0,fres_l1.0,1.0,0.1171111111111237,2.0,-1.0
6,3,3,0.5,10.0,fres_l2.0,1.0,0.2324126984127051,2.0,-1.0
6,4,3,0.6666666666666666,10.0,onsite_pair_density,6.0,0.46501430749562,2.0,4.0
6,4,3,0.6666666666666666,10.0,onsite_pair_variance,1.0,2.197969424692662,2.0,-1.0
6,4,3,0.6666666666666666,10.0,charge_fluctuation,1.0,0.27782844094656783,2.0,-1.0
6,4,3,0.6666666666666666,10.0,fock_entropy_normalized,1.0,0.420864210216302,2.0,-1.0
6,4,3,0.6666666666666666,10.0,pr_normalized,1.0,0.049705791102698994,2.0,-1.0
6,4,3,0.6666666666666666,10.0,Nres_mean_l1.0,1.0,0.6977000000001558,2.0,-1.0
6,4,3,0.6666666666666666,10.0,Nres_mean_l2.0,1.0,1.3884333333332108,2.0,-1.0
6,4,3,0.6666666666666666,10.0,fres_l1.0,1.0,0.1292037037036942,2.0,-1.0
6,4,3,0.6666666666666666,10.0,fres_l2.0,1.0,0.2571172839506068,2.0,-1.0
6,5,3,0.8333333333333334,10.0,onsite_pair_density,10.0,0.738437795655314,2.0,8.0
6,5,3,0.8333333333333334,10.0,onsite_pair_variance,1.0,2.944327386850846,2.0,-1.0
6,5,3,0.8333333333333334,10.0,charge_fluctuation,2.0,0.3567420180453954,2.0,0.0
6,5,3,0.8333333333333334,10.0,fock_entropy_normalized,1.0,0.444063548073502,2.0,-1.0
6,5,3,0.8333333333333334,10.0,pr_normalized,1.0,0.0397874935166166,2.0,-1.0
6,5,3,0.8333333333333334,10.0,Nres_mean_l1.0,1.0,0.8219259259260525,2.0,-1.0
6,5,3,0.8333333333333334,10.0,Nres_mean_l2.0,1.0,1.6159999999999763,2.0,-1.0
6,5,3,0.8333333333333334,10.0,fres_l1.0,1.0,0.13449696969695357,2.0,-1.0
6,5,3,0.8333333333333334,10.0,fres_l2.0,1.0,0.2644363636363654,2.0,-1.0
6,6,3,1.0,10.0,onsite_pair_density,10.0,1.026844694080542,2.0,8.0
6,6,3,1.0,10.0,onsite_pair_variance,1.0,3.6144052262973,2.0,-1.0
6,6,3,1.0,10.0,charge_fluctuation,1.0,0.4363295344140064,2.0,-1.0
6,6,3,1.0,10.0,fock_entropy_normalized,1.0,0.46897371605996,2.0,-1.0
6,6,3,1.0,10.0,pr_normalized,1.0,0.03591515571265192,2.0,-1.0
6,6,3,1.0,10.0,Nres_mean_l1.0,1.0,0.957285714285632,2.0,-1.0
6,6,3,1.0,10.0,Nres_mean_l2.0,1.0,1.86958333333331,2.0,-1.0
6,6,3,1.0,10.0,fres_l1.0,1.0,0.14410752688171,2.0,-1.0
6,6,3,1.0,10.0,fres_l2.0,1.0,0.2814426523297396,2.0,-1.0
6,7,3,1.1666666666666667,10.0,onsite_pair_density,10.0,1.30603258007576,2.0,8.0
6,7,3,1.1666666666666667,10.0,onsite_pair_variance,1.0,4.1155519795392,2.0,-1.0
6,7,3,1.1666666666666667,10.0,charge_fluctuation,1.0,0.5169926865534881,2.0,-1.0
6,7,3,1.1666666666666667,10.0,fock_entropy_normalized,1.0,0.503003723283906,2.0,-1.0
6,7,3,1.1666666666666667,10.0,pr_normalized,1.0,0.037840018173400845,2.0,-1.0
6,7,3,1.1666666666666667,10.0,Nres_mean_l1.0,1.0,1.0983333333332759,2.0,-1.0
6,7,3,1.1666666666666667,10.0,Nres_mean_l2.0,1.0,2.125578947368086,2.0,-1.0
6,7,3,1.1666666666666667,10.0,fres_l1.0,1.0,0.1563171036204618,2.0,-1.0
6,7,3,1.1666666666666667,10.0,fres_l2.0,1.0,0.3025168539326096,2.0,-1.0
6,8,3,1.3333333333333333,10.0,onsite_pair_density,10.0,1.6086237207502199,2.0,8.0
6,8,3,1.3333333333333333,10.0,onsite_pair_variance,1.0,4.4717824911438,2.0,-1.0
6,8,3,1.3333333333333333,10.0,charge_fluctuation,1.0,0.581968507903624,2.0,-1.0
6,8,3,1.3333333333333333,10.0,fock_entropy_normalized,1.0,0.532731392107318,2.0,-1.0
6,8,3,1.3333333333333333,10.0,pr_normalized,1.0,0.041067663182736525,2.0,-1.0
6,8,3,1.3333333333333333,10.0,Nres_mean_l1.0,1.0,1.2061978021977298,2.0,-1.0
6,8,3,1.3333333333333333,10.0,Nres_mean_l2.0,1.0,2.340190476190254,2.0,-1.0
6,8,3,1.3333333333333333,10.0,fres_l1.0,1.0,0.16630909090908183,2.0,-1.0
6,8,3,1.3333333333333333,10.0,fres_l2.0,1.0,0.32266262626258085,2.0,-1.0
6,9,3,1.5,10.0,onsite_pair_density,10.0,1.9381973600201199,2.0,8.0
6,9,3,1.5,10.0,onsite_pair_variance,1.0,4.56011123617508,2.0,-1.0
6,9,3,1.5,10.0,charge_fluctuation,2.0,0.6362429715171181,2.0,0.0
6,9,3,1.5,10.0,fock_entropy_normalized,2.0,0.54710036408969,2.0,0.0
6,9,3,1.5,10.0,pr_normalized,1.0,0.04018902241319288,2.0,-1.0
6,9,3,1.5,10.0,Nres_mean_l1.0,1.0,1.212055172414186,2.0,-1.0
6,9,3,1.5,10.0,Nres_mean_l2.0,1.0,2.321965517241296,2.0,-1.0
6,9,3,1.5,10.0,fres_l1.0,1.0,0.1654877589454432,2.0,-1.0
6,9,3,1.5,10.0,fres_l2.0,1.0,0.3170291902071586,2.0,-1.0
